binominal,F00679,F00727,F00709,state
Larix_gmelinii,0.319411521,32.21156759,0.354285812,EcM
Larix_gmelinii,0.411555154,25.48081456,0.294285888,EcM
Larix_gmelinii,0.527621438,12.98082783,0.382857305,EcM
Larix_gmelinii,0.84697486,6.250067303,0.334285916,EcM
Larix_gmelinii,0.307450074,34.61541372,0.382857239,EcM
Larix_gmelinii,0.459400935,26.4423527,0.260000183,EcM
Larix_gmelinii,0.527621438,14.42313478,0.351428751,EcM
Larix_gmelinii,0.799129096,6.250067376,0.345714481,EcM
Larix_gmelinii,0.379218759,43.7500273,0.345714387,EcM
Larix_gmelinii,0.411497927,27.8846599,0.26857161,EcM
Larix_gmelinii,0.503698552,18.26928688,0.282857356,EcM
Larix_gmelinii,0.631668919,8.653912187,0.360000186,EcM
Larix_gmelinii,0.312500734,25.96156839,0.457142937,EcM
Larix_gmelinii,0.408655025,22.59620012,0.314285882,EcM
Larix_gmelinii,0.673078215,11.05775162,0.30857163,EcM
Larix_gmelinii,0.300481504,36.05772058,0.365714384,EcM
Larix_gmelinii,0.420674258,24.03850734,0.308571598,EcM
Larix_gmelinii,0.576924416,13.46159674,0.385714446,EcM
Larix_gmelinii,0.961539664,5.288529416,0.348571622,EcM
Larix_gmelinii,0.372596883,34.61541341,0.248571538,EcM
Larix_gmelinii,0.456731935,24.03850717,0.322857308,EcM
Larix_gmelinii,0.576924416,12.98082772,0.411428716,EcM
Larix_gmelinii,0.817308989,5.288529416,0.53428577,EcM
Fraxinus_mandshurica,0.288462332,78.84616942,0.231205778,AM
Fraxinus_mandshurica,0.384616595,41.82696206,0.27659592,AM
Fraxinus_mandshurica,0.480770625,16.82697985,0.347517911,AM
Fraxinus_mandshurica,0.853366661,5.288529416,0.40992923,AM
Fraxinus_mandshurica,0.240385404,112.0192212,0.211347626,AM
Fraxinus_mandshurica,0.324520463,50.96157318,0.268085284,AM
Fraxinus_mandshurica,0.396636048,27.40389783,0.293617228,AM
Fraxinus_mandshurica,0.673078313,9.615450202,0.313475391,AM
Fraxinus_mandshurica,0.336539251,103.3653818,0.16595756,AM
Fraxinus_mandshurica,0.3846166,50.00003529,0.174468282,AM
Fraxinus_mandshurica,0.456732175,25.96159087,0.228369027,AM
Fraxinus_mandshurica,0.637020643,12.01929505,0.282269736,AM
Fraxinus_mandshurica,0.279845895,74.03847952,0.257142966,AM
Fraxinus_mandshurica,0.367677155,41.34619315,0.262857323,AM
Fraxinus_mandshurica,0.515545115,20.67313182,0.248571655,AM
Fraxinus_mandshurica,0.939906454,5.769298397,0.34285734,AM
Fraxinus_mandshurica,0.255865785,99.51923123,0.234285824,AM
Fraxinus_mandshurica,0.343639256,48.07695931,0.240000186,AM
Fraxinus_mandshurica,0.419451321,26.92312884,0.288571638,AM
Fraxinus_mandshurica,0.699527549,10.09621917,0.340000199,AM
Fraxinus_mandshurica,0.339940655,103.3653818,0.17714297,AM
Fraxinus_mandshurica,0.379638316,49.0384973,0.188571626,AM
Fraxinus_mandshurica,0.455450378,25.48082188,0.228571663,AM
Fraxinus_mandshurica,0.663470713,10.09621911,0.325714493,AM
Populus_trichocarpa,0.142950958,447.1676483,0.169293748,EcMAM
Populus_trichocarpa,0.249629861,166.3883738,0.160036267,EcMAM
Populus_trichocarpa,0.425085405,60.72367949,0.171350501,EcMAM
Populus_trichocarpa,0.687416829,30.72576706,0.191317882,EcMAM
Populus_tremula,0.175513092,330.4245883,0.169293748,EcMAM
Populus_tremula,0.285828203,116.6644755,0.160040952,EcMAM
Populus_tremula,0.671250422,32.61887061,0.210310782,EcMAM
Populus_tremula,0.832210126,19.91622632,0.231360389,EcMAM
Populus_tremula,0.184985288,328.5961384,0.149140971,EcMAM
Populus_tremula,0.302703334,107.7752313,0.139519044,EcMAM
Populus_tremula,0.706306847,19.48772867,0.220103199,EcMAM
Populus_tremula,0.168168468,328.6006754,0.199656428,EcMAM
Populus_tremula,0.2564571,121.3338579,0.209278457,EcMAM
Populus_tremula,0.596997607,40.57186583,0.188831744,EcMAM
Populus_tremula,0.596997639,21.56533105,0.239347172,EcMAM
Populus_trichocarpa,0.142943921,321.8236924,0.224914195,EcMAM
Populus_trichocarpa,0.21861957,125.098967,0.223711447,EcMAM
Populus_trichocarpa,0.36997082,39.81892633,0.236941677,EcMAM
Populus_trichocarpa,0.777778305,13.28232119,0.251374655,EcMAM
Populus_trichocarpa,0.155556526,213.3910262,0.223711447,EcMAM
Populus_trichocarpa,0.29429519,69.38115803,0.184020758,EcMAM
Populus_trichocarpa,0.491892647,29.28139728,0.210481218,EcMAM
Populus_trichocarpa,0.479280049,26.83640484,0.251374655,EcMAM
Cinnamomum_micranthum,0.502558049,24.15001231,0.209434432,AM
Cinnamomum_micranthum,0.562764665,11.99489896,0.348336379,AM
Cinnamomum_micranthum,0.562552877,7.692079464,0.533884493,AM
Cinnamomum_micranthum,0.622759498,2.056493367,1.800766592,AM
Cinnamomum_micranthum,0.703197355,1.901216367,1.800225869,AM
Magnolia_odora,0.500990744,24.40570955,0.206190315,AM
Magnolia_odora,0.530988131,14.76963063,0.310254128,AM
Magnolia_odora,0.591237072,9.133495914,0.379479792,AM
Magnolia_odora,0.606108665,5.867698708,0.716143239,AM
Magnolia_odora,0.973893863,1.416184152,1.180711658,AM
Cinnamomum_chekiangense,0.499444455,23.18048968,0.2145286,AM
Cinnamomum_chekiangense,0.589923741,13.84070458,0.26049876,AM
Cinnamomum_chekiangense,0.680424198,5.241100353,0.539023487,AM
Cinnamomum_chekiangense,0.881846988,1.53031632,1.073358183,AM
Cinnamomum_chekiangense,0.937053946,0.78245377,2.165823557,AM
Castanopsis_fabri,0.351639867,31.73235624,0.443883599,EcM
Castanopsis_fabri,0.553083858,7.874262172,0.536319559,EcM
Castanopsis_fabri,0.557850391,3.275150687,1.198559153,EcM
Castanopsis_fabri,0.759273167,1.490265554,1.581688192,EcM
Castanopsis_fabri,0.950612073,0.742951452,1.685887028,EcM
Liquidambar_gracilipes,0.445911212,13.02535614,0.53357049,AM
Liquidambar_gracilipes,0.617061255,5.167032383,0.637724282,AM
Liquidambar_gracilipes,0.727729377,2.196978941,1.125547923,AM
Liquidambar_gracilipes,0.818229798,1.302067383,1.334306144,AM
Liquidambar_gracilipes,0.974275225,0.850496607,1.508226251,AM
Castanopsis_carlesii,0.363672792,25.87400525,0.402465724,EcM
Castanopsis_carlesii,0.539885935,11.05227157,0.425180362,EcM
Castanopsis_carlesii,0.680805599,4.082824416,0.668821769,EcM
Castanopsis_carlesii,0.725928702,2.150341973,1.075251301,EcM
Liquidambar_obovata,0.309778103,50.32260667,0.158620886,AM
Liquidambar_obovata,0.333922438,36.77423723,0.255172714,AM
Liquidambar_obovata,0.391670589,20.32263953,0.344827906,AM
Liquidambar_obovata,0.500106945,9.677490376,0.268965905,AM
Liquidambar_obovata,0.641864778,5.80653025,0.255172828,AM
Elaeocarpus_sylvestris,0.230710953,96.7742137,0.324138331,AM
Elaeocarpus_sylvestris,0.254854958,48.38715702,0.393103793,AM
Elaeocarpus_sylvestris,0.279281347,30.96781639,0.544827806,AM
Elaeocarpus_sylvestris,0.286623386,26.1291108,0.551724352,AM
Elaeocarpus_sylvestris,0.310767387,15.48395824,0.648275995,AM
Endospermum_chinense,0.493753478,50.32263988,0.137931592,AM
Endospermum_chinense,0.551501403,30.96781719,0.200000508,AM
Endospermum_chinense,0.642570868,22.25814702,0.248276331,AM
Endospermum_chinense,0.817932531,15.48395912,0.262069424,AM
Aristotelia_serrata,0.31,23.8,0.55,AM
Ascarina_lucida,0.53,22.2,0.2,AM
Asplenium_bulbiferum,0.43,31.8,0.2,NMAM
Astelia_fragrans,0.94,12.9,0.09,AM
Astelia_nervosa,0.95,14.5,0.09,AM
Blechnum_lanceolatum,0.41,32.4,0.21,AM
Blechnum_discolor,0.36,26.3,0.3,AM
Blechnum_fluviatilis,0.31,42.9,0.29,AM
Blechnum_novae-zelandiae,0.33,28.0,0.38,AM
Blechnum_procerum,0.27,31.1,0.53,AM
Carpodetus_serratus,0.44,35.1,0.17,AM
Coprosma_ciliata,0.2,91.5,0.34,AM
Coprosma_foetidissima,0.37,44.5,0.21,AM
Coprosma_lucida,0.45,26.0,0.23,AM
Coprosma_rhamnoides,0.2,158.3,0.2,AM
Coriaria_arborea,0.31,27.4,0.46,AM
Cyathea_smithii,0.31,30.1,0.4,AM
Dacrydium_cupressinum,0.49,11.3,0.24,AM
Dicksonia_squarrosa,0.36,25.8,0.35,AM
Gahnia_procera,0.32,58.7,0.19,NMAM
Gahnia_xanthocarpa,0.46,45.6,0.1,NMAM
Hedycarya_arborea,1.0,9.9,0.12,AM
Lepidothamnus_intermedius,0.29,21.5,0.37,AM
Leptecophylla_juniperina,0.1,128.2,0.71,ErM
Leptospermum_scoparium,0.21,91.3,0.3,EcMAM
Lycopodium_volubile,0.44,55.5,0.1,AM
Manoao_colensoi,0.47,18.9,0.19,AM
Melicytus_ramiflorus,0.34,29.0,0.36,AM
Metrosideros_diffusa,0.17,84.7,0.5,AM
Metrosideros_fulgens,0.19,76.5,0.46,AM
Metrosideros_umbellata,0.31,21.5,0.47,AM
Myrsine_australis,0.39,23.6,0.34,AM
Myrsine_divaricata,0.48,22.9,0.23,AM
Neomyrtus_pedunculata,0.21,42.3,0.68,AM
Olearia_avicenniaefolia,0.48,19.8,0.27,AM
Phyllocladus_trichomanoides,0.36,19.1,0.37,AM
Podocarpus_laetus,0.61,10.3,0.18,AM
Polystichum_chilense,0.3,43.7,0.29,AM
Pectinopitys_ferruginea,0.69,5.9,0.18,AM
Neopanax_colensoi,0.44,22.3,0.28,AM
Pseudopanax_crassifolius,0.66,14.1,0.2,AM
Pseudowintera_colorata,0.98,6.2,0.2,AM
Quintinia_serrata,0.27,33.7,0.5,AM
Raukaua_simplex,0.36,31.8,0.3,AM
Schefflera_digita,0.33,50.3,0.21,AM
Sticherus_cunninghamii,0.29,16.8,0.84,AM
Pterophylla_racemosa,0.23,41.5,0.54,AM
Vaccinium_corymbosum,0.051033175,840.0962914,0.255397728,ErM
Vaccinium_corymbosum,0.068998594,357.2336292,0.251839764,ErM
Vaccinium_corymbosum,0.085477801,253.5572278,0.390526698,ErM
Vaccinium_corymbosum,0.101348916,61.26061459,0.422185644,ErM
Vaccinium_corymbosum,0.140045729,25.14546165,0.497202113,ErM
Tristaniopsis_elliptica,0.291,43.351,0.394,EcMAM
Tristaniopsis_elliptica,0.29,38.408,0.406,EcMAM
Tristaniopsis_elliptica,0.294,53.708,0.307,EcMAM
Tristaniopsis_elliptica,0.314,30.238,0.448,EcMAM
Agathis_kinabaluensis,0.756,11.135,0.207,AM
Agathis_kinabaluensis,0.676,12.471,0.229,AM
Agathis_kinabaluensis,0.704,12.385,0.209,AM
Agathis_kinabaluensis,0.845,9.319,0.2,AM
Xanthophyllum_tenue,0.428,23.887,0.307,AM
Xanthophyllum_tenue,0.535,25.28,0.176,AM
Xanthophyllum_tenue,0.376,26.112,0.35,AM
Xanthophyllum_tenue,0.404,25.638,0.312,AM
Pterophylla_faxinea,0.23,81.792,0.327,AM
Pterophylla_faxinea,0.218,86.12,0.347,AM
Pterophylla_faxinea,0.229,75.132,0.364,AM
Pterophylla_faxinea,0.253,72.969,0.295,AM
Podocarpus_gibbsii,0.648,12.427,0.313,AM
Podocarpus_gibbsii,0.572,15.388,0.259,AM
Podocarpus_gibbsii,0.567,19.56,0.244,AM
Podocarpus_gibbsii,0.725,11.513,0.223,AM
Dacrydium_pectinatum,0.508,16.488,0.303,AM
Dacrydium_pectinatum,0.539,14.083,0.317,AM
Dacrydium_pectinatum,0.614,14.675,0.238,AM
Dacrydium_pectinatum,0.577,14.605,0.271,AM
Quercus_lowii,0.361,32.652,0.342,EcM
Quercus_lowii,0.384,30.293,0.339,EcM
Quercus_lowii,0.326,36.857,0.362,EcM
Quercus_lowii,0.397,24.094,0.366,EcM
Syzygium_subdecussatum,0.676,9.418,0.3,AM
Syzygium_subdecussatum,0.721,9.579,0.262,AM
Syzygium_subdecussatum,0.617,14.522,0.239,AM
Syzygium_subdecussatum,0.603,12.964,0.272,AM
Tetractomia_tetrandra,0.466,47.526,0.126,AM
Tetractomia_tetrandra,0.557,29.541,0.148,AM
Tetractomia_tetrandra,0.488,33.0,0.164,AM
Tetractomia_tetrandra,0.502,41.828,0.126,AM
Syzygium_castaneum,0.344,41.019,0.264,AM
Syzygium_castaneum,0.402,37.122,0.216,AM
Syzygium_castaneum,0.436,30.672,0.24,AM
Syzygium_castaneum,0.436,25.462,0.267,AM
Lithocarpus_rigidus,0.513,11.985,0.416,EcM
Lithocarpus_rigidus,0.431,27.244,0.291,EcM
Lithocarpus_rigidus,0.503,16.357,0.344,EcM
Lithocarpus_rigidus,0.79,5.892,0.38,EcM
Dacrycarpus_imbricatus,0.492,20.053,0.285,AM
Dacrycarpus_imbricatus,0.438,23.35,0.296,AM
Dacrycarpus_imbricatus,0.479,20.598,0.273,AM
Dacrycarpus_imbricatus,0.431,33.671,0.204,AM
Phyllocladus_hypophyllus,0.589,25.929,0.147,AM
Phyllocladus_hypophyllus,0.636,16.593,0.199,AM
Phyllocladus_hypophyllus,0.532,21.069,0.225,AM
Phyllocladus_hypophyllus,0.544,23.743,0.19,AM
Dacrydium_gracile,0.698,8.78,0.307,AM
Dacrydium_gracile,0.434,22.916,0.302,AM
Dacrydium_gracile,0.542,14.924,0.3,AM
Dacrydium_gracile,0.527,17.692,0.311,AM
Dacrydium_gracile,0.537,23.326,0.217,AM
Tristaniopsis_obovata,0.342,33.908,0.384,EcMAM
Tristaniopsis_obovata,0.283,48.393,0.369,EcMAM
Tristaniopsis_obovata,0.288,47.696,0.343,EcMAM
Tristaniopsis_obovata,0.348,34.521,0.325,EcMAM
Payena_microphylla,0.931,5.797,0.26,AM
Payena_microphylla,0.759,9.551,0.239,AM
Payena_microphylla,0.765,9.125,0.242,AM
Payena_microphylla,0.789,9.589,0.22,AM
Lithocarpus_clementianus,0.442,18.603,0.357,EcM
Lithocarpus_clementianus,0.365,30.847,0.353,EcM
Lithocarpus_clementianus,0.35,47.555,0.22,EcM
Lithocarpus_clementianus,0.556,21.087,0.238,EcM
Syzygium_pachysepalum,0.6,12.239,0.317,AM
Syzygium_pachysepalum,0.496,19.879,0.263,AM
Syzygium_pachysepalum,0.517,18.248,0.267,AM
Dacrycarpus_imbricatus,0.522,18.785,0.25,AM
Dacrycarpus_imbricatus,0.497,21.999,0.237,AM
Dacrycarpus_imbricatus,0.571,17.947,0.221,AM
Dacrycarpus_imbricatus,0.587,15.382,0.245,AM
Tristaniopsis_obovata,0.324,34.016,0.426,EcMAM
Tristaniopsis_obovata,0.302,38.055,0.551,EcMAM
Tristaniopsis_obovata,0.332,31.304,0.452,EcMAM
Tristaniopsis_obovata,0.281,52.08,0.331,EcMAM
Syzygium_napiforme,0.545,15.576,0.31,AM
Syzygium_napiforme,0.416,34.572,0.214,AM
Syzygium_napiforme,0.438,26.535,0.274,AM
Syzygium_napiforme,0.454,25.172,0.315,AM
Syzygium_kunstleri,0.405,28.192,0.289,AM
Syzygium_kunstleri,0.423,26.516,0.288,AM
Syzygium_kunstleri,0.473,26.502,0.222,AM
Syzygium_kunstleri,0.698,17.892,0.154,AM
Lithocarpus_lampadarius,0.568,14.723,0.298,EcM
Lithocarpus_lampadarius,0.778,9.435,0.287,EcM
Lithocarpus_lampadarius,0.447,21.39,0.367,EcM
Lithocarpus_lampadarius,0.393,25.759,0.358,EcM
Phyllocladus_hypophyllus,0.668,18.898,0.161,AM
Phyllocladus_hypophyllus,0.564,15.185,0.271,AM
Phyllocladus_hypophyllus,0.536,19.99,0.227,AM
Phyllocladus_hypophyllus,0.621,16.322,0.215,AM
Syzygium_castaneum,0.462,31.94,0.209,AM
Syzygium_castaneum,0.548,20.37,0.225,AM
Syzygium_castaneum,0.41,38.264,0.215,AM
Syzygium_castaneum,0.414,32.89,0.229,AM
Madhuca_endertii,0.84,7.244,0.266,AM
Madhuca_endertii,0.829,7.707,0.274,AM
Madhuca_endertii,0.637,10.248,0.315,AM
Madhuca_endertii,0.88,10.88,0.159,AM
Lithocarpus_confertus,0.517,16.522,0.294,EcM
Lithocarpus_confertus,0.487,20.127,0.343,EcM
Lithocarpus_confertus,0.419,37.012,0.316,EcM
Lithocarpus_confertus,0.436,22.361,0.349,EcM
Lithocarpus_confertus,0.711,6.384,0.443,EcM
Syzygium_castaneum,0.447,21.883,0.296,AM
Syzygium_castaneum,0.716,8.754,0.316,AM
Syzygium_castaneum,0.708,8.494,0.307,AM
Syzygium_pachysepalum,0.519,16.333,0.298,AM
Syzygium_pachysepalum,0.427,22.892,0.322,AM
Syzygium_pachysepalum,0.417,27.134,0.283,AM
Ternstroemia_coriacea,0.679,10.655,0.281,AM
Ternstroemia_coriacea,0.714,8.4,0.306,AM
Ternstroemia_coriacea,0.852,5.516,0.324,AM
Ternstroemia_coriacea,0.791,11.21,0.187,AM
Lithocarpus_lampadarius,0.384,30.871,0.305,EcM
Lithocarpus_lampadarius,0.448,27.481,0.242,EcM
Lithocarpus_lampadarius,0.551,11.191,0.416,EcM
Lithocarpus_lampadarius,0.457,17.597,0.354,EcM
Magnolia_carsonii,0.743,15.13,0.158,AM
Magnolia_carsonii,0.889,10.444,0.164,AM
Magnolia_carsonii,0.861,12.249,0.169,AM
Magnolia_carsonii,0.909,11.892,0.131,AM
Cinnamomum_iners,0.861,9.311,0.195,AM
Cinnamomum_iners,0.83,8.262,0.23,AM
Cinnamomum_iners,0.758,13.735,0.163,AM
Cinnamomum_iners,0.882,9.375,0.183,AM
Cinnamomum_iners,0.931,9.863,0.154,AM
Syzygium_napiforme,0.367,30.351,0.324,AM
Syzygium_napiforme,0.366,22.548,0.425,AM
Syzygium_napiforme,0.386,26.863,0.372,AM
Syzygium_napiforme,0.427,25.91,0.31,AM
Syzygium_kunstleri,0.646,15.167,0.214,AM
Syzygium_kunstleri,0.722,12.426,0.224,AM
Syzygium_kunstleri,0.53,18.422,0.273,AM
Syzygium_kunstleri,0.43,27.647,0.256,AM
Fraxinus_excelsior,0.482,13.536,0.341,AM
Acer_pseudoplatanus,0.317,28.038,0.454,AM
Acer_platanoides,0.436,15.313,0.556,AM
Carpinus_betulus,0.374,21.994,0.493,EcM
Tilia_cordata,0.468,10.911,0.606,EcM
Fagus_sylvatica,0.411,29.24,0.62,EcM
Fraxinus_excelsior,0.524,10.921,0.371,AM
Acer_pseudoplatanus,0.318,34.769,0.509,AM
Acer_platanoides,0.394,18.612,0.493,AM
Carpinus_betulus,0.363,17.615,0.514,EcM
Tilia_cordata,0.567,7.455,0.563,EcM
Fagus_sylvatica,0.46,12.522,0.487,EcM
Fraxinus_excelsior,0.587,10.894,0.378,AM
Acer_pseudoplatanus,0.363,19.472,0.54,AM
Acer_platanoides,0.476,22.831,0.462,AM
Carpinus_betulus,0.511,11.587,0.46,EcM
Tilia_cordata,0.652,7.436,0.478,EcM
Fagus_sylvatica,0.459,12.797,0.536,EcM
Fraxinus_excelsior,0.531,11.717,0.34,AM
Acer_pseudoplatanus,0.333,22.394,0.491,AM
Acer_platanoides,0.416,13.939,0.576,AM
Carpinus_betulus,0.416,14.967,0.488,EcM
Tilia_cordata,0.562,7.614,0.525,EcM
Fagus_sylvatica,0.459,12.292,0.521,EcM
Fraxinus_excelsior,0.373682861,32.82298012,0.370786634,AM
Fraxinus_excelsior,0.477964146,16.41151438,0.286517078,AM
Fraxinus_excelsior,0.704766949,6.028750949,0.320224944,AM
Acer_pseudoplatanus,0.266508286,62.63158463,0.380898991,AM
Acer_pseudoplatanus,0.301891675,23.11007683,0.596629217,AM
Acer_pseudoplatanus,0.398554037,19.42587374,0.52584276,AM
Acer_pseudoplatanus,0.502834976,14.06702815,0.529213544,AM
Acer_platanoides,0.3277509,29.80862631,0.468539413,AM
Acer_platanoides,0.416721549,19.0909394,0.529213543,AM
Acer_platanoides,0.589937111,10.04788792,0.502247274,AM
Carpinus_betulus,0.266508286,41.19618489,0.458427058,EcM
Carpinus_betulus,0.347823625,21.43543625,0.50898884,EcM
Carpinus_betulus,0.704766949,11.38760022,0.448314734,EcM
Tilia_cordata,0.312476868,33.15790831,0.562921379,EcM
Tilia_cordata,0.50093012,11.05266418,0.559550597,EcM
Tilia_cordata,0.612903079,5.358894776,0.633707838,EcM
Tilia_cordata,0.793737204,3.349331086,0.589887651,EcM
Acer_saccharum,0.344,60.677714,0.086,AM
Acer_saccharum,0.36775,24.0524132,0.14,AM
Acer_saccharum,0.919125,5.16350841,0.31,AM
Aesculus_hippocastanum,0.45175,19.4551804,0.16,AM
Aesculus_hippocastanum,0.48,9.92951525,0.24,AM
Aesculus_parviflora,0.3575,43.1980697,0.104,AM
Aesculus_parviflora,0.5805,19.6526146,0.19,AM
Aesculus_parviflora,0.8677,6.90754736,0.26,AM
Asimina_triloba,0.87266667,13.5497083,0.167,AM
Asimina_triloba,0.867,10.5947483,0.16,AM
Catalpa_bignonioides,0.424,37.2625294,0.111,AM
Catalpa_bignonioides,0.5875,18.1318374,0.13,AM
Cercidiphyllum_japonicum,0.368,27.3518018,0.16,AM
Cercidiphyllum_japonicum,0.4915,13.9390737,0.21,AM
Chionanthus_virginicus,0.71025,13.8829073,0.164,AM
Chionanthus_virginicus,0.88025,8.33126731,0.18,AM
Cornus_florida,0.49175,39.0481292,0.121,AM
Cornus_florida,0.56075,25.2355661,0.16,AM
Cornus_florida,0.92205,5.04244393,0.33,AM
Diospyros_virginiana,0.67,24.3812773,0.124,AM
Diospyros_virginiana,0.70125,17.1234128,0.14,AM
Fraxinus_americana,0.3215,38.9314865,0.14,AM
Fraxinus_americana,0.4355,22.9596276,0.2,AM
Fraxinus_americana,0.958525,3.76041029,0.37,AM
Gleditsia_triacanthos,0.578,20.1666095,0.134,AM
Gleditsia_triacanthos,0.60225,17.2102884,0.16,AM
Gleditsia_triacanthos,0.942475,5.28487033,0.32,AM
Halesia_tetraptera,0.35533333,50.5249308,0.094,AM
Halesia_tetraptera,0.339,30.3836575,0.12,AM
Hamamelis_virginiana,0.48775,24.2948197,0.189,AM
Hamamelis_virginiana,0.547,14.0447202,0.23,AM
Hamamelis_virginiana,0.994275,4.43548109,0.34,AM
Ilex_opaca,0.34875,44.4679349,0.107,AM
Ilex_opaca,0.42,27.618029,0.15,AM
Ilex_opaca,0.951425,5.98872043,0.28,AM
Juglans_nigra,0.437,31.2309868,0.149,AM
Juglans_nigra,0.6945,16.8775084,0.22,AM
Juglans_nigra,0.97633333,3.87791837,0.36,AM
Koelreuteria_paniculata,0.3545,97.5361959,0.062,AM
Koelreuteria_paniculata,0.4905,46.9973275,0.11,AM
Koelreuteria_paniculata,0.76025,8.74518973,0.26,AM
Liquidambar_styraciflua,0.4775,31.7217945,0.148,AM
Liquidambar_styraciflua,0.63375,16.1321561,0.22,AM
Liriodendron_tulipifera,0.85275,15.188097,0.129,AM
Liriodendron_tulipifera,0.88925,10.3484184,0.14,AM
Magnolia_acuminata,0.98275,12.3825956,0.141,AM
Magnolia_acuminata,0.98975,7.85999453,0.16,AM
Magnolia_denudata,0.8045,20.901448,0.111,AM
Magnolia_denudata,0.921,11.3550067,0.13,AM
Magnolia_kobus,0.6415,27.3247642,0.122,AM
Magnolia_kobus,0.629,14.3872627,0.17,AM
Magnolia_stellata,0.7315,31.1656067,0.096,AM
Magnolia_stellata,0.8025,18.3152215,0.11,AM
Magnolia_tripetala,0.82925,17.9964774,0.135,AM
Nyssa_sylvatica,0.87833333,13.5728051,0.157,AM
Platanus_occidentalis,0.48675,11.9773904,0.149,AM
Platanus_occidentalis,0.416,23.9296969,0.15,AM
Populus_deltoides,0.3375,87.255293,0.066,EcMAM
Populus_deltoides,0.3515,48.6303719,0.11,EcMAM
Populus_deltoides,0.8828,8.11398603,0.21,EcMAM
Prunus_sargentii,0.275,81.442106,0.103,AM
Prunus_sargentii,0.38333333,32.0852742,0.18,AM
Prunus_sargentii,0.92816667,5.20550406,0.31,AM
Sassafras_albidum,0.89225,20.51455,0.103,NMAM
Sassafras_albidum,0.9315,12.2043283,0.11,NMAM
Styphnolobium_japonicum,0.4815,36.8176184,0.154,AM
Styphnolobium_japonicum,0.742,20.964799,0.18,AM
Syringa_reticulata,0.303,89.918499,0.078,AM
Syringa_reticulata,0.29525,40.9993643,0.1,AM
Ulmus_americana,0.243,71.7696306,0.077,AM
Ulmus_americana,0.3765,35.7175125,0.17,AM
Ulmus_americana,0.856525,6.69449182,0.31,AM
Acer_fabri,0.18,208.6,0.19,AM
Schima_superba,0.19,179.6,0.22,AM
Choerospondias_axillaris,0.23,97.3,0.25,AM
Acer_coriaceifolium,0.24,130.4,0.18,AM
Liquidambar_formosana,0.24,97.4,0.23,AM
Elaeocarpus_glabripetalus,0.28,76.7,0.22,AM
Alniphyllum_fortunei,0.29,85.7,0.19,AM
Cinnamomum_parthenoxylon,0.31,74.9,0.2,AM
Cinnamomum_austro-sinensis,0.37,45.8,0.21,AM
Machilus_oculodracontis,0.47,27.7,0.22,AM
Magnolia_yuyuanensis,0.51,35.8,0.14,AM
Neolitsea_phanerophlebia,0.52,36.8,0.14,AM
Cunninghamia_lanceolata,0.59,19.2,0.19,AM
Taxus_chinensis,0.79,15.4,0.15,AM
Acer_fabri,0.19,171.9,0.21,AM
Schima_superba,0.24,102.4,0.23,AM
Choerospondias_axillaris,0.27,77.2,0.24,AM
Acer_coriaceifolium,0.28,84.9,0.2,AM
Liquidambar_formosana,0.28,81.5,0.2,AM
Elaeocarpus_glabripetalus,0.33,60.5,0.21,AM
Alniphyllum_fortunei,0.33,61.8,0.19,AM
Cinnamomum_parthenoxylon,0.36,58.4,0.18,AM
Cinnamomum_austro-sinensis,0.46,31.4,0.21,AM
Machilus_oculodracontis,0.56,18.7,0.25,AM
Magnolia_yuyuanensis,0.64,24.6,0.13,AM
Neolitsea_phanerophlebia,0.59,26.6,0.15,AM
Cunninghamia_lanceolata,0.68,15.8,0.17,AM
Taxus_chinensis,0.94,8.5,0.18,AM
Acer_fabri,0.22,120.6,0.23,AM
Schima_superba,0.3,65.6,0.22,AM
Choerospondias_axillaris,0.32,62.3,0.21,AM
Acer_coriaceifolium,0.38,50.0,0.19,AM
Liquidambar_formosana,0.39,37.1,0.25,AM
Elaeocarpus_glabripetalus,0.46,24.1,0.25,AM
Alniphyllum_fortunei,0.39,40.0,0.21,AM
Cinnamomum_parthenoxylon,0.5,34.0,0.18,AM
Cinnamomum_austro-sinensis,0.6,18.8,0.21,AM
Machilus_oculodracontis,0.7,11.3,0.46,AM
Magnolia_yuyuanensis,0.85,15.3,0.12,AM
Neolitsea_phanerophlebia,0.64,19.1,0.2,AM
Cunninghamia_lanceolata,0.82,11.4,0.17,AM
Magnolia_acuminata,0.73,17.5,0.15,AM
Liriodendron_tulipifera,0.67,18.9,0.15,AM
Juglans_nigra,0.41,40.7,0.19,AM
Fraxinus_americana,0.41,32.4,0.23,AM
Acer_rubrum,0.33,69.3,0.17,AM
Magnolia_acuminata,0.93,31.1,0.12,AM
Liriodendron_tulipifera,0.68,21.5,0.13,AM
Juglans_nigra,0.51,32.0,0.16,AM
Fraxinus_americana,0.45,31.0,0.21,AM
Acer_rubrum,0.33,63.2,0.19,AM
Ardisia_quinquegona,0.42,20.1,0.36,AM
Ardisia_quinquegona,0.53,18.2,0.24,AM
Ardisia_quinquegona,0.74,10.7,0.22,AM
Magnolia_macclurei,0.55537,17.04,0.24,AM
Magnolia_yunnanensis,0.72074,17.24,0.21,AM
Magnolia_lotungensis,0.69685,12.01,0.24,AM
Magnolia_balansae,0.58004,20.16,0.23,AM
Magnolia_odora,0.57602,13.82,0.24,AM
Magnolia_fulva,0.66407,19.39,0.23,AM
Magnolia_cavaleriei,0.74241,15.4,0.22,AM
Manglietia_paruicula,0.50389,21.82,0.19,AM
Magnolia_champaca,0.46352,19.9,0.29,AM
Magnolia_opipara,0.56288,12.67,0.19,AM
Magnolia_maudiae,0.56276,17.86,0.29,AM
Liriodendron_chinense,0.53111,19.09,0.19,AM
Magnolia_ernestii,0.66861,17.82,0.22,AM
Magnolia_grandiflora,0.57981,9.74,0.24,AM
Magnolia_baillonii,0.575,19.33,0.27,AM
Magnolia_dandyi,0.6237,17.69,0.13,AM
Magnolia_chapensis,0.5768,23.43,0.17,AM
Cryptocarya_chinensis,0.75796,4.93,0.31,AM
Machilus_velutina,0.45361,21.78,0.28,AM
Machilus_kwangtungensis,0.42593,32.3,0.3,AM
Litsea_cubeba,0.40593,39.99,0.42,AM
Cinnamomum_camphora,0.41574,35.41,0.27,AM
Litsea_verticillata,0.52339,15.59,0.35,AM
Cryptocarya_concinna,0.48475,18.16,0.37,AM
Machilus_robusta,0.47895,18.0,0.25,AM
Cinnamomum_micranthum,0.3063,18.17,0.32,AM
Neolitsea_cassia,0.53449,22.75,0.13,AM
Litsea_baviensis,0.70594,13.02,0.13,AM
Cinnamomum_parthenoxylon,0.44185,14.68,0.28,AM
Ocotea_lancifolia,0.35796,30.07,0.44,AM
Orophea_creaghii,0.39934,45.31,0.39,AM
Helicia_formosana,0.18426,97.81,0.72,NM
Syzygium_hancei,0.14568,100.3,0.34,AM
Syzygium_levinei,0.1187,118.85,0.29,AM
Eucalyptus_urophylla,0.14444,106.21,0.63,EcMAM
Syzygium_globiflorum,0.19611,40.88,0.37,AM
Microtropis_discolor,0.45889,79.59,0.33,AM
Castanea_henryi,0.16803,40.96,0.49,EcM
Castanopsis_fissa,0.2037,63.81,0.54,EcM
Quercus_asymmetrica,0.34704,45.18,0.21,EcM
Castanopsis_hystrix,0.16749,70.61,0.55,EcM
Castanopsis_echinocarpa,0.16343,81.68,0.53,EcM
Castanopsis_wattii,0.16121,92.32,0.51,EcM
Lithocarpus_chiungchungensis,0.21954,75.71,0.43,EcM
Aporosa_octandra,0.36662,29.15,0.34,AM
Macaranga_sampsonii,0.07259,67.1,0.33,AM
Aporosa_yunnanensis,0.25882,49.73,0.36,AM
Antidesma_maclurei,0.40253,19.99,0.29,AM
Engelhardia_roxburghiana,0.1523,103.48,0.4,EcM
Elaeocarpus_dubius,0.25778,76.3,0.36,AM
Ficus_variolosa,0.13292,143.45,0.32,AM
Artocarpus_styracifolius,0.28296,34.54,0.59,AM
Gironniera_subaequalis,0.1249,67.58,0.52,AM
Celtis_sinensis,0.14043,113.0,0.62,AM
Canarium_album,0.17623,130.88,0.13,AM
Pistacia_chinensis,0.23907,90.48,0.65,AM
Acronychia_pedunculata,0.28343,78.12,0.55,AM
Melicope_pteleifolia,0.25397,97.19,0.21,AM
Nephelium_lappaceum,0.15885,58.45,0.5,AM
Allophylus_cobbe,0.15617,75.07,0.6,AM
Vaccinium_mandarinorum,0.07812,106.71,0.53,ErM
Barringtonia_racemosa,0.37056,26.71,0.35,AM
Pentaphylax_euryoides,0.12066,97.84,0.53,AM
Alniphyllum_fortunei,0.30253,89.09,0.18,AM
Polyspora_axillaris,0.54362,14.98,0.38,AM
Schima_wallichii,0.23986,98.43,0.37,AM
Alstonia_scholaris,0.5237,25.76,0.17,AM
Catunaregam_spinosa,0.25699,80.24,0.38,AM
Wendlandia_uvariifolia,0.22417,45.27,0.43,AM
Adina_metcalfii,0.15444,99.96,0.29,AM
Psychotria_asiatica,0.19185,81.04,0.2,AM
Saprosma_ternatum,0.14506,116.95,0.34,AM
Osmanthus_didymopetalus,0.71949,4.42,0.4,AM
Tetrapilus_roseus,0.39436,28.91,0.29,AM
Heptapleurum_minutistellatum,0.33263,37.91,0.35,AM
Macropanax_undulatus,0.2637,28.7,0.32,AM
Pterospermum_acerifolium,0.28074,25.66,0.24,AM
Sterculia_lanceolata,0.21389,72.15,0.4,AM
Itea_chinensis,0.11926,110.33,0.54,AM
Garcinia_oblongifolia,0.19019,90.87,0.28,AM
Cratoxylum_cochinchinense,0.12092,32.53,0.41,AM
Garcinia_cowa,0.29289,87.27,0.47,AM
Eriobotrya_japonica,0.31884,46.15,0.39,AM
Rhaphiolepis_indica,0.14481,86.79,0.53,AM
Archidendron_lucidum,0.26056,58.89,0.31,AM
Acacia_crassicarpa,0.22593,108.28,0.36,EcMAM
Acacia_mangium,0.25255,99.19,0.29,EcMAM
Acacia_auriculiformis,0.38313,93.62,0.25,EcMAM
Archidendron_clypearia,0.27083,70.33,0.41,AM
Millettia_leptobotrya,0.34158,25.62,0.43,AM
Carallia_brachiata,0.21426,109.24,0.21,AM
Alangium_chinense,0.09315,169.91,0.32,AM
Microcos_paniculata,0.11685,115.38,0.52,AM
Acer_fabri,0.18574,67.16,0.53,AM
Decaspermum_gracilentum,0.15535,63.99,0.42,AM
Fagus_sylvatica,0.37,20.2,0.55,EcM
Fagus_sylvatica,0.4,20.0,0.51,EcM
Fagus_sylvatica,0.41,16.2,0.54,EcM
Fagus_sylvatica,0.45,15.7,0.54,EcM
Fagus_sylvatica,0.52,12.1,0.55,EcM
Fagus_sylvatica,0.44,11.5,0.68,EcM
Fagus_sylvatica,0.4,15.2,0.62,EcM
Fagus_sylvatica,0.42,14.4,0.6,EcM
Fagus_sylvatica,0.45,10.8,0.74,EcM
Fagus_sylvatica,0.38,17.5,0.56,EcM
Fagus_sylvatica,0.38,16.4,0.59,EcM
Fagus_sylvatica,0.44,11.8,0.66,EcM
Fagus_sylvatica,0.42,15.6,0.58,EcM
Fagus_sylvatica,0.47,14.9,0.49,EcM
Fagus_sylvatica,0.42,13.0,0.61,EcM
Fagus_sylvatica,0.44,12.5,0.58,EcM
Fagus_sylvatica,0.49,9.4,0.71,EcM
Fagus_sylvatica,0.58,7.1,0.78,EcM
Fagus_sylvatica,0.38,16.9,0.53,EcM
Fagus_sylvatica,0.41,11.5,0.78,EcM
Fagus_sylvatica,0.39,13.4,0.66,EcM
Fagus_sylvatica,0.35,24.7,0.49,EcM
Fagus_sylvatica,0.39,13.2,0.67,EcM
Fagus_sylvatica,0.48,10.7,0.71,EcM
Fagus_sylvatica,0.38,16.5,0.6,EcM
Fagus_sylvatica,0.41,12.1,0.69,EcM
Fagus_sylvatica,0.47,10.0,0.71,EcM
Fagus_sylvatica,0.39,15.9,0.59,EcM
Fagus_sylvatica,0.41,15.5,0.61,EcM
Fagus_sylvatica,0.38,13.6,0.72,EcM
Fagus_sylvatica,0.38,18.3,0.52,EcM
Fagus_sylvatica,0.42,12.5,0.62,EcM
Fagus_sylvatica,0.41,12.8,0.71,EcM
Fagus_sylvatica,0.37,193.0,0.55,EcM
Fagus_sylvatica,0.39,16.2,0.58,EcM
Fagus_sylvatica,0.38,16.6,0.65,EcM
Arenaria_serpyllifolia,0.209,653.0,0.067,NMAM
Brachypodium_phoenicoides,0.266,113.0,0.139,AM
Bromus_madritensis,0.212,427.0,0.091,AM
Bromus_erectus,0.25,159.0,0.095,AM
Crepis_foetida,0.256,301.0,0.072,AM
Clinopodium_nepeta,0.268,130.0,0.139,AM
Daucus_carota,0.254,385.0,0.078,AM
Dactylis_glomerata,0.213,287.0,0.132,AM
Geranium_rotundifolium,0.231,235.0,0.124,AM
Inula_conyza,0.334,198.0,0.074,AM
Medicago_minima,0.257,209.0,0.123,AM
Bituminaria_bituminosa,0.343,134.0,0.091,AM
Picris_hieracioides,0.266,200.0,0.118,AM
Rubia_peregrina,0.334,106.0,0.143,AM
Trifolium_angustifolium,0.301,154.0,0.099,AM
Teucrium_chamaedrys,0.289,134.0,0.114,AM
Tordylium_maximum,0.252,274.0,0.093,AM
Veronica_persica,0.23,503.0,0.08,AM
Acer_negundo,0.36,83.8,0.117,AM
Acer_saccharum,0.42,48.0,0.158,AM
Betula_lenta,0.27,109.7,0.184,EcM
Carya_glabra,0.33,50.8,0.259,EcM
Carya_ovata,0.32,83.8,0.145,EcM
Cercis_canadensis,0.55,27.1,0.159,AM
Fagus_grandifolia,0.34,73.6,0.165,EcM
Fraxinus_americana,0.48,33.5,0.173,AM
Hamamelis_virginiana,0.48,25.2,0.226,AM
Juglans_nigra,0.49,31.0,0.177,AM
Lindera_benzoin,0.77,22.6,0.1,AM
Liriodendron_tulipifera,0.77,12.4,0.18,AM
Pinus_pungens,0.48,31.4,0.176,EcM
Pinus_strobus,0.51,37.2,0.145,EcM
Pinus_virginiana,0.4,29.9,0.295,EcM
Populus_grandidentata,0.34,87.0,0.136,EcMAM
Prunus_serotina,0.41,31.9,0.244,AM
Quercus_alba,0.43,44.1,0.157,EcM
Quercus_rubra,0.4,47.9,0.166,EcM
Rhus_typhina,0.45,75.9,0.09,AM
Sassafras_albidum,0.48,35.5,0.18,NMAM
Tilia_americana,0.44,39.3,0.172,EcM
Tsuga_canadensis,0.5,19.3,0.272,EcM
Ulmus_rubra,0.37,79.1,0.122,AM
Achillea_millefolium,0.39,75.0,0.11,AM
Agastache_foeniculum,0.42,40.0,0.18,AM
Elymus_repens,0.3,133.0,0.11,AM
Poa_nemoralis,0.25,169.0,0.12,AM
Agrostis_scabra,0.21,140.0,0.2,AM
Ambrosia_artemisiifolia,0.36,129.0,0.08,AM
Andropogon_gerardii,0.31,56.0,0.24,AM
Anemone_cylindrica,0.36,52.0,0.19,AM
Artemisia_ludoviciana,0.34,107.0,0.11,AM
Asclepias_incarnata,0.36,70.0,0.14,AM
Asclepias_syriaca,0.43,48.0,0.14,AM
Asclepias_tuberosa,0.5,23.0,0.22,AM
Symphyotrichum_oolentangiense,0.35,87.0,0.12,AM
Symphyotrichum_ericoides,0.4,52.0,0.15,AM
Symphyotrichum_laeve,0.3,89.0,0.16,AM
Aster_lanceolatus,0.36,68.0,0.15,AM
Symphyotrichum_novae-angliae,0.46,52.0,0.12,AM
Symphyotrichum_puniceum,0.28,142.0,0.12,AM
Astragalus_canadensis,0.42,34.0,0.22,AM
Baptisia_alba,0.24,319.0,0.07,AM
Berteroa_incana,0.19,237.0,0.15,NM
Bouteloua_curtipendula,0.32,65.0,0.19,AM
Calamagrostis_canadensis,0.22,249.0,0.11,AM
Sporobolus_rigidus,0.48,33.0,0.18,AM
Carex_lasiocarpa,0.23,252.0,0.09,NMAM
Chamaecrista_fasciculata,0.34,70.0,0.16,AM
Chenopodium_album,0.25,144.0,0.14,NMAM
Coreopsis_palmata,0.33,113.0,0.1,AM
Crepis_tectorum,0.34,119.0,0.09,AM
Desmodium_canadense,0.34,126.0,0.09,AM
Elymus_canadensis,0.23,288.0,0.09,AM
Eragrostis_trichodes,0.21,73.0,0.39,NMAM
Erigeron_canadensis,0.35,119.0,0.09,AM
Festuca_ovina,0.2,170.0,0.18,AM
Festuca_rubra,0.22,158.0,0.17,AM
Gentiana_andrewsii,0.31,129.0,0.11,AM
Hedeoma_hispida,0.22,166.0,0.15,AM
Helianthus_giganteus,0.4,61.0,0.13,AM
Helianthus_pauciflorus,0.36,52.0,0.19,AM
Heliopsis_helianthoides,0.38,64.0,0.14,AM
Iris_versicolor,0.28,119.0,0.14,AM
Koeleria_pyramidata,0.26,66.0,0.29,AM
Lespedeza_capitata,0.37,73.0,0.13,AM
Liatris_aspera,0.45,80.0,0.08,AM
Lupinus_perennis,0.34,117.0,0.32,NM
Melilotus_officinalis,0.29,100.0,0.15,AM
Monarda_fistulosa,0.31,121.0,0.11,AM
Oenothera_biennis,0.32,95.0,0.13,AM
Panicum_capillare,0.2,218.0,0.14,AM
Panicum_virgatum,0.44,36.0,0.19,AM
Penstemon_bradburyi,0.41,51.0,0.15,AM
Dalea_purpurea,0.42,40.0,0.24,AM
Phleum_pratense,0.22,142.0,0.19,AM
Physalis_virginiana,0.3,54.0,0.27,AM
Poa_pratensis,0.21,284.0,0.1,AM
Fallopia_convolvulus,0.25,201.0,0.1,NMAM
Drymocallis_arguta,0.43,21.0,0.32,AM
Pycnanthemum_virginianum,0.34,84.0,0.13,AM
Ratibida_pinnata,0.44,56.0,0.12,AM
Echinacea_serotina,0.41,35.0,0.22,AM
Rumex_acetosella,0.34,127.0,0.09,NMAM
Schizachyrium_scoparium,0.32,58.0,0.22,AM
Cenchrus_americanus,0.22,148.0,0.18,AM
Solidago_nemoralis,0.42,42.0,0.17,AM
Solidago_ptarmicoides,0.39,34.0,0.24,AM
Solidago_rigida,0.39,43.0,0.21,AM
Solidago_speciosa,0.38,46.0,0.19,AM
Sorghastrum_nutans,0.27,107.0,0.17,AM
Sporobolus_heterolepis,0.35,52.0,0.2,AM
Trifolium_pratense,0.29,112.0,0.14,AM
Verbascum_thapsus,0.33,60.0,0.19,AM
Verbena_hastata,0.32,92.0,0.13,AM
Vernonia_fasciculata,0.31,123.0,0.11,AM
Veronicastrum_virginicum,0.3,131.0,0.11,AM
Vicia_villosa,0.43,60.0,0.12,AM
Zizia_aurea,0.31,100.0,0.13,AM
Agrostis_capillaris,0.13,259.0,0.23,AM
Brachypodium_pinnatum,0.15,131.0,0.29,AM
Brachypodium_sylvaticum,0.13,161.0,0.31,AM
Bromus_erectus,0.18,100.0,0.26,AM
Dactylis_glomerata,0.12,252.0,0.25,AM
Deschampsia_cespitosa,0.18,128.0,0.24,AM
Festuca_rubra,0.14,187.0,0.3,AM
Holcus_lanatus,0.13,275.0,0.22,AM
Lolium_arundinaceum,0.2,99.0,0.24,AM
Lolium_perenne,0.15,195.0,0.22,AM
Phleum_pratense,0.11,199.0,0.29,AM
Chamaecyparis_obtusa,0.44,25.8,0.5,AM
Chamaecyparis_obtusa,0.39,24.6,0.63,AM
Chamaecyparis_obtusa,0.42,16.9,0.8,AM
Bromus_erectus,0.3,123.01,0.13,AM
Carex_humulis,0.28,163.62,0.14,NMAM
Munroa_christianii-bernardii,0.23,381.21,0.07,AM
Potentilla_pusilla,0.27,116.04,0.12,AM
Hakea_oldfieldii,0.54,90.0,0.048,NM
Hakea_tuberculata,0.56,77.0,0.06,NM
Hakea_ceratophylla,0.61,54.0,0.064,NM
Hakea_varia,0.58,56.0,0.07,NM
Hakea_linearis,0.59,45.0,0.085,NM
Hakea_lissocarpha,0.61,58.0,0.06,NM
Hakea_cyclocarpa,0.61,64.0,0.056,NM
Adiantum_pedatum,0.36842516,210.1911064,0.050704322,AM
Adiantum_pedatum,0.40779285,165.6051441,0.059155104,AM
Adiantum_pedatum,0.408451956,114.6497567,0.076056575,AM
Adiantum_pedatum,0.518819947,22.29310611,0.22816925,AM
Athyrium_monomachii,0.223407236,136.9427611,0.097183429,AM
Athyrium_monomachii,0.249906675,84.39502411,0.139436948,AM
Athyrium_monomachii,0.353823182,22.29314954,0.338028381,AM
Athyrium_monomachii,0.941526938,4.777240194,0.549295819,AM
Athyrium_sinense,0.265480361,116.2421463,0.105634186,AM
Athyrium_sinense,0.421008211,106.6880142,0.118310239,AM
Athyrium_sinense,0.66682126,46.17850375,0.21971862,AM
Athyrium_sinense,0.893314708,4.77725906,0.439436756,AM
Cystopteris_sudetica,0.339810499,251.5923562,0.046479318,AM
Cystopteris_sudetica,0.424372687,189.4904976,0.059155367,AM
Cystopteris_sudetica,0.708894247,103.5033066,0.109859557,AM
Equisetum_hyemale,0.478689502,85.98739783,0.067606073,NMAM
Equisetum_hyemale,0.576085154,57.32500038,0.067606074,NMAM
Equisetum_hyemale,0.738064386,22.29318081,0.11831026,NMAM
Equisetum_pratense,0.243316685,254.7770675,0.038028636,NMAM
Equisetum_pratense,0.385941657,232.4840927,0.042253986,NMAM
Equisetum_pratense,0.425343887,122.6115732,0.059155382,NMAM
Matteuccia_struthiopteris,0.214458722,261.1464891,0.050704686,AM
Matteuccia_struthiopteris,0.253860952,195.85992,0.059155384,AM
Matteuccia_struthiopteris,0.286777076,92.35682167,0.092958174,AM
Matteuccia_struthiopteris,0.66806994,15.92376304,0.190141193,AM
Onoclea_sensibilis,0.250080285,148.0892597,0.067606083,AM
Onoclea_sensibilis,0.263676829,101.9109543,0.101408873,AM
Onoclea_sensibilis,0.496587007,28.66260704,0.194366543,AM
Athyrium_spinulosum,0.17606237,235.6688042,0.054930039,AM
Athyrium_spinulosum,0.183172808,85.9874011,0.139437012,AM
Athyrium_spinulosum,0.377409144,9.554343175,0.405633973,AM
Juglans_mandshurica,0.212903405,191.7611931,0.068148194,AM
Juglans_mandshurica,0.248848131,143.0225543,0.102963003,AM
Fraxinus_mandshurica,0.251613149,112.6198554,0.100000047,AM
Fraxinus_mandshurica,0.312442616,96.28791365,0.113333371,AM
Phellodendron_amurense,0.522580711,32.33185169,0.114074112,AM
Phellodendron_amurense,0.481106091,43.77707747,0.121481514,AM
Chenopodium_album,0.128382353,98.82889326,0.781655759,NMAM
Chenopodium_album,0.18125,67.21538462,0.576614298,NMAM
Chenopodium_album,0.264,53.81258278,0.339483316,NMAM
Chenopodium_album,0.404285714,17.73504274,0.439239204,NMAM
Chenopodium_album,0.84375,3.837064677,0.466104649,NMAM
Euonymus_alatus,0.133277027,99.29258117,0.721909459,AM
Euonymus_alatus,0.141509434,74.48802205,0.853597032,AM
Euonymus_alatus,0.138888889,50.28985507,1.312486167,AM
Euonymus_alatus,0.245833,17.12,1.230625765,AM
Euonymus_alatus,0.4375,3.87755102,1.715522784,AM
Cornus_officinalis,0.404791173,29.36726272,0.264596802,AM
Cornus_officinalis,0.399496644,16.98278997,0.469758683,AM
Cornus_officinalis,0.525,8.26125977,0.559171774,AM
Cornus_officinalis,0.877419355,2.93161722,0.56414201,AM
Cornus_bretschneideri,0.333528037,56.1492,0.203845839,AM
Cornus_bretschneideri,0.372524752,34.5401,0.265629472,AM
Cornus_bretschneideri,0.401639344,21.5527,0.366214838,AM
Cornus_bretschneideri,0.49375,11.4653,0.455523177,AM
Cornus_bretschneideri,0.7875,3.5009,0.586447702,AM
Sambucus_williamsii,0.348913043,103.5210551,0.101029226,AM
Sambucus_williamsii,0.372,68.00767494,0.135290194,AM
Sambucus_williamsii,0.440555556,30.14285714,0.217632798,AM
Sambucus_williamsii,0.690277778,10.53942763,0.253539317,AM
Ardisia_depressa,0.234375,64.31648438,0.360383799,AM
Ardisia_depressa,0.326530612,50.39130773,0.23697727,AM
Ardisia_depressa,0.3805,40.73311475,0.215900269,AM
Ardisia_depressa,0.480882353,18.23446328,0.301953078,AM
Eurya_japonica,0.175657895,126.8491646,0.30314912,AM
Eurya_japonica,0.2675,82.31428571,0.216165977,AM
Eurya_japonica,0.376339286,34.07738095,0.263806082,AM
Eurya_japonica,0.69375,11.38666667,0.232331195,AM
Diospyros_strigosa,0.356122449,40.00319502,0.250967072,AM
Diospyros_strigosa,0.375,39.76516634,0.227690435,AM
Diospyros_strigosa,0.471354167,11.73114754,0.488511653,AM
Diospyros_strigosa,0.757352941,4.969372129,0.446695907,AM
Barringtonia_racemosa,0.48516129,16.30610484,0.331732186,AM
Barringtonia_racemosa,0.58046875,12.8886893,0.293186307,AM
Barringtonia_racemosa,0.690625,7.879601227,0.338782756,AM
Barringtonia_racemosa,0.911538462,3.053097345,0.501902638,AM
Myrsine_seguinii,0.282291667,56.47293753,0.320954259,AM
Myrsine_seguinii,0.424184783,29.98606466,0.23534851,AM
Myrsine_seguinii,0.691666667,21.19313945,0.125580191,AM
Myrsine_seguinii,0.971875,21.74423114,0.067779418,AM
Betula_utilis,0.210436893,57.21364621,0.502535489,EcM
Betula_utilis,0.199666667,70.0375,0.456003688,EcM
Betula_utilis,0.315,24.8138,0.517125247,EcM
Betula_utilis,0.514,6.446991404,0.747526851,EcM
Betula_utilis,0.875,1.739298608,0.956136441,EcM
Carpinus_cordata,0.146527778,63.68610264,0.931162606,EcM
Carpinus_cordata,0.151,56.51898734,0.988011181,EcM
Carpinus_cordata,0.198837209,26.17268041,1.230457466,EcM
Carpinus_cordata,0.428571429,5.386819484,1.286859919,EcM
Betula_dahurica,0.258634021,47.44506081,0.401187891,EcM
Betula_dahurica,0.301302083,42.54393191,0.329661501,EcM
Betula_dahurica,0.354945055,20.99182561,0.481434996,EcM
Betula_dahurica,0.591666667,6.590909091,0.551836725,EcM
Betula_dahurica,0.894230769,2.239403974,0.711014509,EcM
Lithocarpus_fenestratus,0.595625,13.835,0.259409052,EcM
Lithocarpus_fenestratus,0.68,7.416,0.371297974,EcM
Lithocarpus_fenestratus,0.884615385,3.849,0.422720431,EcM
Quercus_aliena,0.145121951,88.85481998,0.680397825,EcM
Quercus_aliena,0.232926829,52.3,0.448713781,EcM
Quercus_aliena,0.282281553,29.28714859,0.545592056,EcM
Quercus_aliena,0.50940367,7.424242424,0.660897095,EcM
Quercus_aliena,0.988541667,2.119543044,0.614720826,EcM
Quercus_variabilis,0.13962585,80.16390306,0.814703552,EcM
Quercus_variabilis,0.265833333,50.70866142,0.35531137,EcM
Quercus_variabilis,0.506730769,10.45372051,0.474334474,EcM
Quercus_variabilis,0.810416667,5.359001041,0.361750847,EcM
Quercus_variabilis,0.979166667,3.835005574,0.346282772,EcM
Quercus_wutaishanica,0.130900621,78.57326541,0.945696778,EcM
Quercus_wutaishanica,0.15075,72.58706897,0.771855893,EcM
Quercus_wutaishanica,0.186413043,44.11405295,0.830578284,EcM
Quercus_wutaishanica,0.245,25.11827957,0.84447747,EcM
Quercus_wutaishanica,0.347727273,12.71566351,0.828120605,EcM
Aidia_oxyodonta,0.074522293,190.86,1.201220646,AM
Aidia_oxyodonta,0.176470588,52.94,0.772291976,AM
Aidia_oxyodonta,0.2335,35.07,0.665887083,AM
Aidia_oxyodonta,0.39375,11.4,0.720384137,AM
Aidia_oxyodonta,0.68375,4.27,0.63780449,AM
Ginkgo_biloba,0.677,19.926,0.139,AM
Ginkgo_biloba,0.746,14.78,0.155,AM
Ginkgo_biloba,0.804,11.704,0.168,AM
Fraxinus_chinensis,0.317857143,47.680269,0.264306278,AM
Fraxinus_chinensis,0.410169492,33.79407891,0.223945739,AM
Fraxinus_chinensis,0.516326531,13.46989967,0.354565833,AM
Fraxinus_chinensis,0.903703704,6.164756447,0.252896069,AM
Fraxinus_chinensis,0.4225,36.1542,0.197286758,AM
Fraxinus_chinensis,0.4575,27.9,0.218033747,AM
Fraxinus_chinensis,0.5875,13.3,0.277359302,AM
Syringa_reticulata,0.285962567,105.8357065,0.147115875,AM
Syringa_reticulata,0.397340426,51.61995292,0.15623093,AM
Syringa_reticulata,0.875,23.16636852,0.071785389,AM
Syringa_reticulata,0.966666667,5.492957746,0.248056368,AM
Cryptocarya_concinna,0.43775,33.09776591,0.200751656,AM
Cryptocarya_concinna,0.521,22.23030303,0.211003324,AM
Cryptocarya_concinna,0.735119048,6.681505463,0.352630966,AM
Cryptocarya_concinna,0.8,3.797127469,0.523932062,AM
Machilus_breviflora,0.442438272,28.44444444,0.228669002,AM
Machilus_breviflora,0.493607955,20.68485627,0.252634884,AM
Machilus_breviflora,0.564431818,15.71148459,0.254372364,AM
Machilus_breviflora,0.7,10.01290323,0.259509958,AM
Machilus_shweliensis,0.400120192,37.169,0.213967746,AM
Machilus_shweliensis,0.51625,23.16,0.206277302,AM
Machilus_shweliensis,0.655555556,14.01,0.211472055,AM
Machilus_shweliensis,0.78255814,9.367,0.22196085,AM
Ocotea_lancifolia,0.339660494,37.86637931,0.291451485,AM
Ocotea_lancifolia,0.406481481,29.64674523,0.259927108,AM
Ocotea_lancifolia,0.507608696,18.09384942,0.27309959,AM
Ocotea_lancifolia,0.833333333,6.336528222,0.289348506,AM
Ocotea_lancifolia,0.975,4.123222749,0.324835958,AM
Cinnamomum_camphora,0.4109375,72.38667315,0.104159757,AM
Cinnamomum_camphora,0.490125,50.88942892,0.104152294,AM
Cinnamomum_camphora,0.596153846,13.73293173,0.26087362,AM
Cinnamomum_camphora,0.91375,4.596500746,0.331763047,AM
Lindera_communis,0.395,38.76733436,0.21049898,AM
Lindera_communis,0.49525,14.43690849,0.359572901,AM
Lindera_communis,0.688088235,9.543119266,0.281793849,AM
Goniothalamus_griffithii,0.614634146,16.58542002,0.203212437,AM
Goniothalamus_griffithii,0.816216216,7.838755681,0.243810587,AM
Goniothalamus_griffithii,0.983888889,4.687756148,0.280577604,AM
Liriodendron_chinense,0.585,23.294,0.16,AM
Liriodendron_chinense,0.76,13.846,0.159,AM
Liriodendron_chinense,0.955,8.259,0.169,AM
Magnolia_championii,0.543,31.403,0.138,AM
Magnolia_championii,0.718,16.35,0.151,AM
Magnolia_championii,0.847,10.945,0.162,AM
Magnolia_macclurei,0.485119048,27.7767778,0.165748844,AM
Magnolia_macclurei,0.523,20.73393833,0.187839201,AM
Magnolia_macclurei,0.62,13.12585042,0.224167248,AM
Magnolia_macclurei,0.848214286,8.087392802,0.170490575,AM
Magnolia_maudiae,0.583,27.663,0.135,AM
Magnolia_maudiae,0.701,19.427,0.133,AM
Magnolia_maudiae,0.892,10.799,0.148,AM
Magnolia_ernestii,0.813,13.978,0.138,AM
Magnolia_ernestii,0.929,10.115,0.146,AM
Magnolia_odora,0.591,18.5,0.197,AM
Magnolia_odora,0.677,16.822,0.165,AM
Magnolia_odora,0.841,9.495,0.19,AM
Knema_erratica,0.848165138,4.774158719,0.370725481,AM
Knema_erratica,0.962352941,4.614692654,0.297919265,AM
Populus_cathayana,0.145,110.6739334,0.547178187,EcMAM
Populus_cathayana,0.125,93.62104743,0.870395434,EcMAM
Populus_cathayana,0.158654,49.623,1.019354061,EcMAM
Populus_cathayana,0.308333,40.22989,0.332905725,EcMAM
Populus_cathayana,0.5,13.32743,0.382141063,EcMAM
Salix_caprea,0.114778325,126.5460541,0.763733344,EcMAM
Salix_caprea,0.151715686,87.40540076,0.63286472,EcMAM
Salix_caprea,0.210655738,74.13793103,0.387010795,EcMAM
Salix_caprea,0.517857143,14.68292683,0.323353488,EcMAM
Alchornea_tiliifolia,0.15,280.467,0.202,AM
Alchornea_tiliifolia,0.205,129.9324,0.233,AM
Alchornea_tiliifolia,0.341,49.118,0.223,AM
Alchornea_tiliifolia,0.337,24.494,0.458,AM
Alchornea_tiliifolia,0.756,6.805,0.328,AM
Macaranga_sampsonii,0.20530303,159.4340401,0.189469084,AM
Macaranga_sampsonii,0.260141509,96.34813404,0.195275387,AM
Macaranga_sampsonii,0.312790698,49.01866163,0.26548563,AM
Macaranga_sampsonii,0.555714286,29.92535675,0.137774127,AM
Macaranga_sampsonii,0.684375,11.6707483,0.232928779,AM
Sterculia_monosperma,0.249752475,96.32,0.211921027,AM
Sterculia_monosperma,0.389625,36.833,0.227708584,AM
Sterculia_monosperma,0.57575,17.595,0.218299611,AM
Sterculia_monosperma,0.884259259,6.975,0.233456883,AM
Tilia_mandshurica,0.3544,75.74224494,0.133839568,EcM
Tilia_mandshurica,0.259405941,71.28712871,0.265423376,EcM
Tilia_mandshurica,0.293023256,49.39784053,0.300191218,EcM
Tilia_mandshurica,0.354347826,35.8125,0.283149593,EcM
Tilia_mandshurica,0.413888889,14.92857143,0.49787961,EcM
Tilia_mongolica,0.186502347,68.711451,0.532736437,EcM
Tilia_mongolica,0.217975207,61.59374292,0.435070197,EcM
Tilia_mongolica,0.226449275,42.80226785,0.580098143,EcM
Tilia_mongolica,0.358928571,13.04161304,0.757814228,EcM
Tilia_mongolica,0.8125,10.17148982,0.189617675,EcM
Memecylon_nigrescens,0.20275974,88.05012329,0.351735907,AM
Memecylon_nigrescens,0.252803738,82.10713623,0.242639911,AM
Memecylon_nigrescens,0.310185185,78.15444262,0.169322376,AM
Memecylon_nigrescens,0.437037037,14.17087091,0.470410599,AM
Memecylon_nigrescens,0.623611111,5.150893642,0.635623367,AM
Syzygium_hancei,0.133739837,88.70110748,0.802526722,AM
Syzygium_hancei,0.19425,79.52680851,0.424301451,AM
Syzygium_hancei,0.289814815,37.8741343,0.400245306,AM
Syzygium_hancei,0.460294118,13.1496063,0.457010866,AM
Syzygium_hancei,0.78,4.774346793,0.438335817,AM
Syzygium_levinei,0.174,126.493,0.333,AM
Syzygium_levinei,0.255065,46.978,0.417,AM
Syzygium_levinei,0.373,25.276,0.362,AM
Syzygium_levinei,0.551339286,11.341,0.37,AM
Syzygium_levinei,0.92,2.685,0.561,AM
Syzygium_hancei,0.195,59.37103448,0.674136355,AM
Syzygium_hancei,0.2675,34.28419958,0.519001411,AM
Syzygium_hancei,0.394594595,19.76811594,0.4136591,AM
Syzygium_hancei,0.620833333,9.414414414,0.350886582,AM
Larix_gmelinii,0.322222222,41.727,0.293888091,EcM
Larix_gmelinii,0.370673077,32.01,0.289495866,EcM
Larix_gmelinii,0.467,20.782,0.280924117,EcM
Larix_gmelinii,0.675357143,7.308,0.38198349,EcM
Picea_meyeri,0.279044118,48.49432024,0.337189084,EcM
Picea_meyeri,0.337884615,38.56270358,0.289205013,EcM
Picea_meyeri,0.428061224,20.41725039,0.340330673,EcM
Picea_meyeri,0.723611111,5.233437083,0.464635796,EcM
Picea_wilsonii,0.264039409,66.49294054,0.274661055,EcM
Picea_wilsonii,0.2675,47.65649225,0.373370912,EcM
Picea_wilsonii,0.318181818,27.5,0.457326865,EcM
Picea_wilsonii,0.511538462,14.8490566,0.327683578,EcM
Picea_wilsonii,0.89,3.048034934,0.527363627,EcM
Pinus_armandii,0.268060201,43.01400822,0.41194149,EcM
Pinus_armandii,0.321173469,30.68235294,0.402292688,EcM
Pinus_armandii,0.508333333,8.685185185,0.567327539,EcM
Pinus_armandii,0.770833333,3.569553806,0.600309505,EcM
Pinus_tabuliformis,0.314384921,37.3905492,0.344528273,EcM
Pinus_tabuliformis,0.336956522,35.71879145,0.313953723,EcM
Pinus_tabuliformis,0.37578125,27.17105263,0.331843602,EcM
Pinus_tabuliformis,0.570833,9.628482972,0.405820625,EcM
Pinus_tabuliformis,0.8875,3.822222222,0.422919266,EcM
Dacrycarpus_imbricatus,0.489705882,38.3874209,0.138309035,AM
Dacrycarpus_imbricatus,0.216477273,68.14118457,0.398727171,AM
Dacrycarpus_imbricatus,0.285606061,33.19543752,0.470215446,AM
Dacrycarpus_imbricatus,0.505,9.983443709,0.500088648,AM
Ulmus_macrocarpa,0.222440945,65.21726451,0.39456457,AM
Ulmus_macrocarpa,0.279545455,54.5082205,0.298911932,AM
Ulmus_macrocarpa,0.333490566,31.14248536,0.367612061,AM
Ulmus_macrocarpa,0.608928571,8.25648415,0.415893632,AM
Ulmus_davidiana,0.25474537,61.11342593,0.321041293,AM
Ulmus_davidiana,0.248648649,47.0,0.438167399,AM
Ulmus_davidiana,0.335416667,27.76785714,0.407566502,AM
Ulmus_davidiana,0.659,9.795918367,0.299291332,AM
Malus_baccata,0.235897436,71.42969735,0.320320604,AM
Malus_baccata,0.29,45.5320197,0.332504261,AM
Malus_baccata,0.476923077,23.18241758,0.241465299,AM
Malus_baccata,0.696428571,7.466666667,0.35158489,AM
Malus_baccata,1.0,4.155251142,0.306416995,AM
Pyrus_betulifolia,0.476089015,17.68724614,0.317594947,AM
Pyrus_betulifolia,0.563401109,12.1594722,0.329883054,AM
Pyrus_betulifolia,0.644117647,8.033898305,0.381991237,AM
Pyrus_betulifolia,0.792,2.427339901,0.836236593,AM
Sanguisorba_officinalis,0.396125,49.53,0.163823912,AM
Sanguisorba_officinalis,0.474125,26.37,0.214790112,AM
Sanguisorba_officinalis,0.66775,17.267,0.165373319,AM
Sanguisorba_officinalis,0.841666667,11.4,0.15766127,AM
Sorbus_aucuparia,0.198026316,59.77889504,0.543145802,AM
Sorbus_aucuparia,0.227380952,53.65410053,0.458985584,AM
Sorbus_aucuparia,0.272340426,33.32432737,0.515139095,AM
Sorbus_aucuparia,0.415243902,11.07142857,0.666960226,AM
Sorbus_aucuparia,0.95,2.157039711,0.6540407,AM
Aphanamixis_polystachya,0.173529412,172.2821657,0.396769825,AM
Aphanamixis_polystachya,0.2285,89.9483369,0.355251456,AM
Aphanamixis_polystachya,0.331,32.06783618,0.375355111,AM
Aphanamixis_polystachya,0.507608696,8.222143558,0.470860461,AM
Aphanamixis_polystachya,0.769444444,3.436576521,0.576579928,AM
Prasoxylon_excelsum,0.886523438,9.100844511,0.178011471,AM
Acronychia_pedunculata,0.294,91.167,0.162,AM
Acronychia_pedunculata,0.344863014,52.07,0.206,AM
Acronychia_pedunculata,0.458,29.441,0.206,AM
Acronychia_pedunculata,0.529,26.749,0.17,AM
Acronychia_pedunculata,0.843,6.14,0.292,AM
Canarium_album,0.211538462,77.80496427,0.365699305,AM
Canarium_album,0.265625,75.4732659,0.239099731,AM
Canarium_album,0.3984375,56.57335329,0.141767863,AM
Canarium_album,0.565151515,25.17431193,0.158351698,AM
Canarium_album,0.851785714,17.21899225,0.101915841,AM
Acer_davidii,0.238794886,108.3036705,0.206165935,AM
Acer_davidii,0.255288462,68.37730871,0.285716782,AM
Acer_davidii,0.288274336,32.08053691,0.477591442,AM
Acer_davidii,0.5045,11.23143564,0.445402358,AM
Acer_davidii,0.8625,3.406802721,0.502394566,AM
Acer_truncatum,0.257219251,59.2477843,0.324811257,AM
Acer_truncatum,0.28317757,55.4728972,0.286227644,AM
Acer_truncatum,0.345454545,48.45454545,0.220188067,AM
Acer_truncatum,0.471666667,16.75,0.341684237,AM
Acer_truncatum,0.7825,7.88269,0.263795259,AM
Rhodoleia_championii,0.305,46.556,0.294,AM
Rhodoleia_championii,0.358,21.265,0.467,AM
Rhodoleia_championii,0.505,9.487,0.527,AM
Rhodoleia_championii,0.763,3.822,0.573,AM
Dicranopteris_linearis,0.1968,75.1,0.6,AM
Dicranopteris_linearis,0.25559,30.18,0.47,AM
Dicranopteris_linearis,0.41234,13.31,0.5,AM
Dicranopteris_linearis,0.62332,6.78,0.5,AM
Acacia_auriculiformis,0.28647,60.96,0.22,EcMAM
Acacia_auriculiformis,0.36203,38.78,0.27,EcMAM
Acacia_auriculiformis,0.50985,21.93,0.34,EcMAM
Acacia_auriculiformis,0.55244,6.36,0.33,EcMAM
Acacia_auriculiformis,0.85278,2.47,0.35,EcMAM
Polyspora_axillaris,0.5399,17.68,0.36,AM
Polyspora_axillaris,0.63063,11.31,0.37,AM
Polyspora_axillaris,0.65987,6.86,0.43,AM
Polyspora_axillaris,0.6875,3.7,0.6,AM
Cunninghamia_lanceolata,0.55809,48.68,0.21,AM
Cunninghamia_lanceolata,0.48853,30.43,0.25,AM
Cunninghamia_lanceolata,0.53201,15.08,0.24,AM
Cunninghamia_lanceolata,0.7732,7.24,0.31,AM
Magnolia_baillonii,0.5745,19.33,0.28,AM
Magnolia_baillonii,0.74519,8.71,0.24,AM
Magnolia_baillonii,0.86627,6.83,0.21,AM
Endospermum_chinense,0.74889,6.57,0.28,AM
Cryptocarya_chinensis,0.98223,7.51,0.2,AM
Olea_europaea,0.95,3.54,0.5,AM
Olea_europaea,0.45,16.6,0.39,AM
Olea_europaea,0.43,16.9,0.44,AM
Olea_europaea,0.97,4.71,0.34,AM
Olea_europaea,0.9,3.87,0.45,AM
Olea_europaea,0.44,16.5,0.41,AM
Olea_europaea,0.48,15.8,0.4,AM
Acer_negundo,0.24,39.3,0.55,AM
Acer_negundo,0.29,26.27,0.56,AM
Acer_negundo,0.39,14.27,0.59,AM
Acer_negundo,0.22,45.8,0.56,AM
Acer_negundo,0.25,39.31,0.5,AM
Acer_negundo,0.31,18.03,0.74,AM
Acer_negundo,0.22,48.47,0.54,AM
Acer_negundo,0.24,40.84,0.54,AM
Acer_negundo,0.27,26.21,0.67,AM
Acer_rubrum,0.24,42.25,0.53,AM
Acer_rubrum,0.29,28.01,0.56,AM
Acer_rubrum,0.43,12.53,0.56,AM
Acer_rubrum,0.27,46.63,0.39,AM
Acer_rubrum,0.27,35.82,0.48,AM
Acer_rubrum,0.32,18.58,0.66,AM
Acer_rubrum,0.26,49.71,0.39,AM
Acer_rubrum,0.28,34.72,0.47,AM
Acer_rubrum,0.33,23.28,0.51,AM
Acer_saccharum,0.23,39.96,0.58,AM
Acer_saccharum,0.28,23.39,0.68,AM
Acer_saccharum,0.36,10.69,0.95,AM
Acer_saccharum,0.2,50.14,0.63,AM
Acer_saccharum,0.24,37.76,0.59,AM
Acer_saccharum,0.31,26.03,0.51,AM
Acer_saccharum,0.24,45.17,0.49,AM
Acer_saccharum,0.26,36.7,0.51,AM
Acer_saccharum,0.32,18.55,0.69,AM
Carya_glabra,0.18,99.01,0.4,EcM
Carya_glabra,0.2,38.47,0.83,EcM
Carya_glabra,0.27,20.98,0.84,EcM
Carya_glabra,0.16,81.28,0.58,EcM
Carya_glabra,0.15,64.31,0.86,EcM
Carya_glabra,0.19,34.65,0.98,EcM
Carya_glabra,0.14,92.64,0.74,EcM
Carya_glabra,0.15,60.62,0.99,EcM
Carya_glabra,0.2,30.33,1.05,EcM
Juglans_nigra,0.32,14.34,0.85,AM
Juglans_nigra,0.3,14.56,0.95,AM
Juglans_nigra,0.45,6.3,1.0,AM
Juglans_nigra,0.25,24.87,0.83,AM
Juglans_nigra,0.22,36.44,0.72,AM
Juglans_nigra,0.27,31.67,0.54,AM
Juglans_nigra,0.27,21.37,0.81,AM
Juglans_nigra,0.24,29.76,0.76,AM
Juglans_nigra,0.33,14.17,0.85,AM
Liriodendron_tulipifera,0.66,10.2,0.28,AM
Liriodendron_tulipifera,0.69,12.88,0.21,AM
Liriodendron_tulipifera,0.68,7.55,0.36,AM
Liriodendron_tulipifera,0.76,6.87,0.32,AM
Liriodendron_tulipifera,0.83,4.8,0.38,AM
Pinus_strobus,0.19,58.7,0.61,EcM
Pinus_strobus,0.23,37.77,0.64,EcM
Pinus_strobus,0.34,14.74,0.76,EcM
Pinus_strobus,0.28,23.6,0.67,EcM
Pinus_strobus,0.32,20.13,0.61,EcM
Pinus_strobus,0.49,9.03,0.59,EcM
Pinus_strobus,0.31,18.02,0.74,EcM
Pinus_strobus,0.36,14.42,0.69,EcM
Pinus_strobus,0.47,7.73,0.73,EcM
Pinus_virginiana,0.23,35.51,0.69,EcM
Pinus_virginiana,0.26,24.44,0.79,EcM
Pinus_virginiana,0.32,17.62,0.71,EcM
Pinus_virginiana,0.21,34.31,0.84,EcM
Pinus_virginiana,0.24,29.18,0.74,EcM
Pinus_virginiana,0.32,16.47,0.75,EcM
Pinus_virginiana,0.25,29.62,0.69,EcM
Pinus_virginiana,0.28,27.24,0.6,EcM
Pinus_virginiana,0.4,12.34,0.65,EcM
Populus_tremuloides,0.17,61.61,0.68,EcMAM
Populus_tremuloides,0.22,72.13,0.36,EcMAM
Populus_tremuloides,0.36,16.89,0.59,EcMAM
Populus_tremuloides,0.16,64.89,0.73,EcMAM
Populus_tremuloides,0.19,42.35,0.81,EcMAM
Populus_tremuloides,0.26,20.74,0.91,EcMAM
Populus_tremuloides,0.17,68.97,0.61,EcMAM
Populus_tremuloides,0.19,50.19,0.68,EcMAM
Populus_tremuloides,0.23,33.7,0.74,EcMAM
Quercus_alba,0.21,37.93,0.74,EcM
Quercus_alba,0.23,30.65,0.77,EcM
Quercus_alba,0.32,14.37,0.88,EcM
Quercus_alba,0.16,81.12,0.61,EcM
Quercus_alba,0.17,55.97,0.83,EcM
Quercus_alba,0.2,37.8,0.87,EcM
Quercus_alba,0.15,92.23,0.63,EcM
Quercus_alba,0.15,65.0,0.87,EcM
Quercus_alba,0.2,35.36,0.95,EcM
Quercus_rubra,0.15,70.28,0.86,EcM
Quercus_rubra,0.17,52.21,0.84,EcM
Quercus_rubra,0.24,22.64,0.94,EcM
Quercus_rubra,0.15,67.37,0.82,EcM
Quercus_rubra,0.17,64.19,0.66,EcM
Quercus_rubra,0.21,43.04,0.7,EcM
Quercus_rubra,0.2,54.94,0.57,EcM
Quercus_rubra,0.2,42.75,0.74,EcM
Quercus_rubra,0.24,27.28,0.79,EcM
Sassafras_albidum,0.44,14.07,0.46,NMAM
Sassafras_albidum,0.55,10.11,0.42,NMAM
Sassafras_albidum,0.76,4.88,0.45,NMAM
Sassafras_albidum,0.56,15.15,0.27,NMAM
Sassafras_albidum,0.57,12.68,0.3,NMAM
Sassafras_albidum,0.65,8.06,0.38,NMAM
Sassafras_albidum,0.62,12.17,0.27,NMAM
Sassafras_albidum,0.63,10.37,0.31,NMAM
Sassafras_albidum,0.72,6.24,0.4,NMAM
Acer_platanoides,0.41,52.1,0.143,AM
Acer_pseudoplatanus,0.46,49.1,0.133,AM
Fagus_sylvatica,0.36,90.7,0.173,EcM
Quercus_robur,0.46,68.1,0.133,EcM
Tilia_cordata,0.43,45.8,0.214,EcM
Abies_alba,0.62,61.1,0.153,EcM
Larix_decidua,0.53,26.0,0.155,EcM
Picea_abies,0.54,40.9,0.196,EcM
Pinus_nigra,0.45,33.4,0.247,EcM
Pinus_sylvestris,0.58,39.9,0.248,EcM
Pseudotsuga_menziesii,0.57,24.7,0.188,EcM
Pinus_elliottii,0.31,50.24666667,0.263333333,EcM
Pinus_elliottii,0.313333333,42.66666667,0.33,EcM
Pinus_elliottii,0.316666667,47.61333333,0.276666667,EcM
Pinus_elliottii,0.313333333,47.51666667,0.273333333,EcM
Pinus_elliottii,0.31,48.20333333,0.276666667,EcM
Pinus_elliottii,0.35,39.97666667,0.26,EcM
Pinus_elliottii,0.336666667,40.58,0.276666667,EcM
Pinus_elliottii,0.346666667,37.71,0.286666667,EcM
Pinus_elliottii,0.346666667,37.88666667,0.283333333,EcM
Pinus_elliottii,0.346666667,40.44333333,0.26,EcM
Pinus_elliottii,0.44,24.48666667,0.276666667,EcM
Pinus_elliottii,0.423333333,24.59666667,0.296666667,EcM
Pinus_elliottii,0.426666667,24.36,0.3,EcM
Pinus_elliottii,0.433333333,21.61,0.313333333,EcM
Pinus_elliottii,0.426666667,23.06333333,0.306666667,EcM
Pinus_elliottii,0.646666667,11.66,0.283333333,EcM
Pinus_elliottii,0.603333333,12.02333333,0.296666667,EcM
Pinus_elliottii,0.6,11.55666667,0.313333333,EcM
Pinus_elliottii,0.626666667,10.6,0.313333333,EcM
Pinus_elliottii,0.62,10.11333333,0.333333333,EcM
Agathis_australis,0.63,14.0,0.24,AM
Dacrydium_cupressinum,0.51,27.8,0.21,AM
Dacrycarpus_dacrydioides,0.6,17.8,0.21,AM
Halocarpus_biformis,0.64,11.0,0.3,AM
Halocarpus_kirkii,0.65,14.3,0.22,AM
Phyllocladus_trichomanoides,0.6,12.4,0.27,AM
Phyllocladus_trichomanoides,0.76,16.5,0.15,AM
Podocarpus_laetus,0.9,8.4,0.19,AM
Podocarpus_totara,0.88,11.0,0.15,AM
Pectinopitys_ferruginea,0.93,6.7,0.23,AM
Prumnopitys_taxifolia,0.75,11.0,0.21,AM
Ackama_rosifolia,0.36,52.0,0.2,AM
Alectryon_excelsus,0.43,44.7,0.17,AM
Aristotelia_serrata,0.37,82.3,0.12,AM
Carpodetus_serratus,0.53,30.8,0.15,AM
Coprosma_linariifolia,0.56,22.3,0.2,AM
Corynocarpus_laevigatus,0.59,23.8,0.16,AM
Dracophyllum_longifolium,0.22,130.5,0.23,ErM
Didymocheton_spectabilis,0.99,7.1,0.19,AM
Elaeocarpus_dentatus,0.52,38.0,0.15,AM
Elaeocarpus_hookerianus,0.42,33.4,0.21,AM
Fuchsia_excorticata,0.34,84.0,0.13,AM
Nothofagus_solandri,0.29,78.0,0.24,EcM
Nothofagus_fusca,0.31,55.3,0.27,EcM
Nothofagus_solandri,0.24,103.8,0.24,EcM
Nothofagus_fusca,0.28,65.8,0.3,EcM
Hoheria_lyallii,0.54,38.0,0.12,AM
Hoheria_sexstylosa,0.78,23.9,0.09,AM
Knightia_excelsa,0.4,43.7,0.19,NM
Kunzea_ericoides,0.54,39.5,0.13,EcMAM
Leptospermum_scoparium,0.37,97.1,0.13,EcMAM
Nothofagus_obliqua,0.36,35.4,0.31,EcM
Melicytus_ramiflorus,0.54,48.9,0.1,AM
Metrosideros_excelsa,0.49,24.3,0.24,AM
Metrosideros_robusta,0.43,47.6,0.16,AM
Metrosideros_umbellata,0.4,42.5,0.21,AM
Myrsine_australis,0.41,40.3,0.2,AM
Myrsine_divaricata,0.36,41.6,0.25,AM
Myrsine_coriacea,0.48,29.3,0.2,AM
Nestegis_lanceolata,0.75,11.0,0.22,AM
Olearia_rani,0.47,59.6,0.11,AM
Pennantia_corymbosa,0.5,34.4,0.15,AM
Pittosporum_eugenioides,0.42,49.5,0.15,AM
Pittosporum_tenuifolium,0.43,51.2,0.14,AM
Plagianthus_regius,0.44,58.3,0.12,AM
Neopanax_arboreus,0.78,17.9,0.13,AM
Pseudopanax_crassifolius,0.93,10.7,0.15,AM
Quintinia_serrata,0.41,38.0,0.2,AM
Schefflera_digita,0.63,44.6,0.07,AM
Sophora_microphylla,0.49,31.5,0.18,AM
Syzygium_maire,0.31,79.3,0.18,AM
Vitex_lucens,0.56,35.0,0.13,AM
Pterophylla_racemosa,0.37,44.7,0.24,AM
Weinmannia_silvicola,0.38,39.4,0.24,AM
Beilschmiedia_tarairi,0.91,8.0,0.21,AM
Beilschmiedia_tawa,0.74,9.1,0.27,AM
Pseudowintera_colorata,0.63,28.0,0.12,AM
Rhopalostylis_sapida,0.51,22.3,0.26,AM
Alsophila_tricolor,0.58,19.9,0.21,AM
Sphaeropteris_medullaris,0.47,28.3,0.21,AM
Alsophila_smithii,0.62,14.9,0.22,AM
Dicksonia_squarrosa,0.69,15.7,0.19,AM
Helianthus_agrestis,0.54918084,255.93,0.033,AM
Helianthus_agrestis,0.49610514,192.73,0.043,AM
Helianthus_angustifolius,0.516297715,345.25,0.03,AM
Helianthus_angustifolius,0.52955755,311.77,0.031,AM
Helianthus_angustifolius,0.60323844,316.79,0.031,AM
Helianthus_annuus,0.57599205,237.5,0.033,AM
Helianthus_annuus,0.47357189,230.57,0.037,AM
Helianthus_annuus,0.70920667,261.8,0.031,AM
Helianthus_argophyllus,0.53362036,301.36,0.032,AM
Helianthus_argophyllus,0.39821412,261.46,0.032,AM
Helianthus_atrorubens,0.52644428,271.2,0.033,AM
Helianthus_carnosus,0.6559221,296.17,0.032,AM
Helianthus_carnosus,0.55892226,274.24,0.034,AM
Helianthus_carnosus,0.65034761,241.52,0.03,AM
Helianthus_cusickii,0.60333936,193.82,0.034,AM
Helianthus_cusickii,0.58986702,161.56,0.035,AM
Helianthus_debilis,0.44412818,321.9,0.034,AM
Helianthus_floridanus,0.6385399,261.64,0.03,AM
Helianthus_floridanus,0.69384638,230.58,0.039,AM
Helianthus_giganteus,0.54078438,233.08,0.036,AM
Helianthus_giganteus,0.46715272,226.69,0.036,AM
Helianthus_grosseserratus,0.54363121,207.96,0.036,AM
Helianthus_grosseserratus,0.47303118,216.89,0.036,AM
Helianthus_heterophyllus,0.67434704,283.57,0.027,AM
Helianthus_heterophyllus,0.58926378,259.51,0.03,AM
Helianthus_longifolius,0.45196809,370.27,0.029,AM
Helianthus_longifolius,0.46626185,367.94,0.031,AM
Helianthus_longifolius,0.47927918,309.49,0.032,AM
Helianthus_maximiliani,0.55154907,237.44,0.036,AM
Helianthus_maximiliani,0.50171589,297.1,0.035,AM
Pappobolus_microphyllus,0.43413623,273.67,0.036,AM
Pappobolus_microphyllus,0.51418119,288.43,0.035,AM
Helianthus_mollis,0.42693533,279.95,0.033,AM
Helianthus_mollis,0.47998049,293.3,0.036,AM
Helianthus_neglectus,0.35815361,265.72,0.031,AM
Helianthus_neglectus,0.43053293,273.39,0.029,AM
Helianthus_niveus,0.5721356,257.07,0.046,AM
Helianthus_occidentalis,0.45788951,296.72,0.036,AM
Helianthus_petiolaris,0.44593893,306.55,0.033,AM
Helianthus_petiolaris,0.45384872,288.04,0.03,AM
Helianthus_porteri,0.49103951,404.55,0.031,AM
Helianthus_porteri,0.38310766,421.21,0.03,AM
Helianthus_porteri,0.51443387,354.48,0.04,AM
Helianthus_praecox,0.43635522,383.31,0.034,AM
Helianthus_radula,0.59008489,279.2,0.037,AM
Helianthus_radula,0.54089514,242.36,0.043,AM
Helianthus_salicifolius,0.40499608,227.59,0.04,AM
Helianthus_salicifolius,0.40137805,268.32,0.035,AM
Helianthus_silphioides,0.48386057,220.09,0.045,AM
Helianthus_silphioides,0.60673044,248.01,0.033,AM
Helianthus_verticillatus,0.52220415,260.95,0.041,AM
Helianthus_verticillatus,0.56779146,196.52,0.042,AM
Pinus_sylvestris,0.28118,37.14224201,0.470831622,EcM
Pinus_sylvestris,0.27985,37.14506327,0.435252912,EcM
Pinus_sylvestris,0.319383333,29.0030575,0.428428332,EcM
Pinus_sylvestris,0.41108,20.15292753,0.370434786,EcM
Pinus_sylvestris,0.48316,13.82755693,0.391245602,EcM
Pinus_sylvestris,0.53872,11.78268441,0.373003758,EcM
Pinus_sylvestris,0.60124,8.683453528,0.40014534,EcM
Pinus_sylvestris,0.64645,6.519720951,0.42626307,EcM
Pinus_sylvestris,0.2998,31.77032902,0.459984395,EcM
Pinus_sylvestris,0.294216667,33.8428978,0.431157578,EcM
Pinus_sylvestris,0.33294,25.95139613,0.440217834,EcM
Pinus_sylvestris,0.40252,18.10583552,0.434347042,EcM
Pinus_sylvestris,0.4916,13.27025971,0.40194176,EcM
Pinus_sylvestris,0.6049,9.800107735,0.353617756,EcM
Pinus_sylvestris,0.65684,7.982719771,0.354765158,EcM
Pinus_sylvestris,0.72175,4.039415401,0.33062201,EcM
Pinus_sylvestris,0.24323,39.69512859,0.553884057,EcM
Pinus_sylvestris,0.252314286,36.69640094,0.543894301,EcM
Pinus_sylvestris,0.30978,28.06489627,0.471853424,EcM
Pinus_sylvestris,0.38782,21.07815787,0.399129036,EcM
Pinus_sylvestris,0.46072,16.14452586,0.36648166,EcM
Pinus_sylvestris,0.5735,10.5934757,0.360663498,EcM
Pinus_sylvestris,0.67442,7.180641032,0.406142816,EcM
Pinus_sylvestris,0.8835,4.79779848,0.33742857,EcM
Pinus_sylvestris,0.275875,34.10184768,0.490284579,EcM
Pinus_sylvestris,0.2795,35.29542423,0.456200313,EcM
Pinus_sylvestris,0.34225,26.01100008,0.414001175,EcM
Pinus_sylvestris,0.4033,20.4831399,0.372677535,EcM
Pinus_sylvestris,0.494075,14.66742463,0.352012735,EcM
Pinus_sylvestris,0.56255,12.0264889,0.338119815,EcM
Pinus_sylvestris,0.623,8.758604997,0.3841746,EcM
Pinus_sylvestris,0.77145,4.491277605,0.47642857,EcM
Pinus_sylvestris,0.6805,7.853391596,0.36547619,EcM
Pinus_sylvestris,0.288825,33.13753691,0.456920118,EcM
Pinus_sylvestris,0.3013,34.69065624,0.396579835,EcM
Pinus_sylvestris,0.360866667,27.23233392,0.356536107,EcM
Pinus_sylvestris,0.4296,19.69206079,0.34618604,EcM
Pinus_sylvestris,0.525,14.00632997,0.323915205,EcM
Pinus_sylvestris,0.5884,11.51391166,0.319447535,EcM
Pinus_sylvestris,0.694,8.56526929,0.31187513,EcM
Pinus_sylvestris,0.69115,8.10126548,0.321398125,EcM
Pinus_sylvestris,0.84685,5.511598095,0.34899123,EcM
Pinus_sylvestris,0.27282,33.15591119,0.520460853,EcM
Pinus_sylvestris,0.2838,33.59234067,0.463384581,EcM
Pinus_sylvestris,0.345542857,25.98207648,0.407775361,EcM
Pinus_sylvestris,0.4151,19.20797616,0.377870724,EcM
Pinus_sylvestris,0.50052,14.20283089,0.349676504,EcM
Pinus_sylvestris,0.58614,10.85616026,0.334206278,EcM
Pinus_sylvestris,0.65208,8.458731587,0.362347076,EcM
Pinus_sylvestris,0.766125,6.421803551,0.332737015,EcM
Pinus_sylvestris,0.88605,5.22361327,0.36587805,EcM
Pinus_sylvestris,0.36115,24.50542736,0.363610502,EcM
Pinus_sylvestris,0.376357143,22.87245007,0.411702816,EcM
Pinus_sylvestris,0.5442875,14.61739941,0.410215519,EcM
Pinus_sylvestris,0.774511111,6.796655289,0.401346808,EcM
Pinus_sylvestris,0.3472,26.67207009,0.410793337,EcM
Pinus_sylvestris,0.36368,25.4928359,0.39180695,EcM
Pinus_sylvestris,0.4874,14.96684738,0.372338598,EcM
Pinus_sylvestris,0.618955556,9.226629268,0.360189113,EcM
Pinus_sylvestris,0.82191,5.716744763,0.34061462,EcM
Pinus_sylvestris,0.29815,29.74783476,0.4855722,EcM
Pinus_sylvestris,0.2948,31.06859593,0.473899055,EcM
Pinus_sylvestris,0.40789,19.19602795,0.40706783,EcM
Pinus_sylvestris,0.579633333,10.6488302,0.365107374,EcM
Pinus_sylvestris,0.76205,6.571239735,0.332575354,EcM
Pinus_sylvestris,0.33768,23.38915612,0.487374924,EcM
Pinus_sylvestris,0.33218,26.88071614,0.432109284,EcM
Pinus_sylvestris,0.409071429,18.43059094,0.414745689,EcM
Pinus_sylvestris,0.6242125,8.71253858,0.378413274,EcM
Pinus_sylvestris,0.886,4.03907544,0.374573754,EcM
Pinus_sylvestris,0.34134,22.75353781,0.494847225,EcM
Pinus_sylvestris,0.3499,20.58660444,0.498641572,EcM
Pinus_sylvestris,0.4539125,14.49977468,0.428040774,EcM
Pinus_sylvestris,0.62632,8.53317174,0.380295266,EcM
Pinus_sylvestris,0.840283333,5.311216037,0.376069182,EcM
Pinus_sylvestris,0.314925,21.28931401,0.600110322,EcM
Pinus_sylvestris,0.35206,22.7187504,0.447318102,EcM
Pinus_sylvestris,0.47854,13.19520242,0.409111802,EcM
Pinus_sylvestris,0.672683333,7.363089948,0.375207958,EcM
Pinus_sylvestris,0.806014286,5.326997711,0.358387841,EcM
Pinus_sylvestris,0.983283333,3.576595745,0.353543483,EcM
Pinus_sylvestris,0.326755556,21.18796564,0.573932997,EcM
Pinus_sylvestris,0.31666,27.75395982,0.474851258,EcM
Pinus_sylvestris,0.40646,16.40982538,0.47330439,EcM
Pinus_sylvestris,0.56658,10.0109578,0.404898818,EcM
Pinus_sylvestris,0.76194,6.176354934,0.359350416,EcM
Pinus_sylvestris,0.96814,3.856221158,0.363329284,EcM
Pinus_sylvestris,0.288611111,26.75887283,0.574396093,EcM
Pinus_sylvestris,0.31184,28.12296028,0.465529914,EcM
Pinus_sylvestris,0.45144,15.34650385,0.417971512,EcM
Pinus_sylvestris,0.696214286,8.068506834,0.347274304,EcM
Pinus_sylvestris,0.854028571,5.02381579,0.359287017,EcM
Pinus_sylvestris,0.25466,38.394499,0.516940944,EcM
Pinus_sylvestris,0.28982,30.06287082,0.497830478,EcM
Pinus_sylvestris,0.36714,20.11672576,0.45962662,EcM
Pinus_sylvestris,0.46634,12.6380032,0.464531294,EcM
Pinus_sylvestris,0.68755,5.733243638,0.44470649,EcM
Pinus_sylvestris,0.825275,3.947993822,0.448808448,EcM
Pinus_sylvestris,0.867266668,3.87057011,0.438250877,EcM
Pinus_sylvestris,0.28378,33.33028524,0.465486572,EcM
Pinus_sylvestris,0.31984,28.72337202,0.423124808,EcM
Pinus_sylvestris,0.39878,18.45599012,0.418516756,EcM
Pinus_sylvestris,0.50202,11.60558102,0.418277272,EcM
Pinus_sylvestris,0.6299,7.357756328,0.414768105,EcM
Pinus_sylvestris,0.756333332,5.431691558,0.407592697,EcM
Pinus_sylvestris,0.28862,36.80789014,0.419448714,EcM
Pinus_sylvestris,0.35732,23.70085664,0.40838213,EcM
Pinus_sylvestris,0.4306,15.63133492,0.417644006,EcM
Pinus_sylvestris,0.59178,6.802506886,0.4176447,EcM
Pinus_sylvestris,0.795572,3.604716388,0.434546792,EcM
Pinus_sylvestris,0.942866668,3.427097325,0.447681687,EcM
Pinus_sylvestris,0.31838,30.6856032,0.41409726,EcM
Pinus_sylvestris,0.37072,19.6577064,0.463494528,EcM
Pinus_sylvestris,0.48914,11.31902536,0.45514995,EcM
Pinus_sylvestris,0.58956,7.67317512,0.43518767,EcM
Pinus_sylvestris,0.827775,4.308208926,0.405274408,EcM
Pinus_sylvestris,0.34926,32.59487474,0.337621996,EcM
Pinus_sylvestris,0.34392,25.73469346,0.417744074,EcM
Pinus_sylvestris,0.46934,14.01443998,0.403986452,EcM
Pinus_sylvestris,0.65164,7.237230462,0.403315496,EcM
Pinus_sylvestris,0.80562,4.786386828,0.399419782,EcM
Pinus_sylvestris,0.9729,3.392768048,0.410393773,EcM
Pinus_sylvestris,0.42388,26.7465868,0.266234636,EcM
Pinus_sylvestris,0.3605,26.45515724,0.365922168,EcM
Pinus_sylvestris,0.45314,17.19805842,0.349923764,EcM
Pinus_sylvestris,0.67596,7.352587344,0.362526412,EcM
Pinus_sylvestris,0.87285,6.208355458,0.377853758,EcM
Pinus_sylvestris,0.7395,5.900802593,0.38011905,EcM
Pinus_sylvestris,0.38606,27.68299078,0.313255148,EcM
Pinus_sylvestris,0.3849,24.00681618,0.378008984,EcM
Pinus_sylvestris,0.57334,12.03162313,0.332150632,EcM
Pinus_sylvestris,0.74494,6.426150678,0.360057744,EcM
Pinus_sylvestris,0.8957,4.160789332,0.37551945,EcM
Pinus_sylvestris,0.39246,26.02177348,0.318736632,EcM
Pinus_sylvestris,0.40598,19.53794424,0.41206141,EcM
Pinus_sylvestris,0.53516,13.45275657,0.340570244,EcM
Pinus_sylvestris,0.739925,6.708666134,0.331326235,EcM
Pinus_sylvestris,0.8733,4.398698182,0.357887703,EcM
Pinus_sylvestris,0.966766668,3.630321562,0.35555689,EcM
Pinus_sylvestris,0.34764,34.47544114,0.3090896,EcM
Pinus_sylvestris,0.34296,26.89918884,0.404163116,EcM
Pinus_sylvestris,0.49138,13.86153502,0.382819132,EcM
Pinus_sylvestris,0.63766,8.363680698,0.383368074,EcM
Pinus_sylvestris,0.9504,3.780278618,0.345416397,EcM
Pinus_sylvestris,0.36534,28.67741112,0.339729622,EcM
Pinus_sylvestris,0.38996,21.33291,0.392135232,EcM
Pinus_sylvestris,0.53838,13.17396639,0.339329104,EcM
Pinus_sylvestris,0.698525,6.68067646,0.374410125,EcM
Pinus_sylvestris,0.9372,3.76919845,0.35264272,EcM
Pinus_sylvestris,0.3744,25.90437706,0.357745833,EcM
Pinus_sylvestris,0.425475,17.93092834,0.393587438,EcM
Pinus_sylvestris,0.563225,10.62729581,0.369610187,EcM
Pinus_sylvestris,0.8172,5.587883818,0.364605188,EcM
Pinus_sylvestris,0.9069,4.127146712,0.350676993,EcM
Pinus_sylvestris,0.34174,37.29363652,0.31051761,EcM
Pinus_sylvestris,0.34996,27.82625898,0.376911094,EcM
Pinus_sylvestris,0.4461,16.39018784,0.381935987,EcM
Pinus_sylvestris,0.579325,9.960804206,0.377016023,EcM
Pinus_sylvestris,0.698033332,9.60563396,0.437966903,EcM
Pinus_sylvestris,0.38152,31.07990984,0.294005442,EcM
Pinus_sylvestris,0.34374,28.69687116,0.37562978,EcM
Pinus_sylvestris,0.45486,16.40816716,0.382270118,EcM
Pinus_sylvestris,0.57108,9.89283757,0.393759866,EcM
Pinus_sylvestris,0.6504,10.0193377,0.30816327,EcM
Pinus_sylvestris,0.9104,5.78339176,0.26,EcM
Pinus_sylvestris,0.3196,37.38172844,0.348145406,EcM
Pinus_sylvestris,0.33382,30.7248456,0.36965319,EcM
Pinus_sylvestris,0.43534,19.03412652,0.34740222,EcM
Pinus_sylvestris,0.53002,13.64830622,0.332575424,EcM
Pinus_sylvestris,0.7577,6.627707462,0.348433045,EcM
Pinus_sylvestris,0.8747,4.8145,0.33333333,EcM
Pinus_sylvestris,0.40258,28.07065808,0.28434716,EcM
Pinus_sylvestris,0.40138,26.84311714,0.30414291,EcM
Pinus_sylvestris,0.50538,19.0632876,0.288655478,EcM
Pinus_sylvestris,0.71186,9.41806506,0.277491764,EcM
Pinus_sylvestris,0.9353,3.73905981,0.419923375,EcM
Pinus_sylvestris,0.47286,21.32683038,0.265221242,EcM
Pinus_sylvestris,0.43614,19.94222642,0.333136012,EcM
Pinus_sylvestris,0.60306,9.603491462,0.363688642,EcM
Pinus_sylvestris,0.80676,5.408783982,0.36030302,EcM
Pinus_sylvestris,0.942325,4.109009448,0.358611108,EcM
Pinus_sylvestris,0.7846,4.89390898,0.41546392,EcM
Pinus_sylvestris,0.459,26.38,0.23,EcM
Larix_decidua,0.464,27.8,0.22,EcM
Acer_campestre,0.413,43.73,0.17,AM
Prunus_avium,0.363,60.06,0.19,AM
Fraxinus_excelsior,0.462,29.23,0.21,AM
Quercus_robur,0.417,55.29,0.16,EcM
Acer_platanoides,0.416,37.23,0.21,AM
Acer_pseudoplatanus,0.387,75.69,0.12,AM
Carpinus_betulus,0.381,54.01,0.17,EcM
Picea_abies,0.441,25.19,0.26,EcM
Abies_alba,0.496,22.12,0.24,EcM
Tilia_cordata,0.426,51.66,0.15,EcM
Fagus_sylvatica,0.439,52.8,0.13,EcM
Pinus_sylvestris,0.528,11.8,0.39,EcM
Larix_decidua,0.52,15.39,0.33,EcM
Acer_campestre,0.429,18.21,0.39,AM
Prunus_avium,0.343,25.08,0.48,AM
Fraxinus_excelsior,0.455,19.12,0.33,AM
Quercus_robur,0.359,23.33,0.46,EcM
Acer_platanoides,0.398,22.03,0.38,AM
Acer_pseudoplatanus,0.34,33.88,0.34,AM
Carpinus_betulus,0.343,23.36,0.48,EcM
Picea_abies,0.534,11.17,0.42,EcM
Abies_alba,0.543,12.86,0.34,EcM
Tilia_cordata,0.453,16.79,0.42,EcM
Fagus_sylvatica,0.404,26.2,0.33,EcM
Fraxinus_nigra,0.6014,17.89626126,0.196460177,AM
Acer_rubrum,0.6332,36.93527197,0.085971223,AM
Quercus_palustris,0.4785,27.34466346,0.203921569,EcM
Acer_rubrum,0.5631,26.45218182,0.151724138,AM
Fraxinus_nigra,0.6798,8.255908222,0.333121019,AM
Acer_rubrum,0.6582,15.34777778,0.192073171,AM
Acer_rubrum,0.6399,52.48464286,0.059259259,AM
Fraxinus_nigra,0.6487,12.21682274,0.247107438,AM
Liriodendron_tulipifera,0.8584,8.037146067,0.214975845,AM
Carya_cordiformis,0.6394,13.86349291,0.224701195,EcM
Acer_rubrum,0.4089,40.06066265,0.190804598,AM
Acer_rubrum,0.5049,17.11590164,0.292215569,AM
Quercus_palustris,0.5282,48.07172727,0.094827586,EcM
Carya_cordiformis,0.6245,16.71204593,0.195510204,EcM
Acer_saccharum,0.5392,7.91022508,0.555357143,AM
Acer_saccharum,0.5874,10.27920513,0.357798165,AM
Carya_cordiformis,0.5282,65.49858696,0.06969697,EcM
Acer_saccharum,0.4873,47.14826087,0.113114754,AM
Carya_cordiformis,0.5257,34.25791209,0.133823529,EcM
Cornus_florida,0.7482,8.108521401,0.280567686,AM
Quercus_rubra,0.6798,5.99053656,0.460290557,EcM
Quercus_rubra,0.6333,8.10008547,0.393277311,EcM
Quercus_rubra,0.7041,4.25530873,0.60472103,EcM
Quercus_rubra,0.6599,11.95200957,0.244444444,EcM
Quercus_bicolor,0.4935,17.89042105,0.290816327,EcM
Quercus_bicolor,0.4805,51.31107438,0.107079646,EcM
Quercus_bicolor,0.4816,50.23137255,0.109285714,EcM
Quercus_bicolor,0.536,22.71443396,0.194495413,EcM
Quercus_bicolor,0.5624,13.18084932,0.304166667,EcM
Quercus_bicolor,0.5117,43.13175,0.114285714,EcM
Quercus_bicolor,0.4407,20.36175325,0.320833333,EcM
Quercus_bicolor,0.5275,34.29844282,0.133441558,EcM
Fraxinus_americana,0.712,7.646638338,0.328372093,AM
Fagus_grandifolia,0.7948,22.11033019,0.090987124,EcM
Fraxinus_americana,0.4698,28.46421233,0.202777778,AM
Acer_saccharum,0.5628,38.38456919,0.104644809,AM
Fagus_grandifolia,0.6251,19.32041667,0.168152866,EcM
Fagus_grandifolia,0.7214,17.52103203,0.139800995,EcM
Acer_saccharum,0.5838,28.69100334,0.13,AM
Prunus_serotina,0.8277,6.098505155,0.305511811,AM
Prunus_serotina,0.6862,12.22554974,0.222093023,AM
Carya_cordiformis,0.4712,51.31830357,0.112,EcM
Prunus_serotina,0.7599,14.461375,0.152380952,AM
Carya_cordiformis,0.558,44.50218182,0.091666667,EcM
Prunus_serotina,0.9871,6.185352697,0.211403509,AM
Fagus_grandifolia,0.6847,3.982384519,0.684615385,EcM
Acer_saccharum,0.4275,19.92315068,0.347619048,AM
Acer_saccharum,0.5079,40.77202381,0.120863309,AM
Fagus_grandifolia,0.5094,16.85503704,0.293478261,EcM
Acer_rubrum,0.6569,24.73406844,0.119545455,AM
Acer_rubrum,0.6399,25.01976608,0.124363636,AM
Acer_rubrum,0.6025,26.96536946,0.130128205,AM
Acer_saccharum,0.5885,25.83668016,0.141954023,AM
Carpinus_caroliniana,0.626,31.37876543,0.103846154,EcM
Carpinus_caroliniana,0.6132,25.35678295,0.133678756,EcM
Acer_rubrum,0.5912,38.0723913,0.095833333,AM
Carpinus_caroliniana,0.5294,74.89108696,0.060526316,EcM
Quercus_rubra,0.6581,27.87546053,0.105555556,EcM
Carya_ovata,0.5828,17.27108824,0.21656051,EcM
Carya_ovata,0.6056,24.645,0.140776699,EcM
Carya_ovata,0.6095,19.28104895,0.177639752,EcM
Carya_ovata,0.4911,65.05709302,0.081132075,EcM
Carya_ovata,0.5534,37.98323529,0.109677419,EcM
Carya_ovata,0.6982,9.640291971,0.271287129,EcM
Fagus_grandifolia,0.7955,6.723737374,0.3,EcM
Carya_ovata,0.547,29.85045455,0.146666667,EcM
Acer_saccharum,0.6337,16.4,0.194642857,AM
Acer_rubrum,0.6182,63.3569697,0.052380952,AM
Acer_rubrum,0.567,24.28659574,0.162068966,AM
Acer_rubrum,0.5426,28.94408163,0.148484848,AM
Acer_saccharum,0.6566,28.80626316,0.102702703,AM
Fagus_grandifolia,0.6608,6.201938534,0.47,EcM
Fagus_grandifolia,0.5954,19.99189573,0.18034188,EcM
Fagus_grandifolia,0.8593,4.476242775,0.38566879,EcM
Fagus_grandifolia,0.6882,8.031782609,0.334951456,EcM
Acer_saccharum,0.541,40.71323529,0.106726457,AM
Acer_saccharum,0.5299,30.5489781,0.148108108,AM
Acer_saccharum,0.6153,29.64107143,0.113513514,AM
Fagus_grandifolia,0.6259,9.598503254,0.338970588,EcM
Fagus_grandifolia,0.699,12.43016064,0.209243697,EcM
Acer_rubrum,0.5915,12.82694595,0.284615385,AM
Acer_rubrum,0.5542,22.81270471,0.181531532,AM
Acer_rubrum,0.5356,35.60451429,0.125,AM
Carya_ovata,0.7237,11.24874016,0.215864023,EcM
Carya_ovata,0.5205,36.08272727,0.130263158,EcM
Acer_rubrum,0.6224,18.41061798,0.178,AM
Acer_rubrum,0.5662,6.577586478,0.602843602,AM
Prunus_serotina,0.6205,19.62703518,0.168644068,AM
Fagus_grandifolia,0.9018,8.764645669,0.178873239,EcM
Fagus_grandifolia,0.8043,15.74627049,0.125128205,EcM
Fagus_grandifolia,0.5921,17.96015306,0.202061856,EcM
Fagus_grandifolia,0.8155,5.158431373,0.372262774,EcM
Fagus_grandifolia,0.6854,5.478948339,0.492727273,EcM
Acer_rubrum,0.4623,32.61752874,0.183157895,AM
Acer_rubrum,0.5467,53.76765714,0.07918552,AM
Populus_grandidentata,0.4619,44.70383333,0.133333333,EcMAM
Populus_grandidentata,0.5975,15.03833619,0.23699187,EcMAM
Acer_saccharum,0.5562,28.68099448,0.143650794,AM
Populus_grandidentata,0.6351,42.53011364,0.07394958,EcMAM
Populus_grandidentata,0.5854,31.9738326,0.116410256,EcMAM
Acer_saccharum,0.8429,4.295951515,0.416666667,AM
Acer_saccharum,0.5102,18.14911602,0.270149254,AM
Prunus_serotina,0.6293,11.45745331,0.28047619,AM
Acer_saccharum,0.4368,18.8059465,0.354744526,AM
Acer_saccharum,0.5954,19.98903766,0.179699248,AM
Prunus_serotina,0.4996,19.81976119,0.257692308,AM
Fagus_grandifolia,0.4553,20.12746606,0.306944444,EcM
Acer_saccharum,0.5585,16.33096021,0.25,AM
Acer_rubrum,0.6929,22.44821782,0.118823529,AM
Acer_rubrum,0.5187,39.62424837,0.11953125,AM
Acer_rubrum,0.5057,50.78030303,0.098019802,AM
Acer_rubrum,0.5357,29.06744318,0.153043478,AM
Acer_rubrum,0.5247,22.47333333,0.206666667,AM
Acer_rubrum,0.5096,43.68861538,0.112068966,AM
Acer_rubrum,0.5434,14.94371274,0.28828125,AM
Acer_rubrum,0.6156,13.76327957,0.243668122,AM
Acer_rubrum,0.5049,25.95411765,0.192907801,AM
Fagus_grandifolia,0.6376,8.221417722,0.379807692,EcM
Acer_saccharum,0.4706,39.17379747,0.146296296,AM
Acer_saccharum,0.5246,49.57383721,0.093478261,AM
Carya_ovata,0.5484,22.6928972,0.187719298,EcM
Carya_ovata,0.4987,27.20506849,0.187179487,EcM
Acer_saccharum,0.4676,29.78385621,0.196153846,AM
Acer_saccharum,0.482,24.02633333,0.227272727,AM
Carya_ovata,0.4691,26.53567376,0.216923077,EcM
Carya_ovata,0.5294,22.77687179,0.198979592,EcM
Carya_ovata,0.5498,11.38078431,0.37016129,EcM
Carya_ovata,0.5298,26.13786885,0.174285714,EcM
Acer_rubrum,0.5767,90.93627907,0.042156863,AM
Acer_rubrum,0.4932,50.05387387,0.104716981,AM
Acer_saccharum,0.5827,42.61657718,0.08816568,AM
Acer_saccharum,0.5218,101.7923529,0.045945946,AM
Acer_saccharum,0.5046,54.17428571,0.092561983,AM
Acer_saccharum,0.5187,21.01561644,0.224615385,AM
Nyssa_sylvatica,0.8966,15.49623853,0.102347418,AM
Nyssa_sylvatica,0.8196,14.08343137,0.134210526,AM
Nyssa_sylvatica,0.7712,17.0338843,0.126041667,AM
Prunus_serotina,0.6728,21.47965986,0.13125,AM
Acer_rubrum,0.5355,18.46439474,0.240506329,AM
Acer_saccharum,0.4052,46.96274854,0.164423077,AM
Acer_rubrum,0.7368,30.05565217,0.077966102,AM
Prunus_serotina,0.8012,15.28235602,0.129931973,AM
Liriodendron_tulipifera,0.8164,11.96567114,0.159358289,AM
Prunus_serotina,0.5601,14.74329966,0.275,AM
Acer_saccharum,0.5426,8.983816964,0.48172043,AM
Carya_ovata,0.5932,19.08762821,0.189665653,EcM
Carya_ovata,0.5006,15.05087444,0.337878788,EcM
Carya_ovata,0.3345,31.42565737,0.363768116,EcM
Carya_ovata,0.699,13.65617647,0.190654206,EcM
Acer_saccharum,0.5105,56.14782051,0.086666667,AM
Acer_saccharum,0.5589,23.22606667,0.175438596,AM
Acer_saccharum,0.5716,23.64539474,0.164502165,AM
Prunus_serotina,0.5533,27.99708333,0.147692308,AM
Prunus_serotina,0.6244,22.6183908,0.143801653,AM
Acer_saccharum,0.5909,17.42103943,0.209774436,AM
Carya_ovata,0.6154,22.97945402,0.146218487,EcM
Carya_ovata,0.5961,16.36031915,0.218604651,EcM
Carya_ovata,0.6443,14.11631922,0.217730496,EcM
Acer_saccharum,0.5916,32.64304054,0.111278195,AM
Prunus_serotina,0.5638,11.2556391,0.354666667,AM
Acer_rubrum,0.5505,24.00618519,0.175324675,AM
Fagus_grandifolia,0.5935,12.60537143,0.286885246,EcM
Acer_rubrum,0.4977,23.89242718,0.214583333,AM
Prunus_serotina,0.5414,16.99385113,0.255371901,AM
Acer_rubrum,0.5209,38.91097403,0.1203125,AM
Prunus_serotina,0.5287,21.125,0.216438356,AM
Acer_rubrum,0.4976,60.90795455,0.084615385,AM
Acer_rubrum,0.5257,36.93345029,0.124817518,AM
Acer_rubrum,0.501,37.49925926,0.135,AM
Acer_rubrum,0.5148,45.46894737,0.105555556,AM
Prunus_serotina,0.5022,48.95528302,0.103921569,AM
Acer_rubrum,0.4234,43.67927711,0.162745098,AM
Acer_saccharum,0.4767,53.86946565,0.103968254,AM
Fagus_grandifolia,0.5201,39.33453552,0.119607843,EcM
Prunus_serotina,0.7656,25.24266667,0.085987261,AM
Quercus_rubra,0.4924,18.38256198,0.286390533,EcM
Prunus_serotina,0.7887,24.57684211,0.083211679,AM
Quercus_rubra,0.3999,43.53189394,0.183333333,EcM
Carya_ovata,0.6358,10.90653257,0.28839779,EcM
Acer_saccharum,0.6314,16.01216769,0.199591837,AM
Liriodendron_tulipifera,0.8263,13.7975,0.135433071,AM
Carya_ovata,0.5245,28.43993902,0.162376238,EcM
Carya_ovata,0.4991,22.11305455,0.231092437,EcM
Acer_rubrum,0.477,30.93848739,0.18030303,AM
Acer_saccharum,0.6613,13.15430267,0.221710526,AM
Carya_ovata,0.5278,32.91646667,0.138888889,EcM
Acer_rubrum,0.4729,23.56503226,0.2421875,AM
Acer_saccharum,0.6401,49.61492754,0.062727273,AM
Acer_saccharum,0.6269,15.68876,0.20661157,AM
Acer_saccharum,0.5954,50.81502959,0.070711297,AM
Acer_saccharum,0.6425,47.15698276,0.065536723,AM
Acer_saccharum,0.6229,55.52277778,0.059340659,AM
Prunus_serotina,0.6529,30.31475,0.098765432,AM
Acer_saccharum,0.5152,29.63152632,0.162393162,AM
Carya_ovata,0.7209,18.48523585,0.1325,EcM
Carya_ovata,0.582,28.24922747,0.133142857,EcM
Carya_ovata,0.8488,23.50802885,0.075090253,EcM
Fraxinus_americana,0.6996,16.92227979,0.153784861,AM
Acer_saccharum,0.4745,38.6484252,0.145977011,AM
Acer_saccharum,0.567,36.51449495,0.108196721,AM
Acer_saccharum,0.5117,25.98438356,0.187179487,AM
Acer_saccharum,0.5358,29.14297436,0.15234375,AM
Acer_saccharum,0.4942,39.34904762,0.132631579,AM
Acer_saccharum,0.5644,26.14340336,0.152564103,AM
Fraxinus_americana,0.7295,9.888888889,0.243243243,AM
Fraxinus_americana,0.6489,13.90131086,0.217073171,AM
Acer_saccharum,0.4841,39.01329317,0.139106145,AM
Acer_saccharum,0.3753,11.82454098,0.7625,AM
Acer_saccharum,0.4409,38.28442623,0.171028037,AM
Acer_saccharum,0.373,15.11776738,0.603225806,AM
Acer_saccharum,0.5806,29.77747706,0.126744186,AM
Acer_saccharum,0.5253,13.9452568,0.331,AM
Fraxinus_nigra,0.7355,36.56083832,0.064478764,AM
Acer_saccharum,0.6219,24.04453552,0.137078652,AM
Fraxinus_nigra,0.7149,51.89705426,0.04795539,AM
Acer_saccharum,0.5302,53.85822222,0.083850932,AM
Platanus_occidentalis,0.5898,15.03288032,0.242857143,AM
Carya_ovata,0.5648,22.31907473,0.178980892,EcM
Carya_ovata,0.5663,25.07381285,0.15840708,EcM
Acer_rubrum,0.6538,29.76973958,0.1,AM
Carya_ovata,0.614,15.45402582,0.218461538,EcM
Fraxinus_nigra,0.5828,26.0437741,0.144047619,AM
Fraxinus_nigra,0.6062,16.44420979,0.210914454,AM
Fraxinus_nigra,0.6303,22.48157321,0.142666667,AM
Fraxinus_nigra,0.613,16.40819672,0.206280193,AM
Carya_ovata,0.6277,9.303389289,0.3475,EcM
Fraxinus_nigra,0.6373,4.886831683,0.641269841,AM
Carya_ovata,0.5669,26.782,0.148255814,EcM
Fraxinus_nigra,0.6303,39.68826087,0.080701754,AM
Carya_ovata,0.467,11.37335766,0.51375,EcM
Carya_ovata,0.539,7.192002535,0.611627907,EcM
Carya_ovata,0.5717,18.94537572,0.205952381,EcM
Carya_ovata,0.6789,7.777333333,0.355769231,EcM
Carya_ovata,0.5131,8.271966292,0.583606557,EcM
Fraxinus_nigra,0.5952,22.85693694,0.157446809,AM
Acer_rubrum,0.6146,50.57178947,0.066433566,AM
Quercus_bicolor,0.6715,20.57849398,0.137190083,EcM
Quercus_bicolor,0.7009,47.42346734,0.05467033,EcM
Fraxinus_nigra,0.5772,31.68440476,0.120863309,AM
Liriodendron_tulipifera,0.9395,13.4468,0.107142857,AM
Fraxinus_nigra,0.7002,20.1728125,0.128735632,AM
Quercus_bicolor,0.554,26.43031034,0.156756757,EcM
Acer_rubrum,0.6105,31.84731343,0.1072,AM
Fraxinus_nigra,0.3187,23.94235294,0.525454545,AM
Fraxinus_nigra,0.5659,24.82091873,0.159887006,AM
Fraxinus_nigra,0.6012,36.63550898,0.095977011,AM
Fraxinus_nigra,0.403,23.3202069,0.337209302,AM
Fraxinus_nigra,0.5704,23.71758454,0.1656,AM
Acer_rubrum,0.5298,16.35841365,0.276666667,AM
Acer_rubrum,0.7269,22.99704467,0.104676259,AM
Acer_rubrum,0.4859,10.33183807,0.519318182,AM
Acer_rubrum,0.7626,14.71496528,0.148453608,AM
Acer_rubrum,0.5671,11.05336493,0.357627119,AM
Acer_rubrum,0.5872,5.996462264,0.61627907,AM
Acer_rubrum,0.6825,14.21770073,0.191608392,AM
Acer_rubrum,0.5385,30.44992308,0.144444444,AM
Acer_rubrum,0.6002,13.58862119,0.26,AM
Acer_rubrum,0.5914,18.31201258,0.19875,AM
Acer_rubrum,0.5964,20.87739623,0.170967742,AM
Acer_saccharum,0.6487,44.13481481,0.069230769,AM
Acer_saccharum,0.5749,58.54727273,0.066,AM
Acer_saccharum,0.7025,10.77170659,0.24028777,AM
Acer_saccharum,0.5615,49.77260504,0.080952381,AM
Acer_saccharum,0.5658,28.42114754,0.140229885,AM
Acer_saccharum,0.5072,59.99353535,0.0825,AM
Fraxinus_americana,0.4713,35.743625,0.16,AM
Fraxinus_americana,0.4998,39.48980263,0.128813559,AM
Acer_saccharum,0.5923,26.73833333,0.135849057,AM
Acer_saccharum,0.6386,43.43129032,0.072093023,AM
Acer_saccharum,0.5959,27.92617978,0.128057554,AM
Acer_saccharum,0.5342,47.49022727,0.093617021,AM
Acer_saccharum,0.5465,50.51875,0.084210526,AM
Acer_saccharum,0.5333,41.92759494,0.106756757,AM
Acer_saccharum,0.5256,37.75824561,0.122580645,AM
Acer_saccharum,0.6068,30.54551282,0.113043478,AM
Acer_saccharum,0.7423,5.674254992,0.406875,AM
Acer_saccharum,0.6538,18.13069333,0.164473684,AM
Acer_saccharum,0.6492,33.44385135,0.090243902,AM
Acer_saccharum,0.5626,52.85739583,0.076190476,AM
Acer_saccharum,0.4655,54.80292453,0.107070707,AM
Quercus_rubra,0.5784,12.08820619,0.314935065,EcM
Quercus_rubra,0.4155,23.89392157,0.307228916,EcM
Quercus_rubra,0.5485,25.3228934,0.166949153,EcM
Quercus_rubra,0.5307,31.16149254,0.144604317,EcM
Acer_saccharum,0.5269,23.25009091,0.196428571,AM
Acer_saccharum,0.4313,30.58705882,0.223684211,AM
Carya_ovata,0.45,17.77195604,0.354085603,EcM
Carya_ovata,0.7021,11.1991423,0.231081081,EcM
Acer_rubrum,0.5831,12.10238286,0.309958506,AM
Acer_rubrum,0.7344,7.121331878,0.331884058,AM
Carya_ovata,0.3272,50.94046875,0.237037037,EcM
Acer_rubrum,0.4846,7.188908927,0.754421769,AM
Carya_ovata,0.4683,37.34247312,0.155,EcM
Acer_rubrum,0.4791,37.84492857,0.145833333,AM
Carya_ovata,0.5274,14.05871212,0.325925926,EcM
Acer_rubrum,0.5223,44.03849398,0.105732484,AM
Acer_saccharum,0.5678,40.87195122,0.096850394,AM
Acer_rubrum,0.4763,46.67935065,0.1203125,AM
Carya_ovata,0.5104,22.46067061,0.217596567,EcM
Acer_saccharum,0.5146,28.27853081,0.17016129,AM
Acer_saccharum,0.4913,60.35480769,0.087394958,AM
Carya_ovata,0.5001,31.10570248,0.163513514,EcM
Carya_ovata,0.5489,29.36651316,0.143396226,EcM
Carya_ovata,0.6857,18.52378723,0.145962733,EcM
Carya_ovata,0.5372,45.75337349,0.096511628,EcM
Carya_ovata,0.5161,34.19354167,0.139130435,EcM
Carya_ovata,0.5851,18.84911111,0.197802198,EcM
Carya_ovata,0.5664,39.87089888,0.1,EcM
Carya_ovata,0.4451,31.53976048,0.203658537,EcM
Acer_saccharum,0.6388,19.42317829,0.160248447,AM
Carya_ovata,0.8294,9.994801223,0.184745763,EcM
Carya_ovata,0.5516,22.99438776,0.181481481,EcM
Acer_rubrum,0.4937,56.77670103,0.092380952,AM
Acer_rubrum,0.4677,35.74423729,0.163888889,AM
Carya_ovata,0.6566,6.904695652,0.425925926,EcM
Carya_ovata,0.5544,10.896625,0.380952381,EcM
Acer_rubrum,0.5363,23.73357143,0.186666667,AM
Fagus_grandifolia,0.6566,13.733875,0.214285714,EcM
Fraxinus_americana,0.8376,14.46218905,0.125625,AM
Fraxinus_americana,0.7773,16.6,0.127,AM
Carya_ovata,0.5313,5.988760684,0.75483871,EcM
Fraxinus_americana,0.6423,20.56504274,0.15,AM
Carya_ovata,0.5451,11.56157303,0.370833333,EcM
Acer_rubrum,0.7899,7.45165109,0.274358974,AM
Acer_saccharum,0.527,28.07793103,0.163380282,AM
Acer_rubrum,0.5814,38.72676692,0.097080292,AM
Fraxinus_americana,0.7354,45.17803279,0.052136752,AM
Acer_rubrum,0.4928,23.91293151,0.219879518,AM
Acer_rubrum,0.527,48.04551471,0.095104895,AM
Carya_ovata,0.6031,32.22135922,0.108421053,EcM
Acer_rubrum,0.6067,18.42870968,0.187878788,AM
Acer_rubrum,0.5338,57.09126214,0.078030303,AM
Carya_ovata,0.571,24.86004237,0.157333333,EcM
Fagus_grandifolia,0.7026,3.490381166,0.737190083,EcM
Acer_rubrum,0.5216,37.71186667,0.123966942,AM
Acer_rubrum,0.5237,13.27971963,0.348913043,AM
Prunus_serotina,0.6798,16.44318777,0.167153285,AM
Prunus_serotina,0.8641,12.36706897,0.138095238,AM
Fagus_grandifolia,0.5321,18.48910959,0.243333333,EcM
Carya_ovata,0.5876,9.158326848,0.4015625,EcM
Acer_rubrum,0.552,23.84317597,0.17518797,AM
Hamamelis_virginiana,0.7073,17.71436464,0.143650794,AM
Fagus_grandifolia,0.3782,46.2780625,0.192771084,EcM
Hamamelis_virginiana,0.5802,21.53038911,0.176027397,AM
Acer_rubrum,0.4074,33.19666667,0.231818182,AM
Prunus_serotina,0.5579,29.93668919,0.137037037,AM
Acer_saccharum,0.4234,33.7573913,0.21122449,AM
Quercus_rubra,0.496,34.57816,0.148809524,EcM
Quercus_rubra,0.5833,28.74527027,0.129824561,EcM
Carya_ovata,0.5391,10.79118987,0.407216495,EcM
Quercus_rubra,0.4688,14.16492958,0.409615385,EcM
Acer_saccharum,0.4915,32.6159,0.161290323,AM
Quercus_rubra,0.6637,12.0697954,0.239877301,EcM
Fagus_grandifolia,0.5256,10.39018519,0.442622951,EcM
Quercus_rubra,0.5404,10.42548043,0.419402985,EcM
Fraxinus_americana,0.6262,40.76554688,0.079503106,AM
Acer_saccharum,0.6265,8.264486874,0.391588785,AM
Acer_rubrum,0.6019,47.34171717,0.07443609,AM
Prunus_serotina,0.593,27.86371287,0.130322581,AM
Acer_rubrum,0.5698,35.51387255,0.11027027,AM
Acer_rubrum,0.5753,18.87733444,0.204054054,AM
Acer_rubrum,0.6878,9.838733706,0.273979592,AM
Acer_rubrum,0.4525,50.89925926,0.122727273,AM
Acer_rubrum,0.656,11.63849246,0.253503185,AM
Quercus_rubra,0.5732,20.79545699,0.186,EcM
Acer_rubrum,0.4425,44.21082645,0.147560976,AM
Prunus_serotina,0.6369,8.890548246,0.353488372,AM
Prunus_serotina,0.361,27.32509434,0.361363636,AM
Prunus_serotina,0.6419,27.13503937,0.113901345,AM
Acer_rubrum,0.8259,7.8846875,0.236619718,AM
Quercus_rubra,0.5203,8.329928401,0.566216216,EcM
Acer_rubrum,0.6566,30.39507837,0.097256098,AM
Prunus_serotina,0.6929,22.32185022,0.118848168,AM
Prunus_serotina,0.7922,8.44676,0.240384615,AM
Acer_rubrum,0.8998,10.76220532,0.146111111,AM
Fagus_grandifolia,0.6943,20.74226131,0.127564103,EcM
Fagus_grandifolia,0.5843,22.5219469,0.166176471,EcM
Fraxinus_americana,0.877,9.750418848,0.169777778,AM
Acer_saccharum,0.5478,38.81391892,0.10962963,AM
Fraxinus_americana,0.7942,10.288619,0.196346154,AM
Acer_saccharum,0.4882,17.76912913,0.3,AM
Acer_saccharum,0.5839,19.43769565,0.191666667,AM
Acer_saccharum,0.5917,28.80615686,0.126237624,AM
Acer_saccharum,0.5586,16.79761155,0.242675159,AM
Acer_saccharum,0.7143,24.81837607,0.100645161,AM
Acer_saccharum,0.6188,13.60842576,0.244104803,AM
Acer_saccharum,0.546,16.35652263,0.261290323,AM
Acer_saccharum,0.7336,9.554853964,0.247931034,AM
Acer_saccharum,0.4859,52.36020202,0.103125,AM
Carya_cordiformis,0.6655,12.85987124,0.224038462,EcM
Acer_saccharum,0.5666,46.74422222,0.08490566,AM
Acer_saccharum,0.5321,54.96347826,0.082142857,AM
Acer_saccharum,0.5004,32.07146893,0.158035714,AM
Fraxinus_americana,0.9713,6.506075269,0.207821229,AM
Acer_saccharum,0.5247,16.81065134,0.274736842,AM
Acer_saccharum,0.6028,20.67746667,0.168539326,AM
Acer_saccharum,0.5513,44.95324675,0.092771084,AM
Acer_saccharum,0.5699,16.40981618,0.238596491,AM
Acer_saccharum,0.5728,31.4903125,0.123076923,AM
Fraxinus_americana,0.7106,15.6992714,0.160526316,AM
Fraxinus_americana,0.5759,37.09882353,0.103816794,AM
Acer_saccharum,0.7645,9.574894992,0.227573529,AM
Platanus_occidentalis,0.7838,25.29886957,0.081850534,AM
Carpinus_caroliniana,0.6195,12.68520161,0.261052632,EcM
Carya_ovata,0.5733,29.87234201,0.129951691,EcM
Carya_ovata,0.6792,26.10690625,0.105610561,EcM
Carpinus_caroliniana,0.6621,11.8597551,0.245,EcM
Carpinus_caroliniana,0.7275,11.15155251,0.215763547,EcM
Carpinus_caroliniana,0.8034,8.008834356,0.245728643,EcM
Carpinus_caroliniana,0.6362,13.0491133,0.241666667,EcM
Carpinus_caroliniana,0.7434,9.613740157,0.239622642,EcM
Acer_rubrum,0.6472,23.09765625,0.131958763,AM
Carpinus_caroliniana,0.6145,9.460608696,0.355670103,EcM
Acer_rubrum,0.6359,11.39174165,0.276706827,AM
Acer_rubrum,0.4579,8.750453333,0.694444444,AM
Acer_rubrum,0.4825,32.52017361,0.168421053,AM
Acer_rubrum,0.4899,24.04813725,0.220143885,AM
Carya_ovata,0.6386,19.23337143,0.162037037,EcM
Carya_ovata,0.6103,15.65297297,0.218817204,EcM
Carya_ovata,0.6346,15.92441379,0.198630137,EcM
Carya_ovata,0.5293,21.16669811,0.215228426,EcM
Carya_ovata,0.4654,23.37099034,0.250909091,EcM
Acer_rubrum,0.6011,28.76838828,0.122421525,AM
Acer_rubrum,0.5871,25.32894834,0.145698925,AM
Carya_ovata,0.5344,20.75097387,0.214795918,EcM
Carya_ovata,0.6059,15.69854902,0.22173913,EcM
Quercus_alba,0.7661,3.160200103,0.686267606,EcM
Carya_ovata,0.7297,19.55208556,0.122222222,EcM
Acer_rubrum,0.4974,18.91369565,0.270588235,AM
Acer_saccharum,0.6383,43.17666667,0.072580645,AM
Carya_ovata,0.5432,39.04986842,0.110144928,EcM
Carya_ovata,0.7524,8.027539432,0.280530973,EcM
Carpinus_caroliniana,0.7314,9.500071429,0.25,EcM
Ilex_verticillata,0.6381,30.67680934,0.101984127,AM
Acer_saccharum,0.5618,38.94765152,0.103529412,AM
Fraxinus_americana,0.7493,16.5439212,0.137017995,AM
Fraxinus_americana,0.713,12.66423851,0.197727273,AM
Fagus_grandifolia,0.5463,29.07838462,0.146067416,EcM
Carya_cordiformis,0.8147,8.775585831,0.218452381,EcM
Acer_saccharum,0.5511,24.25275917,0.172727273,AM
Carpinus_caroliniana,0.7099,14.45972431,0.175,EcM
Nyssa_sylvatica,0.673,15.54963415,0.180882353,AM
Acer_saccharum,0.7101,16.30865952,0.154771784,AM
Acer_saccharum,0.7249,13.21646875,0.182857143,AM
Acer_saccharum,0.5694,21.7208311,0.181067961,AM
Acer_saccharum,0.5164,25.11635,0.19047619,AM
Acer_saccharum,0.4607,27.76426573,0.216666667,AM
Acer_saccharum,0.5602,46.98822222,0.086538462,AM
Acer_saccharum,0.4279,54.06668639,0.129007634,AM
Acer_saccharum,0.4151,67.62952381,0.10862069,AM
Carya_cordiformis,0.668,78.41632353,0.036363636,EcM
Acer_saccharum,0.4995,27.1811315,0.187931034,AM
Acer_saccharum,0.515,40.17136364,0.119211823,AM
Acer_saccharum,0.5568,28.41019737,0.144761905,AM
Acer_saccharum,0.5668,30.8078355,0.128333333,AM
Acer_saccharum,0.4199,33.28231818,0.217821782,AM
Fagus_grandifolia,0.4698,28.98821782,0.198039216,EcM
Fraxinus_americana,0.6804,12.99528222,0.211486486,AM
Acer_saccharum,0.6797,21.60862245,0.127272727,AM
Quercus_rubra,0.5247,31.0580531,0.148684211,EcM
Fraxinus_americana,0.6854,17.98480198,0.150746269,AM
Quercus_rubra,0.548,33.79278146,0.125833333,EcM
Acer_saccharum,0.5759,11.32032922,0.33986014,AM
Acer_saccharum,0.6004,11.13575658,0.316666667,AM
Acer_saccharum,0.5184,38.71205607,0.122285714,AM
Quercus_rubra,0.4751,31.78738562,0.177906977,EcM
Quercus_rubra,0.5386,24.89110672,0.176923077,EcM
Acer_saccharum,0.4677,25.71701107,0.225833333,AM
Acer_saccharum,0.6668,34.99867089,0.081865285,AM
Prunus_serotina,0.4744,33.2868,0.169491525,AM
Acer_saccharum,0.5012,30.59209877,0.165306122,AM
Fraxinus_americana,0.5929,13.44480874,0.269117647,AM
Acer_saccharum,0.6014,56.82403226,0.062,AM
Quercus_rubra,0.598,23.7683908,0.15,EcM
Fagus_grandifolia,0.6513,4.936561404,0.608974359,EcM
Acer_saccharum,0.5665,12.44750779,0.317821782,AM
Acer_saccharum,0.564,31.98341538,0.125,AM
Acer_saccharum,0.4332,45.37067039,0.149166667,AM
Fagus_grandifolia,0.4118,13.11147152,0.574545455,EcM
Carpinus_caroliniana,0.4315,24.33958904,0.280769231,EcM
Carpinus_caroliniana,0.6615,13.78147761,0.211356467,EcM
Platanus_occidentalis,0.5952,14.84138587,0.242105263,AM
Platanus_occidentalis,0.5723,21.16831776,0.183428571,AM
Acer_rubrum,0.5217,28.10122137,0.165822785,AM
Acer_rubrum,0.5005,36.93472727,0.1375,AM
Platanus_occidentalis,0.5161,63.19862745,0.076119403,AM
Carya_cordiformis,0.5799,11.30574932,0.333636364,EcM
Acer_rubrum,0.4744,25.26852778,0.223602484,AM
Carya_cordiformis,0.6874,6.255800464,0.431,EcM
Acer_rubrum,0.4386,30.47167539,0.217045455,AM
Carya_cordiformis,0.617,15.03217489,0.223,EcM
Acer_rubrum,0.4771,16.71914894,0.334387352,AM
Carya_cordiformis,0.5579,13.55042959,0.301438849,EcM
Carya_cordiformis,0.5356,12.15563452,0.364814815,EcM
Fagus_grandifolia,0.5906,10.90924272,0.334415584,EcM
Acer_rubrum,0.5115,18.2675576,0.266257669,AM
Acer_saccharum,0.4156,27.08408759,0.274,AM
Acer_saccharum,0.5917,7.505023585,0.481818182,AM
Acer_saccharum,0.6535,4.939620637,0.604587156,AM
Fagus_grandifolia,0.627,10.96538043,0.296774194,EcM
Acer_saccharum,0.5662,23.79186508,0.166887417,AM
Acer_saccharum,0.5417,12.15530516,0.355,AM
Acer_saccharum,0.5752,5.915904096,0.65,AM
Fagus_grandifolia,0.6473,11.75815126,0.258695652,EcM
Acer_saccharum,0.509,39.15387387,0.126136364,AM
Acer_rubrum,0.4794,9.226896552,0.6,AM
Acer_rubrum,0.5787,43.65959538,0.086934673,AM
Acer_rubrum,0.5777,9.009051186,0.423809524,AM
Acer_rubrum,0.5009,24.12444706,0.21039604,AM
Acer_rubrum,0.4843,36.34823899,0.15,AM
Acer_rubrum,0.5083,29.46353333,0.166666667,AM
Acer_rubrum,0.5702,20.3725,0.191304348,AM
Acer_rubrum,0.4931,39.19386364,0.133333333,AM
Acer_rubrum,0.539,32.00796703,0.136842105,AM
Acer_rubrum,0.6646,14.98480769,0.192592593,AM
Acer_rubrum,0.7097,22.91522613,0.110555556,AM
Acer_rubrum,0.5249,24.95710843,0.185820896,AM
Acer_rubrum,0.6634,21.64292308,0.133744856,AM
Acer_rubrum,0.4929,35.962827,0.145398773,AM
Acer_rubrum,0.592,9.954408602,0.364705882,AM
Acer_rubrum,0.4933,19.59536765,0.266666667,AM
Fraxinus_americana,0.6661,17.14888298,0.167857143,AM
Fraxinus_americana,0.6593,18.83631944,0.15483871,AM
Fraxinus_americana,0.6111,21.41538012,0.159813084,AM
Fraxinus_americana,0.6335,18.35078212,0.172115385,AM
Carya_ovata,0.5154,28.72867868,0.1665,EcM
Fraxinus_americana,0.6347,40.48911765,0.07816092,AM
Carya_ovata,0.8757,11.80036657,0.140618557,EcM
Carya_ovata,0.6597,13.71134078,0.213095238,EcM
Carya_ovata,0.7675,10.62522998,0.203114187,EcM
Carya_ovata,0.5789,12.42389247,0.305921053,EcM
Fraxinus_americana,0.6199,7.762786738,0.427586207,AM
Carya_ovata,0.4812,17.84570014,0.308733624,EcM
Carya_ovata,0.5235,11.62538344,0.4,EcM
Carya_ovata,0.6918,10.38406824,0.256278027,EcM
Carya_ovata,0.5944,9.709232877,0.37244898,EcM
Carya_ovata,0.5168,12.94683099,0.367241379,EcM
Carya_ovata,0.5473,9.446888112,0.450393701,EcM
Carya_ovata,0.5054,15.70808845,0.31719457,EcM
Carya_ovata,0.3983,33.31649805,0.240186916,EcM
Fagus_grandifolia,0.8353,2.394856528,0.761748634,EcM
Fagus_grandifolia,0.5155,20.63317333,0.232919255,EcM
Fagus_grandifolia,0.5245,11.73481781,0.3952,EcM
Fagus_grandifolia,0.4381,65.73093333,0.101351351,EcM
Acer_saccharum,0.4353,28.88601266,0.232352941,AM
Fagus_grandifolia,0.4814,23.90176471,0.228358209,EcM
Fagus_grandifolia,0.5111,24.05629921,0.201587302,EcM
Fagus_grandifolia,0.4251,19.59110169,0.357575758,EcM
Fagus_grandifolia,0.526,16.68957346,0.274025974,EcM
Fagus_grandifolia,0.6132,8.145818815,0.415942029,EcM
Fagus_grandifolia,0.6556,26.37328571,0.112,EcM
Acer_saccharum,0.3961,40.09419355,0.2,AM
Fagus_grandifolia,0.5313,12.67319444,0.354098361,EcM
Fagus_grandifolia,0.5853,5.558363636,0.663793103,EcM
Fagus_grandifolia,0.4837,26.70683027,0.20375,EcM
Fagus_grandifolia,0.5351,41.52321555,0.10719697,EcM
Fagus_grandifolia,0.4999,25.93150538,0.196202532,EcM
Fagus_grandifolia,0.6506,14.8494051,0.202873563,EcM
Acer_rubrum,0.7546,7.912586207,0.282467532,AM
Acer_rubrum,0.5578,24.26203911,0.168470588,AM
Acer_rubrum,0.5907,14.17969144,0.257400722,AM
Acer_rubrum,0.5366,23.77034913,0.185648148,AM
Carya_cordiformis,0.5132,18.20349693,0.26576087,EcM
Carya_cordiformis,0.6403,8.510759312,0.365445026,EcM
Acer_rubrum,0.6035,8.442214112,0.415151515,AM
Acer_rubrum,0.5256,29.7431454,0.155299539,AM
Acer_rubrum,0.5918,21.39276382,0.17008547,AM
Carya_cordiformis,0.5244,13.56625752,0.341975309,EcM
Acer_rubrum,0.7215,13.46358312,0.181690141,AM
Acer_rubrum,0.543,10.49528139,0.410666667,AM
Acer_rubrum,0.6459,15.04452479,0.20251046,AM
Fraxinus_nigra,0.619,29.28432,0.113636364,AM
Fraxinus_nigra,0.389,20.08305263,0.422222222,AM
Fraxinus_nigra,0.5329,20.06815068,0.224615385,AM
Fraxinus_nigra,0.6237,16.9519375,0.192771084,AM
Fraxinus_nigra,0.5739,15.50666667,0.249557522,AM
Fraxinus_nigra,0.4403,75.31346154,0.086666667,AM
Fraxinus_nigra,0.5517,37.03705882,0.113333333,AM
Fraxinus_nigra,0.4209,54.4799,0.131578947,AM
Carpinus_caroliniana,0.45,43.05514286,0.145833333,EcM
Tilia_americana,0.4838,130.5305102,0.041702128,EcM
Tilia_americana,0.4128,98.58100592,0.075784753,EcM
Tilia_americana,0.4529,134.9857534,0.04591195,EcM
Carya_ovata,0.5292,18.1637963,0.251162791,EcM
Carya_ovata,0.5161,17.26187032,0.276551724,EcM
Carya_ovata,0.6662,7.982455882,0.35978836,EcM
Acer_saccharum,0.5638,26.7207489,0.150331126,AM
Fagus_grandifolia,0.5142,33.37106061,0.145054945,EcM
Acer_saccharum,0.5456,27.17881279,0.157553957,AM
Acer_saccharum,0.7312,6.801172199,0.350545455,AM
Acer_saccharum,0.5651,22.87178733,0.174015748,AM
Fagus_grandifolia,0.4329,34.37018315,0.197826087,EcM
Acer_saccharum,0.8388,14.05350877,0.128571429,AM
Fagus_grandifolia,0.6482,15.10855019,0.200746269,EcM
Acer_saccharum,0.7154,19.57341709,0.126751592,AM
Acer_saccharum,0.6415,35.76456522,0.086792453,AM
Acer_saccharum,0.5841,23.49820313,0.158024691,AM
Acer_saccharum,0.5659,20.58217532,0.193710692,AM
Acer_saccharum,0.5527,26.31371308,0.158,AM
Acer_saccharum,0.6802,14.91179775,0.184137931,AM
Fagus_grandifolia,0.4784,26.9958427,0.205384615,EcM
Acer_saccharum,0.7077,5.55152,0.458115183,AM
Fagus_grandifolia,0.6348,19.91527322,0.158441558,EcM
Acer_saccharum,0.6788,19.40862573,0.1425,AM
Acer_saccharum,0.6049,31.80616236,0.109274194,AM
Fagus_grandifolia,0.5436,24.61370892,0.174590164,EcM
Acer_saccharum,0.9262,2.321199713,0.63853211,AM
Acer_saccharum,0.5744,25.76527094,0.14963145,AM
Acer_saccharum,0.6049,18.2517207,0.190498812,AM
Acer_saccharum,0.6257,21.61275047,0.150497866,AM
Acer_saccharum,0.6381,18.16775472,0.172077922,AM
Acer_saccharum,0.6427,10.87934568,0.283216783,AM
Acer_saccharum,0.7546,8.639130435,0.259313725,AM
Fraxinus_americana,0.5608,26.00588785,0.155072464,AM
Acer_rubrum,0.7085,13.78464191,0.183902439,AM
Fraxinus_americana,0.5799,27.98714286,0.13592233,AM
Fraxinus_americana,0.8277,11.42675,0.163265306,AM
Fraxinus_americana,0.6089,17.29474194,0.198717949,AM
Fraxinus_americana,0.6592,17.26846437,0.169583333,AM
Fraxinus_americana,0.7444,9.30594697,0.246728972,AM
Fraxinus_americana,0.5406,10.75037106,0.405263158,AM
Acer_rubrum,0.4359,33.32781499,0.200961538,AM
Acer_rubrum,0.639,33.58339416,0.092881356,AM
Acer_rubrum,0.6846,37.3452439,0.072888889,AM
Acer_rubrum,0.6702,11.0572439,0.25625,AM
Acer_rubrum,0.6481,38.79718391,0.078202247,AM
Acer_rubrum,0.3352,45.52388095,0.24852071,AM
Acer_rubrum,0.6766,12.86658088,0.215873016,AM
Acer_rubrum,0.7221,21.63153846,0.113043478,AM
Fagus_grandifolia,0.5984,23.98849515,0.148201439,EcM
Fagus_grandifolia,0.5786,17.20237864,0.221505376,EcM
Fagus_grandifolia,0.6207,9.239481481,0.36,EcM
Acer_rubrum,0.6453,19.54379913,0.156313993,AM
Fagus_grandifolia,0.735,9.629004739,0.244401544,EcM
Fagus_grandifolia,0.6243,10.85592471,0.300985222,EcM
Carya_ovata,0.6909,14.9168,0.178571429,EcM
Acer_saccharum,0.6702,11.00084615,0.257425743,AM
Fraxinus_americana,0.8655,9.722865169,0.174509804,AM
Fraxinus_americana,0.6916,6.086396181,0.436458333,AM
Fraxinus_americana,0.6938,9.307290749,0.28375,AM
Acer_saccharum,0.8699,5.044647436,0.33368984,AM
Acer_saccharum,0.6113,14.37411765,0.238,AM
Fraxinus_americana,0.4904,34.97691525,0.151282051,AM
Acer_saccharum,0.5024,26.11045455,0.1936,AM
Acer_saccharum,0.4883,26.06847534,0.204587156,AM
Acer_saccharum,0.4597,24.91448276,0.241666667,AM
Acer_saccharum,0.521,14.03990566,0.336507937,AM
Acer_saccharum,0.5674,37.79453608,0.104301075,AM
Fraxinus_americana,0.6731,33.34095652,0.084558824,AM
Quercus_rubra,0.5715,12.71858156,0.306521739,EcM
Acer_saccharum,0.4612,39.26522876,0.153,AM
Acer_saccharum,0.6521,36.4512,0.082236842,AM
Acer_saccharum,0.5426,39.4509434,0.109655172,AM
Fraxinus_americana,0.7474,10.66954035,0.213755459,AM
Carpinus_caroliniana,0.5346,21.67844262,0.205042017,EcM
Acer_saccharum,0.6177,33.80189944,0.098895028,AM
Acer_saccharum,0.5499,19.83348718,0.211956522,AM
Fraxinus_americana,0.6844,20.92583333,0.129545455,AM
Fraxinus_americana,0.6955,43.83336207,0.060103627,AM
Acer_saccharum,0.5294,45.61743056,0.099310345,AM
Acer_saccharum,0.5633,22.72217877,0.177227723,AM
Acer_rubrum,0.5275,42.8018254,0.106779661,AM
Fraxinus_americana,0.6713,10.38656766,0.272972973,AM
Fraxinus_americana,0.6319,21.23969849,0.14962406,AM
Acer_rubrum,0.5219,16.78291667,0.27961165,AM
Acer_saccharum,0.4449,23.36243986,0.274528302,AM
Acer_rubrum,0.7179,18.61110672,0.132460733,AM
Acer_saccharum,0.5473,22.84801527,0.185815603,AM
Acer_saccharum,0.6045,22.259,0.156862745,AM
Acer_rubrum,0.4757,29.71558011,0.188541667,AM
Acer_rubrum,0.5456,16.55556054,0.259302326,AM
Acer_rubrum,0.5402,37.03698795,0.118571429,AM
Acer_rubrum,0.5168,25.7062439,0.184684685,AM
Acer_rubrum,0.8597,7.463523207,0.231219512,AM
Acer_rubrum,0.5641,13.31799458,0.3,AM
Acer_rubrum,0.5211,22.05480418,0.212777778,AM
Acer_rubrum,0.5295,26.68577114,0.170338983,AM
Fraxinus_americana,0.9151,4.403443163,0.344886364,AM
Acer_rubrum,0.4334,30.57506329,0.219444444,AM
Acer_rubrum,0.4838,29.02628099,0.186153846,AM
Acer_rubrum,0.5823,10.72757741,0.349681529,AM
Acer_rubrum,0.6591,8.0777842,0.362937063,AM
Acer_rubrum,0.5382,17.21152941,0.253731343,AM
Acer_saccharum,0.5174,23.14130112,0.205343511,AM
Acer_saccharum,0.4834,27.01994937,0.201530612,AM
Acer_saccharum,0.6304,37.77954955,0.084732824,AM
Acer_saccharum,0.6685,59.62514706,0.047887324,AM
Fagus_grandifolia,0.6853,25.03273292,0.108053691,EcM
Fagus_grandifolia,0.714,8.150265487,0.305405405,EcM
Acer_saccharum,0.4154,44.40022472,0.164814815,AM
Acer_saccharum,0.5214,43.63736196,0.107236842,AM
Acer_saccharum,0.732,8.659196141,0.275221239,AM
Acer_saccharum,0.6111,32.88520408,0.103157895,AM
Acer_saccharum,0.5727,37.6528481,0.103267974,AM
Acer_saccharum,0.6768,8.215694444,0.3375,AM
Acer_saccharum,0.6116,23.81895397,0.143113772,AM
Carya_ovata,0.5948,30.12456311,0.119767442,EcM
Acer_saccharum,0.468,35.2305618,0.164814815,AM
Acer_saccharum,0.5426,29.39896429,0.147368421,AM
Acer_saccharum,0.5312,31.28745342,0.14375,AM
Acer_saccharum,0.7211,6.562098214,0.373333333,AM
Carya_ovata,0.7715,12.13171717,0.176785714,EcM
Carya_ovata,0.6571,10.70875502,0.276666667,EcM
Carya_ovata,0.6511,26.4145,0.113475177,EcM
Carya_ovata,0.5709,44.76666667,0.087443946,EcM
Acer_saccharum,0.6229,39.57761628,0.083091787,AM
Acer_saccharum,0.5017,32.1032,0.157657658,AM
Acer_saccharum,0.5881,28.10310345,0.130967742,AM
Carya_ovata,0.8306,23.21647059,0.079333333,EcM
Acer_saccharum,0.548,20.74911628,0.204761905,AM
Acer_saccharum,0.5523,11.25608571,0.372340426,AM
Acer_saccharum,0.5814,24.08870824,0.156445993,AM
Acer_saccharum,0.6242,14.66422222,0.222772277,AM
Acer_saccharum,0.4802,89.235,0.061764706,AM
Acer_saccharum,0.5854,22.03378378,0.168181818,AM
Carya_cordiformis,0.6951,19.00678161,0.138095238,EcM
Acer_saccharum,0.7802,6.701135371,0.31369863,AM
Acer_saccharum,0.5373,49.04428571,0.08974359,AM
Acer_saccharum,0.4875,43.74813472,0.122151899,AM
Acer_saccharum,0.4771,82.21310345,0.068235294,AM
Acer_saccharum,0.6021,54.7445,0.064,AM
Acer_saccharum,0.6397,51.9802459,0.059803922,AM
Acer_saccharum,0.5855,34.85871508,0.106547619,AM
Acer_saccharum,0.6051,42.99339869,0.080952381,AM
Acer_saccharum,0.4728,40.54019048,0.14,AM
Carya_cordiformis,0.5411,23.25957692,0.18705036,EcM
Acer_saccharum,0.6265,10.85618304,0.298666667,AM
Acer_saccharum,0.6793,9.630610329,0.286547085,AM
Acer_saccharum,0.6861,38.40821705,0.070491803,AM
Carya_cordiformis,0.5989,7.466053269,0.474712644,EcM
Carya_cordiformis,0.7093,13.52453333,0.1875,EcM
Carya_cordiformis,0.6738,17.52898601,0.159776536,EcM
Carya_cordiformis,0.6619,16.29826484,0.17804878,EcM
Acer_saccharum,0.6879,14.29233236,0.188461538,AM
Acer_saccharum,0.8887,7.994382022,0.201129944,AM
Acer_saccharum,0.6548,27.28261905,0.10880829,AM
Acer_saccharum,0.6484,25.00551724,0.120833333,AM
Acer_saccharum,0.662,31.90567568,0.090797546,AM
Hamamelis_virginiana,0.6137,64.4282,0.052631579,AM
Acer_rubrum,0.5164,35.58913495,0.134106729,AM
Acer_saccharum,0.5252,93.452,0.049295775,AM
Acer_rubrum,0.3374,42.91904255,0.261111111,AM
Acer_rubrum,0.6388,42.8862243,0.072789116,AM
Acer_saccharum,0.5514,40.62747423,0.103191489,AM
Acer_saccharum,0.5367,26.10994505,0.168518519,AM
Acer_rubrum,0.7383,21.33204082,0.109701493,AM
Acer_saccharum,0.556,71.99849462,0.057055215,AM
Acer_saccharum,0.4581,23.62617162,0.256779661,AM
Acer_rubrum,0.6114,15.33191667,0.222222222,AM
Acer_saccharum,0.6017,32.77074169,0.107417582,AM
Acer_rubrum,0.5451,25.10237143,0.170731707,AM
Acer_saccharum,0.566,37.58554348,0.105747126,AM
Acer_rubrum,0.6083,23.3776824,0.147468354,AM
Vitis_vulpina,0.6213,39.9187574,0.082439024,AM
Vitis_vulpina,0.6551,16.52514706,0.17989418,AM
Vitis_vulpina,0.7099,22.52030303,0.111864407,AM
Vitis_vulpina,0.6338,13.19844037,0.240441176,AM
Vitis_vulpina,0.5623,29.42007519,0.137113402,AM
Podophyllum_peltatum,0.576,36.47726619,0.10530303,AM
Vitis_vulpina,0.679,21.68449102,0.127480916,AM
Vitis_vulpina,0.759,12.20255102,0.181481481,AM
Podophyllum_peltatum,0.8705,11.03077612,0.152272727,AM
Vitis_vulpina,0.8244,10.92742424,0.171875,AM
Vitis_vulpina,0.7227,11.57191837,0.211206897,AM
Vitis_vulpina,0.6534,17.51922849,0.17020202,AM
Vitis_vulpina,0.6279,11.68283753,0.276582278,AM
Vitis_vulpina,0.7813,8.83790404,0.235714286,AM
Podophyllum_peltatum,0.9829,10.09838488,0.130493274,AM
Podophyllum_peltatum,0.9174,11.45767932,0.132402235,AM
Podophyllum_peltatum,0.848,14.35313514,0.123333333,AM
Vitis_vulpina,0.6755,11.49527778,0.242944785,AM
Vitis_vulpina,0.6423,22.93181818,0.13490566,AM
Vitis_vulpina,0.772,12.68237903,0.168707483,AM
Vitis_vulpina,0.8559,11.39950147,0.152232143,AM
Vitis_vulpina,0.7171,11.08385852,0.223741007,AM
Vitis_vulpina,0.6556,16.18141509,0.182758621,AM
Vitis_vulpina,0.6366,26.40755274,0.119095477,AM
Vitis_vulpina,0.4748,27.21416107,0.206944444,AM
Vitis_vulpina,0.5491,33.50884211,0.126106195,AM
Vitis_vulpina,0.4537,77.17833333,0.08,AM
Vitis_vulpina,0.6291,20.56357798,0.156834532,AM
Vitis_vulpina,0.7318,20.95245614,0.114,AM
Vitis_vulpina,0.6266,24.31354651,0.133333333,AM
Vitis_vulpina,0.7841,10.64189655,0.194957983,AM
Vitis_vulpina,0.685,41.15908163,0.065771812,AM
Vitis_vulpina,0.8777,9.503595506,0.173658537,AM
Betula_pendula,0.286,59.0,0.279,EcM
Betula_pendula,0.272,72.0,0.261,EcM
Betula_pendula,0.255,77.0,0.274,EcM
Betula_pendula,0.211,115.0,0.26,EcM
Betula_pendula,0.297,68.0,0.228,EcM
Betula_pendula,0.31,54.0,0.258,EcM
Betula_pendula,0.326,44.0,0.28,EcM
Betula_pendula,0.352,51.0,0.21,EcM
Pinus_sylvestris,0.37,47.0,0.216,EcM
Pinus_sylvestris,0.375,51.0,0.194,EcM
Pinus_sylvestris,0.326,67.0,0.189,EcM
Pinus_sylvestris,0.383,56.0,0.167,EcM
Pinus_sylvestris,0.363,59.0,0.18,EcM
Pinus_sylvestris,0.444,36.0,0.195,EcM
Pinus_sylvestris,0.475,32.0,0.183,EcM
Pinus_sylvestris,0.382,56.0,0.168,EcM
Pinus_sylvestris,0.431,40.0,0.181,EcM
Pinus_sylvestris,0.474,44.0,0.134,EcM
Pinus_sylvestris,0.482,46.0,0.135,EcM
Pinus_sylvestris,0.434,37.0,0.199,EcM
Pinus_sylvestris,0.448,33.0,0.208,EcM
Cunninghamia_lanceolata,0.43,13.8,0.056,AM
Cunninghamia_lanceolata,0.47,11.63,0.05443,AM
Cunninghamia_lanceolata,0.56,4.94,0.11256,AM
Cunninghamia_lanceolata,0.77,2.01,0.13761,AM
Cunninghamia_lanceolata,0.375308898,13.59336325,0.072500051,AM
Cunninghamia_lanceolata,0.447737287,11.42739073,0.062500129,AM
Cunninghamia_lanceolata,0.46090616,5.601668663,0.157500111,AM
Cunninghamia_lanceolata,0.625515172,1.867231771,0.198750084,AM
Cunninghamia_lanceolata,0.487243204,14.2655628,0.040000083,AM
Cunninghamia_lanceolata,0.493827866,12.02490093,0.047500148,AM
Cunninghamia_lanceolata,0.665021292,4.481337603,0.067500167,AM
Cunninghamia_lanceolata,0.908642544,2.315364524,0.077500173,AM
Cunninghamia_lanceolata,0.238016529,15.92307692,0.049786511,AM
Cunninghamia_lanceolata,0.257851896,13.53845552,0.060302795,AM
Cunninghamia_lanceolata,0.376860362,6.307690403,0.108173069,AM
Cunninghamia_lanceolata,0.667769341,2.076924741,0.128642402,AM
Cunninghamia_lanceolata,0.297520661,12.46153846,0.062239593,AM
Cunninghamia_lanceolata,0.363636999,10.3846108,0.050349628,AM
Cunninghamia_lanceolata,0.449587598,4.00000003,0.119381355,AM
Cunninghamia_lanceolata,0.641323079,2.153847753,0.151048639,AM
Pleioblastus_amarus,0.309505772,33.84030793,0.395437399,AM
Pleioblastus_amarus,0.269962112,42.01521412,0.43193942,AM
Pleioblastus_amarus,0.309505892,29.65780447,0.456274128,AM
Pleioblastus_amarus,0.291254991,19.96199053,0.888213311,AM
Pleioblastus_amarus,0.455513596,9.12549469,0.675285705,AM
Pleioblastus_amarus,0.428137202,13.6882331,0.511027246,AM
Pleioblastus_amarus,0.467680937,11.97720838,0.474525395,AM
Pleioblastus_amarus,0.437262716,12.54755163,0.565780149,AM
Pleioblastus_amarus,0.595437565,4.372651802,0.882129827,AM
Pleioblastus_amarus,0.531559281,5.703450799,0.894297128,AM
Pleioblastus_amarus,0.467680997,4.562767733,1.271483165,AM
Pleioblastus_amarus,0.522433823,4.562768564,0.997719119,AM
Pleioblastus_amarus,0.823574293,2.281402204,0.839544336,AM
Pleioblastus_amarus,0.729277791,3.041858706,0.906464443,AM
Pleioblastus_amarus,0.711026855,2.281403291,1.052471937,AM
Pleioblastus_amarus,0.765779664,2.091289848,1.003802775,AM
Berberis_thunbergii,0.27658719,29.28865067,0.55440903,AM
Berberis_thunbergii,0.297311039,27.7399848,0.530507924,AM
Lonicera_maackii,0.250212673,32.19958955,0.755672118,AM
Lonicera_maackii,0.260245932,28.65365588,0.82549405,AM
Rubus_phoenicolasius,0.213071482,25.5759706,1.272972109,AM
Rubus_phoenicolasius,0.229647904,23.79179542,1.400365999,AM
Rubus_allegheniensis,0.188446992,26.37733809,1.924946307,AM
Rubus_allegheniensis,0.199644134,26.84117823,1.489677108,AM
Viburnum_dentatum,0.54613713,8.593653101,0.534275031,AM
Viburnum_dentatum,0.524190909,8.727061528,0.555409203,AM
Lindera_benzoin,0.715859482,9.45930229,0.260344744,AM
Lindera_benzoin,0.688929413,9.461946015,0.293925721,AM
Trifolium_subterraneum,0.395000005,133.4285754,0.062944164,AM
Trifolium_subterraneum,0.394531273,124.8571593,0.067106603,AM
Trifolium_subterraneum,0.407656289,137.8857406,0.056649755,AM
Trifolium_subterraneum,0.412812555,146.1143172,0.049340117,AM
Trifolium_subterraneum,0.413750066,185.2000042,0.041116775,AM
Trifolium_subterraneum,0.404375078,168.4000185,0.047512716,AM
Trifolium_subterraneum,0.447500005,91.25714687,0.0706599,AM
Trifolium_subterraneum,0.44890627,85.08573173,0.072893405,AM
Trifolium_subterraneum,0.446562532,100.857174,0.064263967,AM
Trifolium_subterraneum,0.460625031,111.8286162,0.054923872,AM
Trifolium_subterraneum,0.450312541,127.2571911,0.049949259,AM
Trifolium_subterraneum,0.438593801,152.2857461,0.044873123,AM
Trifolium_subterraneum,0.401093756,120.7428615,0.068121829,AM
Trifolium_subterraneum,0.386093774,114.9143025,0.070761425,AM
Trifolium_subterraneum,0.40015629,126.914314,0.064162444,AM
Trifolium_subterraneum,0.407656307,133.0857519,0.058578693,AM
Trifolium_subterraneum,0.405781321,157.7714552,0.050558396,AM
Trifolium_subterraneum,0.393125086,164.6285931,0.052385809,AM
Trifolium_subterraneum,0.487343755,93.6571473,0.05817259,AM
Trifolium_subterraneum,0.474218765,101.2000172,0.055025386,AM
Trifolium_subterraneum,0.497656252,97.42860288,0.053807116,AM
Trifolium_subterraneum,0.509843742,102.9143331,0.049644685,AM
Trifolium_subterraneum,0.486875011,119.0286246,0.049949259,AM
Trifolium_subterraneum,0.446562545,122.1143413,0.051979718,AM
Trifolium_subterraneum,0.429687505,97.08571829,0.072487311,AM
Trifolium_subterraneum,0.440937521,93.65716053,0.070862948,AM
Trifolium_subterraneum,0.440937533,98.45717423,0.065177673,AM
Trifolium_subterraneum,0.443750041,107.7143317,0.062741128,AM
Trifolium_subterraneum,0.442343797,129.6571895,0.051675147,AM
Trifolium_subterraneum,0.41468757,173.2000145,0.043248759,AM
Trifolium_subterraneum,0.384218755,144.0571464,0.061218275,AM
Trifolium_subterraneum,0.378593773,149.8857292,0.057461934,AM
Trifolium_subterraneum,0.388906292,150.2285947,0.054416253,AM
Trifolium_subterraneum,0.406250057,157.4285964,0.050050776,AM
Trifolium_subterraneum,0.393593828,174.9142986,0.048324894,AM
Trifolium_subterraneum,0.385156342,189.3142866,0.046497488,AM
Mytilaria_laosensis,0.41,51.5,0.17,AM
Mytilaria_laosensis,0.35,53.2,0.18,AM
Mytilaria_laosensis,0.34,50.8,0.24,AM
Mytilaria_laosensis,0.5,15.0,0.35,AM
Fagus_sylvatica,0.248881468,39.39256938,0.379718936,EcM
Fagus_sylvatica,0.273792997,33.41137216,0.30920767,EcM
Picea_abies,0.387561446,20.89558453,0.316781575,EcM
Picea_abies,0.391769163,17.32301041,0.318088446,EcM
Fagus_sylvatica,0.225373405,41.54233162,0.417644404,EcM
Fagus_sylvatica,0.228358464,38.05974392,0.429369278,EcM
Fagus_sylvatica,0.241791273,43.78113125,0.356012676,EcM
Fagus_sylvatica,0.256716611,34.32839235,0.355804745,EcM
Fagus_sylvatica,0.268656859,36.81594553,0.352604318,EcM
Fagus_sylvatica,0.282089627,42.03981329,0.350900103,EcM
Fagus_sylvatica,0.28955247,27.86074558,0.34293637,EcM
Fagus_sylvatica,0.334328554,26.86571727,0.28899004,EcM
Fagus_sylvatica,0.270149462,33.5821279,0.302207429,EcM
Fagus_sylvatica,0.247761375,36.31843891,0.319909818,EcM
Fagus_sylvatica,0.255224004,39.05474686,0.282381235,EcM
Fagus_sylvatica,0.262686605,39.30348855,0.29260608,EcM
Picea_abies,0.359970487,20.89557569,0.321856011,EcM
Picea_abies,0.319876449,23.88064539,0.363761033,EcM
Picea_abies,0.342483399,24.37815264,0.295482011,EcM
Picea_abies,0.369567927,20.8955591,0.326961565,EcM
Picea_abies,0.432461974,19.90052357,0.286977544,EcM
Picea_abies,0.474471764,19.65175374,0.252948783,EcM
Picea_abies,0.370496143,17.91050089,0.326400061,EcM
Picea_abies,0.360260074,19.40303302,0.310237263,EcM
Picea_abies,0.369430566,18.15924607,0.331298748,EcM
Picea_abies,0.390541272,16.91545656,0.304710467,EcM
Picea_abies,0.402696801,16.41793198,0.301947042,EcM
Picea_abies,0.419329882,16.91542924,0.305142575,EcM
Carex_flacca,0.258910778,119.8778684,0.120879138,NMAM
Carex_flacca,0.290290982,105.8926329,0.104395621,NMAM
Centaurea_pectinata,0.358923094,95.48328026,0.09368138,AM
Centaurea_pectinata,0.411647065,104.0322711,0.05989018,AM
Coronilla_minima,0.28758104,106.5127931,0.134890147,AM
Coronilla_minima,0.385487263,66.88058186,0.115109931,AM
Helianthemum_apenninum,0.278390242,58.79873917,0.207417576,EcM
Helianthemum_apenninum,0.270864247,134.9624652,0.09368139,EcM
Helianthemum_oelandicum,0.264388652,67.97189964,0.184340673,EcM
Helianthemum_oelandicum,0.23802929,144.1356153,0.105219851,EcM
Pilosella_officinarum,0.353303569,84.13968233,0.106868204,AM
Pilosella_officinarum,0.363345228,98.90611672,0.080494594,AM
Koeleria_vallesiana,0.225072841,146.938299,0.110164907,AM
Koeleria_vallesiana,0.238880124,146.938299,0.118406659,AM
Lotus_corniculatus,0.337841941,130.4644867,0.079670424,AM
Lotus_corniculatus,0.435748102,86.94237038,0.063186918,AM
Potentilla_pusilla,0.246006985,82.90344851,0.190934074,AM
Potentilla_pusilla,0.237220533,133.4201896,0.125000062,AM
Sanguisorba_minor,0.274677184,95.96250061,0.131593464,AM
Sanguisorba_minor,0.270911562,148.8107815,0.094505581,AM
Stipa_pennata,0.287034938,96.58666191,0.131593464,AM
Stipa_pennata,0.297076596,100.472565,0.107692384,AM
Thymus_dolomiticus,0.215283301,122.0765753,0.159615419,AM
Thymus_dolomiticus,0.219048923,162.489965,0.106868209,AM
Carpinus_betulus,0.8,37.81362754,1.310781824,EcM
Fagus_sylvatica,0.9,32.39537649,1.882348613,EcM
Fagus_sylvatica,1.0,45.01751471,0.985258644,EcM
Quercus_robur,0.8,37.13244925,1.003060012,EcM
Quercus_robur,0.7,40.30183412,0.903339842,EcM
Tilia_cordata,1.0,37.71495008,0.807344312,EcM
Tilia_cordata,0.8,27.51490831,0.967867004,EcM
Chomelia_psilocarpa,0.478061226,23.56374786,0.236547812,AM
Chomelia_psilocarpa,0.528037372,22.38324152,0.204116466,AM
Chomelia_psilocarpa,0.544902452,17.42708461,0.246188679,AM
Chomelia_psilocarpa,0.609119512,14.50570698,0.236693548,AM
Chomelia_psilocarpa,0.482086712,24.14174352,0.227044711,AM
Chomelia_psilocarpa,0.523698779,16.66940285,0.278642384,AM
Chomelia_psilocarpa,0.525283885,18.71096211,0.246743697,AM
Chomelia_psilocarpa,0.539602148,18.45929429,0.237010676,AM
Chomelia_psilocarpa,0.58917026,17.46653391,0.210107705,AM
Chomelia_psilocarpa,0.587280451,16.30645279,0.226506024,AM
Coccoloba_excelsa,0.469098105,16.71593574,0.346315789,EcM
Coccoloba_excelsa,0.395938792,22.10849092,0.367548907,EcM
Coccoloba_excelsa,0.449223248,11.77037736,0.536309524,EcM
Coccoloba_excelsa,0.356300286,17.4159799,0.576169265,EcM
Coccoloba_excelsa,0.329245543,30.2828418,0.388055556,EcM
Coccoloba_excelsa,0.375401873,18.84323383,0.479713604,EcM
Coccoloba_excelsa,0.453356593,13.94683466,0.444400786,EcM
Coccoloba_excelsa,0.399408985,27.74802235,0.28778135,EcM
Coccoloba_excelsa,0.422983419,15.97997656,0.445561358,EcM
Coccoloba_excelsa,0.467513424,10.04804787,0.580043384,EcM
Combretum_decandrum,0.492094325,12.12115207,0.434,AM
Combretum_decandrum,0.551227345,11.60315057,0.361320755,AM
Combretum_decandrum,0.573559231,9.932700312,0.389858012,AM
Combretum_decandrum,0.701331917,9.726087809,0.266283925,AM
Combretum_decandrum,0.720259428,9.750810811,0.251832461,AM
Combretum_decandrum,0.613090709,13.99485534,0.242165605,AM
Combretum_decandrum,0.701104703,8.922653772,0.290449438,AM
Combretum_decandrum,0.671285228,8.697243816,0.325038285,AM
Combretum_decandrum,0.653913494,10.1001647,0.294958753,AM
Combretum_decandrum,0.558716892,10.93111444,0.373320896,AM
Prionostemma_aspera,0.702957903,11.03081594,0.233702882,AM
Prionostemma_aspera,0.572694959,16.66323327,0.233090379,AM
Prionostemma_aspera,0.691484597,12.77678825,0.208518036,AM
Prionostemma_aspera,0.698873241,11.73716471,0.222213439,AM
Prionostemma_aspera,0.791009201,9.218728147,0.220849421,AM
Prionostemma_aspera,0.666244899,12.92849265,0.221980413,AM
Prionostemma_aspera,0.604394662,14.01630644,0.248802947,AM
Prionostemma_aspera,0.608690702,16.27707533,0.211232449,AM
Prionostemma_aspera,0.636978992,13.21201822,0.237635304,AM
Prionostemma_aspera,0.964183924,6.851419753,0.2,AM
Clitoria_javitensis,0.82705913,8.168125,0.228,AM
Clitoria_javitensis,0.59363481,16.19425977,0.223218673,AM
Clitoria_javitensis,0.80922152,10.3639246,0.187703016,AM
Clitoria_javitensis,0.558342514,15.56147945,0.262589928,AM
Clitoria_javitensis,0.898738471,6.199576837,0.254390935,AM
Clitoria_javitensis,0.710194533,10.92587031,0.231163708,AM
Clitoria_javitensis,0.73744249,9.931003802,0.235874439,AM
Clitoria_javitensis,0.753455012,10.81474989,0.207490975,AM
Clitoria_javitensis,0.716664468,11.78725402,0.210419486,AM
Clitoria_javitensis,0.640636316,24.34534493,0.127494457,AM
Tanaecium_pyramidatum,0.633141051,21.73219355,0.146226415,AM
Tanaecium_pyramidatum,0.725343232,18.43828947,0.131317495,AM
Tanaecium_pyramidatum,0.668049644,19.56474372,0.145894428,AM
Tanaecium_pyramidatum,0.796235637,15.59674825,0.128828829,AM
Tanaecium_pyramidatum,0.590553711,30.53501577,0.119622642,AM
Tanaecium_pyramidatum,0.879963916,9.952165775,0.165303867,AM
Tanaecium_pyramidatum,0.764289742,17.66441667,0.12345679,AM
Tanaecium_pyramidatum,0.563998182,29.45425806,0.135964912,AM
Tanaecium_pyramidatum,0.64134301,17.81343448,0.173860911,AM
Tanaecium_pyramidatum,0.877715216,13.39989824,0.123401826,AM
Alseis_blackiana,0.716040289,9.612486019,0.25847569,AM
Alseis_blackiana,0.645603048,10.81342457,0.282641509,AM
Alseis_blackiana,0.616656313,12.31127021,0.272107878,AM
Alseis_blackiana,0.628211914,14.03656678,0.229962547,AM
Alseis_blackiana,0.677454593,11.50158455,0.24133054,AM
Alseis_blackiana,0.68728932,12.35761373,0.218231047,AM
Alseis_blackiana,0.575164215,17.76788177,0.216725979,AM
Alseis_blackiana,0.730845555,9.486290916,0.251410079,AM
Alseis_blackiana,0.613306444,17.8896569,0.189309878,AM
Alseis_blackiana,0.636231143,12.21106535,0.257719298,AM
Coccoloba_manzinellensis,0.561424185,6.886772152,0.586857143,EcM
Coccoloba_manzinellensis,0.500706569,13.12231842,0.387215909,EcM
Coccoloba_manzinellensis,0.662341937,5.252537223,0.552836485,EcM
Coccoloba_manzinellensis,0.468250929,10.13926316,0.573015873,EcM
Coccoloba_manzinellensis,0.364379904,14.92862906,0.642690058,EcM
Coccoloba_manzinellensis,0.475382702,10.80076753,0.521902017,EcM
Coccoloba_manzinellensis,0.396485139,20.94657093,0.386868687,EcM
Coccoloba_manzinellensis,0.462766159,17.40186238,0.341830986,EcM
Coccoloba_manzinellensis,0.484873055,8.821815801,0.614209115,EcM
Coccoloba_manzinellensis,0.421896782,13.34746596,0.536190476,EcM
Terminalia_amazonia,0.461466006,22.11946448,0.27044335,AM
Terminalia_amazonia,0.782272447,6.463111647,0.32208657,AM
Terminalia_amazonia,0.715577314,8.782357655,0.283273596,AM
Terminalia_amazonia,0.513281492,14.7731641,0.327299703,AM
Terminalia_amazonia,0.587507815,11.28124481,0.327149321,AM
Terminalia_amazonia,0.670854854,9.827741058,0.288017917,AM
Terminalia_amazonia,0.732683316,6.6444,0.357142857,AM
Terminalia_amazonia,0.591029762,18.30172577,0.199259758,AM
Terminalia_amazonia,0.626021091,10.98196182,0.295986896,AM
Terminalia_amazonia,0.528297324,17.73052308,0.257425743,AM
Maytenus_schippii,0.734170151,6.820684211,0.346504559,AM
Maytenus_schippii,0.749610864,6.093277467,0.372055427,AM
Maytenus_schippii,0.782591106,5.557664271,0.374255524,AM
Maytenus_schippii,0.733611174,7.149975862,0.331050228,AM
Maytenus_schippii,0.808922869,6.853820225,0.284042553,AM
Maytenus_schippii,0.719531612,8.177312631,0.300898473,AM
Maytenus_schippii,0.728070571,8.548804348,0.281111111,AM
Maytenus_schippii,0.724108716,5.46097252,0.444890162,AM
Maytenus_schippii,0.711879018,6.926574131,0.362910448,AM
Maytenus_schippii,0.750139639,6.578101266,0.344148244,AM
Platypodium_elegans,0.790192931,7.30293471,0.279361559,AM
Platypodium_elegans,0.95966805,5.582721914,0.247766323,AM
Handroanthus_guayacan,0.929276837,5.391731001,0.27359736,AM
Handroanthus_guayacan,0.958003191,11.67151326,0.118923933,AM
Handroanthus_guayacan,0.710774373,14.37244589,0.175443038,AM
Handroanthus_guayacan,0.981047569,12.48277899,0.106032483,AM
Larix_kaempferi,0.48,24.1,0.25,EcM
Fraxinus_mandshurica,0.35,44.9,0.25,AM
Cunninghamia_lanceolata,0.69,18.9,0.14,AM
Larix_kaempferi,0.8,8.29,0.27,EcM
Fraxinus_mandshurica,0.99,2.59,0.51,AM
Apodytes_dimidiata,0.55,12.9,0.34,AM
Calpurnia_aurea,0.53,16.95,0.32,AM
Dovyalis_abyssinica,0.62,10.76,0.33,AM
Gymnosporia_arbutifolia,0.52,15.88,0.33,AM
Afrocarpus_falcatus,0.76,11.56,0.31,AM
Allophylus_abyssinicus,0.55,10.55,0.41,AM
Noronhia_mildbraedii,0.59,9.46,0.43,AM
Combretum_collinum,0.53,12.49,0.39,AM
Ekebergia_capensis,0.74,7.31,0.39,AM
Vepris_nobilis,0.75,6.35,0.39,AM
Juglans_mandshurica,0.252000148,144.2696858,0.199731549,AM
Juglans_mandshurica,0.303000162,80.89891871,0.146998983,AM
Fraxinus_mandshurica,0.279000212,126.0674546,0.130254387,AM
Fraxinus_mandshurica,0.303000212,105.168591,0.118105783,AM
Phellodendron_amurense,0.507000078,27.64053705,0.181042309,AM
Phellodendron_amurense,0.525000064,25.61807058,0.156880759,AM
Larix_gmelinii,0.324000221,43.82031734,0.295009767,EcM
Larix_gmelinii,0.396000169,35.05627963,0.228732275,EcM
Pinus_koraiensis,0.594000007,21.57314475,0.163851108,EcM
Pinus_koraiensis,0.701999916,14.83157706,0.16376066,EcM
Picea_koraiensis,0.336000219,57.97762273,0.220676546,EcM
Picea_koraiensis,0.378000186,45.16864313,0.213061758,EcM
Bromus_erectus,0.32,75.3,0.164,AM
Carex_flacca,0.5,26.0,0.242,NMAM
Carex_humulis,0.27,59.8,0.289,NMAM
Centaurea_pectinata,0.64,6.1,0.225,AM
Coronilla_minima,0.67,9.6,0.308,AM
Festuca_christianii-bernardii,0.25,132.6,0.163,AM
Helianthemum_oelandicum,0.48,10.4,0.571,EcM
Pilosella_officinarum,0.47,31.6,0.193,AM
Koeleria_vallesiana,0.32,55.6,0.227,AM
Potentilla_pusilla,0.56,12.6,0.429,AM
Sanguisorba_minor,0.89,2.8,0.616,AM
Stipa_pennata,0.46,19.0,0.357,AM
Thymus_dolomiticus,0.43,12.8,0.622,AM
Ilex_macropoda,0.31,82.06,0.24,AM
Ilex_pedunculosa,0.3,54.8,0.29,AM
Quercus_serrata,0.23,78.26,0.35,EcM
Quercus_glauca,0.22,65.31,0.45,EcM
Fagus_sylvatica,0.372558975,22.19543892,0.537899082,EcM
Fagus_sylvatica,0.39003015,19.84645559,0.506610231,EcM
Fagus_sylvatica,0.394897794,29.80404576,0.48769771,EcM
Fagus_sylvatica,0.39751176,24.00751388,0.736468507,EcM
Fagus_sylvatica,0.38,25.8624,0.44,EcM
Fagus_sylvatica,0.37,18.7084,0.64,EcM
Fagus_sylvatica,0.4,23.078,0.4,EcM
Fagus_sylvatica,0.38,19.136,0.61,EcM
Fagus_sylvatica,0.41,32.588,0.46,EcM
Fagus_sylvatica,0.38,19.586,0.58,EcM
Fagus_sylvatica,0.39,23.978,0.51,EcM
Fagus_sylvatica,0.4,26.815,0.21,EcM
Fagus_sylvatica,0.4,19.143,0.61,EcM
Fagus_sylvatica,0.4,24.055,0.53,EcM
Fagus_sylvatica,0.4,21.342,0.46,EcM
Fagus_sylvatica,0.4,26.768,0.57,EcM
Fuchsia_excorticata,0.4249,55.39050891,0.127184466,AM
Melicytus_ramiflorus,0.4489,71.12767085,0.088847584,AM
Aristotelia_serrata,0.3944,85.04647059,0.09617737,AM
Vitex_lucens,0.442,81.41410673,0.080111524,AM
Fuchsia_excorticata,0.3493,82.36873362,0.126869806,AM
Fuchsia_excorticata,0.3182,99.07195313,0.126732673,AM
Fuchsia_excorticata,0.2926,103.3015714,0.144117647,AM
Fuchsia_excorticata,0.3147,93.25469108,0.13785489,AM
Fuchsia_excorticata,0.3612,70.81074809,0.137894737,AM
Aristotelia_serrata,0.3866,85.1768082,0.1,AM
Aristotelia_serrata,0.3703,68.36248744,0.135836177,AM
Aristotelia_serrata,0.3725,79.20367742,0.115815691,AM
Aristotelia_serrata,0.3545,88.32825758,0.114782609,AM
Aristotelia_serrata,0.3249,87.55796044,0.137819421,AM
Corynocarpus_laevigatus,0.5704,22.02495914,0.177676951,AM
Schefflera_digita,0.7089,36.73935018,0.068948351,AM
Ackama_rosifolia,0.4476,40.08628425,0.158480326,AM
Melicytus_ramiflorus,0.4136,63.9284104,0.116367713,AM
Vitex_lucens,0.5928,36.89806356,0.098148148,AM
Vitex_lucens,0.5229,46.405625,0.100376412,AM
Schefflera_digita,0.5936,51.78496432,0.069772404,AM
Schefflera_digita,0.6291,37.64044425,0.085480268,AM
Schefflera_digita,0.6025,47.07482529,0.074519529,AM
Schefflera_digita,0.5982,46.56762763,0.076376147,AM
Schefflera_digita,0.6211,47.67435388,0.069236063,AM
Pittosporum_eugenioides,0.4304,46.19259777,0.148856549,AM
Dacrycarpus_dacrydioides,0.6381,18.89160083,0.165576592,AM
Melicytus_ramiflorus,0.4029,58.54304185,0.133933934,AM
Melicytus_ramiflorus,0.4878,50.36567329,0.106213365,AM
Ackama_rosifolia,0.3405,50.89759517,0.21577575,AM
Ackama_rosifolia,0.2935,74.97967626,0.197163121,AM
Leptospermum_scoparium,0.2646,160.037983,0.113493976,EcMAM
Carpodetus_serratus,0.5272,35.81155502,0.127959184,AM
Leptospermum_scoparium,0.2601,175.113267,0.107421384,EcMAM
Leptospermum_scoparium,0.2699,150.972098,0.115909091,EcMAM
Leptospermum_scoparium,0.2752,110.3268839,0.152300242,EcMAM
Leptospermum_scoparium,0.2401,128.2774172,0.172079772,EcMAM
Ackama_rosifolia,0.3893,45.74351314,0.183735705,AM
Ackama_rosifolia,0.3769,52.58590597,0.170387039,AM
Ackama_rosifolia,0.3662,64.11224332,0.148125,AM
Ackama_rosifolia,0.4117,32.40513322,0.231904161,AM
Ackama_rosifolia,0.3223,60.4025102,0.202898551,AM
Vitex_lucens,0.4983,48.9153551,0.104790419,AM
Pittosporum_eugenioides,0.4121,62.88246241,0.119282511,AM
Corynocarpus_laevigatus,0.607,20.46655216,0.168811881,AM
Pittosporum_eugenioides,0.3904,65.82207681,0.126895307,AM
Vitex_lucens,0.4651,53.3471044,0.110351035,AM
Vitex_lucens,0.5218,38.26496727,0.122222222,AM
Vitex_lucens,0.4958,43.12097516,0.120110497,AM
Corynocarpus_laevigatus,0.5302,20.97619784,0.215846539,AM
Corynocarpus_laevigatus,0.446,37.45238298,0.170820353,AM
Pittosporum_eugenioides,0.4069,44.38486333,0.173279714,AM
Ackama_rosifolia,0.3551,34.08503876,0.296351351,AM
Ackama_rosifolia,0.3349,49.13300543,0.231101813,AM
Ackama_rosifolia,0.3356,63.80422523,0.177327327,AM
Ackama_rosifolia,0.3547,55.61660454,0.181885593,AM
Carpodetus_serratus,0.5763,24.32364644,0.157634961,AM
Carpodetus_serratus,0.5085,30.98320893,0.158951271,AM
Pittosporum_eugenioides,0.392,52.7833175,0.15689441,AM
Pittosporum_eugenioides,0.4063,45.44846412,0.169817768,AM
Pittosporum_eugenioides,0.4425,40.79074576,0.159459459,AM
Pittosporum_eugenioides,0.443,37.98546225,0.170789474,AM
Knightia_excelsa,0.3709,53.27879444,0.173691275,NM
Metrosideros_robusta,0.4498,37.90403696,0.166074313,AM
Nothofagus_solandri,0.2824,54.72619396,0.291466667,EcM
Carpodetus_serratus,0.4647,39.74396982,0.148406546,AM
Carpodetus_serratus,0.5551,25.89986532,0.159570181,AM
Myrsine_australis,0.3738,53.16646715,0.17125,AM
Metrosideros_robusta,0.4477,39.24006859,0.162,AM
Pterophylla_racemosa,0.4286,47.77247037,0.14510582,AM
Carpodetus_serratus,0.534,28.05464206,0.159074733,AM
Beilschmiedia_tarairi,0.7863,10.58718608,0.194602552,AM
Pseudowintera_colorata,0.8131,13.30905109,0.144679123,AM
Hedycarya_arborea,0.8456,18.70741212,0.095160142,AM
Dacrycarpus_dacrydioides,0.632,16.70201828,0.190843023,AM
Agathis_australis,0.633,11.53197024,0.275409836,AM
Nothofagus_solandri,0.1998,176.5880737,0.181025641,EcM
Nothofagus_solandri,0.2321,128.0558568,0.1844,EcM
Pterophylla_racemosa,0.3675,31.17321078,0.302222222,AM
Pseudowintera_colorata,0.8738,10.01966094,0.166428571,AM
Pennantia_corymbosa,0.4836,32.36081798,0.168153656,AM
Metrosideros_robusta,0.351,51.74584331,0.199782609,AM
Knightia_excelsa,0.3849,41.51024034,0.206927176,NM
Neopanax_arboreus,0.9205,12.07826156,0.124404762,AM
Beilschmiedia_tarairi,0.8187,9.667254418,0.196526656,AM
Pterophylla_racemosa,0.4276,37.88840536,0.183780761,AM
Pennantia_corymbosa,0.5566,25.39755832,0.161761006,AM
Dacrycarpus_dacrydioides,0.4995,23.70745443,0.215290934,AM
Beilschmiedia_tarairi,0.8563,9.033742243,0.192201835,AM
Metrosideros_robusta,0.3901,42.45681175,0.196998928,AM
Agathis_australis,0.6282,16.8796817,0.190886076,AM
Pennantia_corymbosa,0.4466,37.57412636,0.169823973,AM
Agathis_australis,0.6132,15.57394562,0.217370326,AM
Metrosideros_robusta,0.4673,41.99593985,0.138903394,AM
Myrsine_australis,0.4044,28.77876701,0.270344828,AM
Beilschmiedia_tarairi,0.8583,8.379905787,0.206197965,AM
Prumnopitys_taxifolia,0.7381,11.55673309,0.202226935,AM
Neopanax_arboreus,0.6445,23.17295497,0.132258065,AM
Rhopalostylis_sapida,0.3152,37.03001186,0.345491803,AM
Pennantia_corymbosa,0.4726,43.37719323,0.131539889,AM
Pterophylla_racemosa,0.32,72.84736148,0.170720721,AM
Dacrycarpus_dacrydioides,0.7682,12.12421168,0.177890625,AM
Nothofagus_solandri,0.2017,151.914,0.206349206,EcM
Agathis_australis,0.6945,11.67296089,0.226224329,AM
Metrosideros_robusta,0.3668,73.16857977,0.129471033,AM
Metrosideros_robusta,0.4093,50.91705202,0.149352518,AM
Nothofagus_solandri,0.2519,80.65242051,0.24872449,EcM
Myrsine_australis,0.3833,53.66925373,0.161595547,AM
Dacrycarpus_dacrydioides,0.6587,13.37872176,0.219405099,AM
Pterophylla_racemosa,0.3961,63.78784703,0.127207207,AM
Neopanax_arboreus,0.5749,27.19590709,0.1416,AM
Pennantia_corymbosa,0.4755,37.80062814,0.148877805,AM
Phyllocladus_trichomanoides,0.6913,21.8519539,0.121954485,AM
Pseudopanax_crassifolius,0.5848,42.31343066,0.087961477,AM
Agathis_australis,0.5846,13.84305221,0.268898488,AM
Nothofagus_solandri,0.2526,77.5345975,0.257603687,EcM
Myrsine_australis,0.4416,28.65658395,0.227683616,AM
Knightia_excelsa,0.354,40.75832853,0.249640288,NM
Pennantia_corymbosa,0.5513,29.97482759,0.139759036,AM
Dacrycarpus_dacrydioides,0.4602,25.01168892,0.240449438,AM
Pseudowintera_colorata,0.7897,15.09705775,0.135192069,AM
Rhopalostylis_sapida,0.3179,36.28832717,0.346794872,AM
Dacrycarpus_dacrydioides,0.5972,16.6149264,0.214978903,AM
Neopanax_arboreus,0.7642,17.0804559,0.127671756,AM
Myrsine_coriacea,0.4899,23.33405594,0.227586207,AM
Elaeocarpus_hookerianus,0.4285,31.52020378,0.220192308,AM
Dacrycarpus_dacrydioides,0.679,12.78097694,0.215989515,AM
Prumnopitys_taxifolia,0.7182,11.89570745,0.20751773,AM
Agathis_australis,0.6463,13.44649381,0.226666667,AM
Rhopalostylis_sapida,0.3961,32.47238683,0.250515464,AM
Nothofagus_solandri,0.2071,130.947513,0.226377953,EcM
Pseudowintera_colorata,0.9798,8.539916944,0.155288048,AM
Dacrycarpus_dacrydioides,0.6267,14.4238151,0.22489019,AM
Agathis_australis,0.622,12.35723466,0.266062176,AM
Pseudowintera_colorata,0.7866,13.87784181,0.148241206,AM
Neopanax_arboreus,0.96,13.06790155,0.105753425,AM
Dacrycarpus_dacrydioides,0.4862,24.18626832,0.222864322,AM
Knightia_excelsa,0.3513,43.01591885,0.239428571,NM
Dracophyllum_longifolium,0.2354,79.13589397,0.290634441,ErM
Hoheria_lyallii,0.5005,44.67610294,0.113807531,AM
Myrsine_divaricata,0.3777,32.59875549,0.2732,AM
Quintinia_serrata,0.4091,36.55222222,0.208333333,AM
Dacrydium_cupressinum,0.5156,22.98842301,0.208108108,AM
Rhopalostylis_sapida,0.4412,23.00938534,0.283892617,AM
Pterophylla_racemosa,0.3402,86.48742857,0.127118644,AM
Hoheria_lyallii,0.6188,24.90294372,0.133526012,AM
Pectinopitys_ferruginea,0.8975,7.380360797,0.214186851,AM
Prumnopitys_taxifolia,0.8864,6.488899522,0.249552239,AM
Agathis_australis,0.5515,20.61706349,0.203225806,AM
Myrsine_australis,0.4515,32.4574476,0.19263658,AM
Elaeocarpus_hookerianus,0.4485,32.07889749,0.197328244,AM
Nothofagus_solandri,0.2309,84.69376559,0.282394366,EcM
Weinmannia_silvicola,0.3489,46.10464419,0.226271186,AM
Coprosma_linariifolia,0.5517,17.29070796,0.241452991,AM
Myrsine_divaricata,0.3392,60.10193033,0.184224599,AM
Nothofagus_menziesii,0.2476,46.27451515,0.448979592,EcM
Phyllocladus_trichomanoides,0.6719,14.91787043,0.189002268,AM
Neopanax_arboreus,0.8328,14.76531758,0.124220183,AM
Hoheria_lyallii,0.5694,33.64926509,0.116871166,AM
Myrsine_coriacea,0.4361,31.37731563,0.213207547,AM
Nestegis_lanceolata,0.8014,7.049910011,0.281329114,AM
Myrsine_australis,0.3912,45.0685,0.184804928,AM
Elaeocarpus_hookerianus,0.442,33.36353422,0.195409182,AM
Pseudopanax_crassifolius,0.6122,26.02306452,0.130526316,AM
Prumnopitys_taxifolia,0.7408,11.39567111,0.203435805,AM
Dacrydium_cupressinum,0.5042,27.05295752,0.18489426,AM
Prumnopitys_taxifolia,0.6871,12.86663525,0.209683794,AM
Phyllocladus_trichomanoides,0.4941,30.76252796,0.169318182,AM
Myrsine_coriacea,0.4519,33.48527675,0.18604119,AM
Dacrydium_cupressinum,0.6762,14.06404321,0.198165138,AM
Nothofagus_solandri,0.1959,113.0559864,0.294,EcM
Pectinopitys_ferruginea,0.8418,8.73625656,0.205635492,AM
Elaeocarpus_hookerianus,0.4146,32.54583987,0.2275,AM
Pseudopanax_crassifolius,0.7141,21.65195889,0.115341702,AM
Nothofagus_solandri,0.2777,58.34765757,0.282712766,EcM
Myrsine_divaricata,0.3429,39.22196986,0.275667656,AM
Nothofagus_solandri,0.253,70.15678519,0.283613445,EcM
Nothofagus_solandri,0.2325,75.87138151,0.310561056,EcM
Pectinopitys_ferruginea,0.8441,6.941881127,0.257413249,AM
Dacrydium_cupressinum,0.5271,23.2226087,0.197142857,AM
Phyllocladus_trichomanoides,0.7745,12.55351307,0.169060773,AM
Prumnopitys_taxifolia,0.7308,11.80086031,0.202056075,AM
Pectinopitys_ferruginea,0.8217,5.988405379,0.314501511,AM
Pseudopanax_crassifolius,0.6294,27.71595642,0.116011236,AM
Elaeocarpus_hookerianus,0.39,37.6391439,0.222267206,AM
Myrsine_coriacea,0.555,19.30803446,0.214261745,AM
Nothofagus_solandri,0.2354,79.10295956,0.290133333,EcM
Dacrydium_cupressinum,0.469,23.90740175,0.242328042,AM
Pectinopitys_ferruginea,0.9701,5.844242152,0.231327801,AM
Dacrydium_cupressinum,0.6001,19.4133241,0.182323232,AM
Dacrydium_cupressinum,0.4296,30.5263587,0.227160494,AM
Pseudopanax_crassifolius,0.6166,22.81631957,0.146965699,AM
Pseudopanax_crassifolius,0.6139,27.45232695,0.123007246,AM
Myrsine_coriacea,0.4591,38.76618952,0.155974843,AM
Pectinopitys_ferruginea,0.8221,7.257879859,0.259633028,AM
Nothofagus_solandri,0.205,130.8026511,0.232126697,EcM
Myrsine_divaricata,0.3791,34.54034443,0.256176471,AM
Halocarpus_biformis,0.5898,11.45996491,0.319327731,AM
Podocarpus_laetus,0.8326,8.695377616,0.211346154,AM
Sphaeropteris_medullaris,0.4012,28.6143209,0.27628866,AM
Weinmannia_silvicola,0.3871,17.6232334,0.481443299,AM
Nothofagus_fusca,0.4024,36.01680135,0.218382353,EcM
Coprosma_linariifolia,0.486,23.91750831,0.225468165,AM
Beilschmiedia_tawa,0.7109,9.20864357,0.273354735,AM
Hoheria_lyallii,0.5851,25.18947115,0.147727273,AM
Halocarpus_biformis,0.623,12.46639877,0.263327948,AM
Nothofagus_fusca,0.2904,47.54657856,0.318224299,EcM
Sphaeropteris_medullaris,0.3846,37.50073918,0.229297821,AM
Podocarpus_laetus,0.9495,6.150804954,0.229543147,AM
Weinmannia_silvicola,0.3289,41.53152722,0.283082707,AM
Coprosma_linariifolia,0.6203,27.05634848,0.122222222,AM
Nestegis_lanceolata,0.712,9.334722493,0.268848168,AM
Hoheria_lyallii,0.4841,46.73872807,0.116326531,AM
Halocarpus_biformis,0.8257,5.819442199,0.321020761,AM
Dracophyllum_longifolium,0.2349,88.03098383,0.262190813,ErM
Weinmannia_silvicola,0.5165,32.91025024,0.144909344,AM
Dicksonia_squarrosa,0.4599,20.43897436,0.294339623,AM
Phyllocladus_trichomanoides,0.5699,15.85728708,0.247337278,AM
Coprosma_linariifolia,0.5366,25.54769363,0.172916667,AM
Podocarpus_laetus,0.86,7.330639211,0.234743202,AM
Nothofagus_fusca,0.347,45.34312977,0.233234421,EcM
Nothofagus_menziesii,0.2918,32.16508625,0.465450122,EcM
Nothofagus_fusca,0.2877,41.48280532,0.370852018,EcM
Nothofagus_menziesii,0.2431,61.17521359,0.352739726,EcM
Sphaeropteris_medullaris,0.4106,34.07836293,0.221746575,AM
Dicksonia_squarrosa,0.8578,12.37532119,0.139812332,AM
Podocarpus_laetus,0.9224,7.130085898,0.20975976,AM
Coprosma_linariifolia,0.6495,21.45006289,0.140707965,AM
Nestegis_lanceolata,0.4344,19.3678202,0.348497854,AM
Coprosma_linariifolia,0.5043,18.42147679,0.271633238,AM
Phyllocladus_trichomanoides,0.2918,17.70699568,0.845498783,AM
Phyllocladus_trichomanoides,0.6647,10.47479667,0.274968234,AM
Halocarpus_biformis,0.5817,11.03165,0.340909091,AM
Dracophyllum_longifolium,0.2172,98.96215976,0.272580645,ErM
Dicksonia_squarrosa,0.6147,18.2125,0.184834123,AM
Halocarpus_kirkii,0.5937,16.8183157,0.21486014,AM
Nothofagus_fusca,0.2946,68.62742857,0.213740458,EcM
Beilschmiedia_tawa,0.6953,11.48559091,0.229166667,AM
Hoheria_sexstylosa,0.8385,24.27998556,0.07458266,AM
Plagianthus_regius,0.4476,52.23212885,0.121635434,AM
Halocarpus_biformis,0.5781,13.99400232,0.27235387,AM
Dracophyllum_longifolium,0.2038,214.4184267,0.143129771,ErM
Nothofagus_fusca,0.2408,92.59152582,0.236666667,EcM
Dicksonia_squarrosa,0.8026,10.29576678,0.192003763,AM
Metrosideros_excelsa,0.4323,25.77941497,0.264388489,AM
Halocarpus_kirkii,0.6134,15.70733613,0.215480226,AM
Phyllocladus_trichomanoides,0.6845,9.249852663,0.293784684,AM
Halocarpus_kirkii,0.6988,9.174990498,0.28412527,AM
Syzygium_maire,0.2937,102.4248419,0.144159544,AM
Syzygium_maire,0.2987,86.38313953,0.165384615,AM
Hoheria_sexstylosa,0.9124,14.36590845,0.106482412,AM
Plagianthus_regius,0.4571,58.60572254,0.103903904,AM
Halocarpus_kirkii,0.6452,16.02345455,0.191042048,AM
Dracophyllum_longifolium,0.2099,172.0357825,0.168144044,ErM
Phyllocladus_trichomanoides,0.6578,11.5556758,0.254632972,AM
Sophora_microphylla,0.5258,24.84986744,0.185407066,AM
Syzygium_maire,0.2991,82.00029703,0.173638968,AM
Metrosideros_excelsa,0.4104,26.37903385,0.286695747,AM
Hoheria_sexstylosa,0.6652,27.62651982,0.10412844,AM
Plagianthus_regius,0.3948,71.49515203,0.114285714,AM
Phyllocladus_trichomanoides,0.7084,9.298367736,0.27287695,AM
Halocarpus_kirkii,0.6773,13.71793839,0.202236422,AM
Metrosideros_excelsa,0.5458,23.55620821,0.181455806,AM
Sophora_microphylla,0.528,22.42009474,0.203862661,AM
Syzygium_maire,0.3499,46.24177686,0.224767802,AM
Metrosideros_excelsa,0.6027,15.78237264,0.221989529,AM
Plagianthus_regius,0.4441,47.384304,0.136165577,AM
Hoheria_sexstylosa,0.6695,30.97071244,0.091686461,AM
Hoheria_sexstylosa,0.8253,22.38026824,0.083512545,AM
Syzygium_maire,0.4389,31.92227394,0.207162534,AM
Plagianthus_regius,0.4349,61.8957672,0.108829175,AM
Quintinia_serrata,0.4105,39.54050633,0.191283293,AM
Metrosideros_excelsa,0.4347,29.80102263,0.22594697,AM
Sphaeropteris_medullaris,0.4851,22.06396024,0.245126706,AM
Hoheria_lyallii,0.4781,52.86181481,0.10546875,AM
Nothofagus_menziesii,0.3129,53.73175911,0.241762452,EcM
Nestegis_lanceolata,0.768,14.02560062,0.154086538,AM
Beilschmiedia_tawa,0.8378,7.475616,0.242718447,AM
Nothofagus_menziesii,0.369,41.82949597,0.223423423,EcM
Nothofagus_menziesii,0.372,30.46632047,0.302242152,EcM
Alectryon_excelsus,0.4145,49.1654,0.150684932,AM
Sphaeropteris_medullaris,0.4776,27.06212005,0.206052632,AM
Alectryon_excelsus,0.5329,29.3992844,0.152661064,AM
Alectryon_excelsus,0.4823,24.0669886,0.227421555,AM
Olearia_rani,0.6111,27.23651106,0.125230769,AM
Olearia_rani,0.53,48.46832553,0.093537788,AM
Beilschmiedia_tawa,0.7888,7.127432268,0.287224158,AM
Agathis_australis,0.6185,15.39242456,0.216441441,AM
Agathis_australis,0.7212,9.304552874,0.263118581,AM
Agathis_australis,0.5885,16.4972814,0.223049645,AM
Agathis_australis,0.5881,15.35877942,0.239958159,AM
Agathis_australis,0.6513,13.51288084,0.222483221,AM
Agathis_australis,0.6714,9.849118825,0.28697318,AM
Beilschmiedia_tarairi,0.9148,11.68587081,0.130244941,AM
Beilschmiedia_tarairi,0.8947,6.373128355,0.249573691,AM
Beilschmiedia_tarairi,0.9454,7.318741123,0.19459799,AM
Beilschmiedia_tarairi,0.8437,8.921105471,0.200565611,AM
Beilschmiedia_tawa,0.7401,8.833251689,0.263111111,AM
Beilschmiedia_tawa,0.9876,4.934479297,0.264344942,AM
Beilschmiedia_tawa,0.9093,6.611410579,0.233072407,AM
Beilschmiedia_tawa,0.8097,7.697352217,0.252173913,AM
Beilschmiedia_tawa,0.7789,8.286918392,0.253395062,AM
Corynocarpus_laevigatus,0.6337,21.52638064,0.14732577,AM
Corynocarpus_laevigatus,0.5704,31.54837758,0.123948812,AM
Corynocarpus_laevigatus,0.6882,18.06998612,0.14871001,AM
Corynocarpus_laevigatus,0.608,20.21230287,0.170381679,AM
Corynocarpus_laevigatus,0.6361,21.91793801,0.143520309,AM
Alsophila_tricolor,0.7736,8.937240455,0.238118022,AM
Alsophila_tricolor,0.5356,16.93494236,0.261886792,AM
Alsophila_tricolor,0.6204,14.74212871,0.224444444,AM
Alsophila_tricolor,0.5606,19.30697746,0.209892473,AM
Alsophila_tricolor,0.658,16.12816653,0.182335766,AM
Alsophila_tricolor,0.672,16.28114379,0.173207547,AM
Sphaeropteris_medullaris,0.5693,25.97064447,0.151382114,AM
Sphaeropteris_medullaris,0.586,22.92284553,0.161842105,AM
Sphaeropteris_medullaris,0.9563,7.767307307,0.179192825,AM
Sphaeropteris_medullaris,0.8092,16.53887133,0.117506631,AM
Alsophila_smithii,0.6957,13.63210294,0.192907801,AM
Alsophila_smithii,0.8032,8.065116279,0.244587156,AM
Alsophila_smithii,0.654,12.41590582,0.239655172,AM
Alsophila_smithii,0.5146,24.80292154,0.193851133,AM
Alsophila_smithii,0.4306,15.48941628,0.442857143,AM
Dacrydium_cupressinum,0.287,94.64264331,0.163541667,AM
Dacrydium_cupressinum,0.4983,19.60702703,0.262204724,AM
Dacrydium_cupressinum,0.5589,22.08260223,0.184246575,AM
Dacrydium_cupressinum,0.5092,24.52308271,0.2,AM
Dacrydium_cupressinum,0.5726,17.51862745,0.22173913,AM
Dacrydium_cupressinum,0.5061,21.98025974,0.226470588,AM
Dicksonia_squarrosa,0.6497,16.15823349,0.186532951,AM
Dicksonia_squarrosa,0.8275,13.91577657,0.133575978,AM
Dicksonia_squarrosa,0.6832,15.93851761,0.171248247,AM
Dicksonia_squarrosa,0.6368,19.54940678,0.160762943,AM
Dicksonia_squarrosa,0.7459,16.52766537,0.138469828,AM
Dicksonia_squarrosa,0.5836,13.17803761,0.283758701,AM
Didymocheton_spectabilis,0.7744,9.012713784,0.235602576,AM
Didymocheton_spectabilis,0.9993,7.482817347,0.17038835,AM
Elaeocarpus_dentatus,0.5284,29.31601145,0.155489614,AM
Elaeocarpus_dentatus,0.5819,28.190978,0.133224756,AM
Elaeocarpus_dentatus,0.6227,24.78181818,0.13257329,AM
Elaeocarpus_dentatus,0.5778,31.78778641,0.12004662,AM
Elaeocarpus_dentatus,0.7272,17.47412865,0.137681159,AM
Elaeocarpus_dentatus,0.599,27.34473394,0.129761905,AM
Hedycarya_arborea,0.9912,12.06734052,0.107432432,AM
Knightia_excelsa,0.3564,55.5915,0.17989418,NM
Knightia_excelsa,0.3916,43.0244129,0.19278607,NM
Knightia_excelsa,0.4569,42.25359331,0.144176707,NM
Knightia_excelsa,0.3994,35.75010511,0.223489933,NM
Knightia_excelsa,0.3674,55.13388254,0.17122905,NM
Kunzea_ericoides,0.4395,59.60544025,0.110416667,EcMAM
Kunzea_ericoides,0.3984,47.26339286,0.16969697,EcMAM
Kunzea_ericoides,0.5183,36.815,0.128755365,EcMAM
Kunzea_ericoides,0.6601,26.30111392,0.111111111,EcMAM
Kunzea_ericoides,0.6632,27.33420635,0.105882353,EcMAM
Laurelia_novae-zelandiae,0.9593,11.54438443,0.119790676,AM
Laurelia_novae-zelandiae,0.9449,9.891873171,0.14416315,AM
Leptospermum_scoparium,0.6118,24.29869289,0.139964476,EcMAM
Leptospermum_scoparium,0.3823,65.05058166,0.133832335,EcMAM
Leptospermum_scoparium,0.3788,53.08406883,0.167457627,EcMAM
Leptospermum_scoparium,0.4804,57.47050613,0.096023564,EcMAM
Leptospermum_scoparium,0.5798,45.87397849,0.082544379,EcMAM
Melicytus_ramiflorus,0.5595,43.21561831,0.094133822,AM
Melicytus_ramiflorus,0.5147,45.3950813,0.105882353,AM
Melicytus_ramiflorus,0.5139,55.29138482,0.087224158,AM
Melicytus_ramiflorus,0.3994,107.2672477,0.07440273,AM
Melicytus_ramiflorus,0.456,54.28811224,0.112859885,AM
Melicytus_ramiflorus,0.61,53.44198569,0.064032073,AM
Metrosideros_robusta,0.4289,52.56778243,0.131318681,AM
Metrosideros_robusta,0.36,68.86184211,0.142723005,AM
Metrosideros_robusta,0.4847,38.84814159,0.139506173,AM
Metrosideros_robusta,0.4205,49.66014658,0.145153664,AM
Metrosideros_robusta,0.42,50.93543796,0.141968912,AM
Metrosideros_robusta,0.5477,20.13784715,0.210657596,AM
Nestegis_lanceolata,0.7515,11.55487832,0.19524838,AM
Nestegis_lanceolata,0.7351,12.25026927,0.192321429,AM
Nestegis_lanceolata,0.8838,6.441436865,0.136842105,AM
Nestegis_lanceolata,0.6806,11.06947661,0.248066298,AM
Nestegis_lanceolata,0.8033,8.43400191,0.233705357,AM
Nestegis_lanceolata,0.8717,10.07069444,0.16625222,AM
Phyllocladus_trichomanoides,0.725,18.56159329,0.130327869,AM
Phyllocladus_trichomanoides,0.7372,15.3710289,0.152557319,AM
Phyllocladus_trichomanoides,0.6464,20.95033898,0.145422535,AM
Phyllocladus_trichomanoides,0.7374,11.3053913,0.207207207,AM
Pittosporum_tenuifolium,0.3866,44.44274686,0.191408935,AM
Pittosporum_tenuifolium,0.4563,46.27686937,0.132142857,AM
Pittosporum_tenuifolium,0.4938,42.60866255,0.122418136,AM
Pittosporum_tenuifolium,0.4435,55.23231626,0.117232376,AM
Pittosporum_tenuifolium,0.4182,60.159947,0.120940171,AM
Pittosporum_tenuifolium,0.3559,58.45788618,0.172027972,AM
Podocarpus_laetus,0.9392,9.19620462,0.156994819,AM
Podocarpus_laetus,0.9398,9.196009417,0.156734317,AM
Podocarpus_laetus,0.9767,6.947112527,0.19204893,AM
Podocarpus_laetus,0.8076,10.29054974,0.189735099,AM
Podocarpus_laetus,0.812,11.33993172,0.170295983,AM
Podocarpus_laetus,0.9174,8.18932567,0.184844193,AM
Podocarpus_totara,0.8351,13.04584403,0.139917127,AM
Podocarpus_totara,0.9362,8.77511335,0.165646732,AM
Podocarpus_totara,0.838,11.94118141,0.151862745,AM
Podocarpus_totara,0.9324,9.758870256,0.150066225,AM
Podocarpus_totara,0.8473,11.40340832,0.15541958,AM
Podocarpus_totara,0.8692,11.16298415,0.15106383,AM
Pectinopitys_ferruginea,0.9697,6.223585039,0.217665131,AM
Pectinopitys_ferruginea,0.896,8.31056101,0.190641711,AM
Pectinopitys_ferruginea,0.8769,7.823283706,0.2117338,AM
Pectinopitys_ferruginea,0.9648,6.962598684,0.196551724,AM
Pectinopitys_ferruginea,0.9666,6.663904703,0.204556962,AM
Rhopalostylis_sapida,0.6264,15.86220305,0.204781705,AM
Rhopalostylis_sapida,0.5355,18.74122896,0.236653386,AM
Rhopalostylis_sapida,0.6482,15.54153605,0.19490835,AM
Rhopalostylis_sapida,0.5915,17.45623824,0.208496732,AM
Rhopalostylis_sapida,0.7412,10.6935512,0.216509434,AM
Rhopalostylis_sapida,0.5165,15.61815508,0.305306122,AM
Vitex_lucens,0.597,31.90433105,0.112007685,AM
Vitex_lucens,0.5041,35.7574307,0.140209268,AM
Vitex_lucens,0.5842,28.55711538,0.130653266,AM
Vitex_lucens,0.7414,16.68498783,0.138851351,AM
Weinmannia_silvicola,0.3641,55.61829918,0.172743363,AM
Weinmannia_silvicola,0.3474,65.65077295,0.160465116,AM
Weinmannia_silvicola,0.4144,38.27473091,0.193932039,AM
Weinmannia_silvicola,0.3619,61.58161736,0.157943925,AM
Weinmannia_silvicola,0.382,42.03177481,0.207936508,AM
Achillea_millefolium,0.286333333,432.4197306,0.02679616,AM
Bromus_catharticus,0.30525,208.9771407,0.04515827,AM
Bromus_inermis,0.3296,207.330645,0.037633069,AM
Cichorium_intybus,0.354266667,378.8856063,0.020558963,AM
Dactylis_glomerata,0.235716667,412.5991704,0.038362094,AM
Elymus_virginicus,0.268328571,337.5620647,0.040064962,AM
Lolium_arundinaceum,0.290866667,277.401221,0.038153765,AM
Lolium_arundinaceum,0.265083333,258.4533987,0.042528719,AM
Lolium_perenne,0.249666667,317.0098828,0.041978316,AM
Lotus_corniculatus,0.4423,164.1479486,0.028623012,AM
Lotus_corniculatus,0.435866667,230.6319437,0.023379574,AM
Medicago_sativa,0.377733333,318.865196,0.022995096,AM
Phalaris_arundinacea,0.30925,219.1752031,0.044358802,NMAM
Phleum_pratense,0.2293,485.0958722,0.032724833,AM
Plantago_lanceolata,0.302483333,286.1340156,0.035131153,AM
Poa_pratensis,0.22775,632.1231749,0.027610923,AM
Sanguisorba_minor,0.33136,240.0295866,0.047151449,AM
Solidago_nemoralis,0.31365,595.6594489,0.017536228,AM
Taraxacum_campylodes,0.33945,375.6272474,0.022936533,AM
Trifolium_purpureum,0.365133333,287.8728187,0.026701851,AM
Trifolium_pratense,0.3357,352.4749925,0.025255194,AM
Trifolium_repens,0.326666667,501.891035,0.01880343,AM
Vicia_americana,0.392816667,218.5328286,0.02971441,AM
Alnus_glutinosa,0.385725,26.72894237,0.406274606,EcM
Anthyllis_cytisoides,0.286325,9.400956655,0.598571117,AM
Anthyllis_terniflora,0.363875,6.026853632,0.549537619,AM
Arbutus_unedo,0.499883333,12.11686106,0.558173551,EcM
Armeria_velutina,0.508425,10.50547346,0.610452695,NMAM
Artemisia_barrelieri,0.42485,5.072936944,0.449805506,AM
Atractylis_humilis,0.392875,5.510878614,0.521388939,AM
Pseudodictamnus_hirsutus,0.354775,5.291243511,0.540589337,AM
Calluna_vulgaris,0.3166,13.62532988,1.194550386,ErM
Celtis_australis,0.281675,22.54309961,0.766484225,AM
Cistus_albidus,0.4749,3.664004099,0.686538192,EcM
Cistus_albidus,0.3913,10.26735149,0.863509913,EcM
Cistus_crispus,0.43924375,12.42905362,0.615401581,EcM
Cistus_ladanifer,0.393275,9.270114972,0.906095206,EcM
Cistus_libanotis,0.4262125,10.36421952,0.813983443,EcM
Cistus_monspeliensis,0.546541667,9.903725198,0.622950977,EcM
Cistus_salviifolius,0.3925,10.89013154,0.824140611,EcM
Cistus_salviifolius,0.505175,8.427728383,0.746873236,EcM
Coronilla_juncea,0.3001,7.815522897,0.589211904,AM
Crataegus_monogyna,0.431175,10.08847613,0.700739281,AM
Cydonia_oblonga,0.3992,9.416966696,0.933558265,AM
Cytisus_grandiflorus,0.742,3.251413722,0.792650672,AM
Ephedra_fragilis,0.507133333,3.390764119,0.515833978,AM
Erica_arborea,0.380475,14.15140327,0.654422225,ErM
Erica_scoparia,0.259025,20.20964705,1.12772211,ErM
Ficus_carica,0.367875,21.37773738,0.556481025,AM
Fraxinus_angustifolia,0.4575375,18.86711932,0.355371312,AM
Fumana_thymifolia,0.4134,5.515622559,0.824491871,EcM
Genista_hirsuta,0.4310375,11.19971247,0.682507055,AM
Genista_triacanthos,0.419825,12.85066838,0.713133948,AM
Cistus_calycinus,0.5166,6.565625576,0.812703922,EcM
Cistus_halimifolius,0.415325,9.3963384,0.861854952,EcM
Hedera_helix,0.5464,14.31832413,0.308041315,AM
Helianthemum_almeriense,0.589675,2.523571788,0.762354248,EcM
Helianthemum_syriacum,0.4746,3.88410646,0.724657411,EcM
Helichrysum_italicum,0.31635,18.38787127,0.97859569,AM
Helichrysum_stoechas,0.49195,6.114890701,0.652701216,AM
Chrysojasminum_fruticans,0.44935,14.67621347,0.44130439,AM
Juniperus_phoenicea,0.5192,8.033595128,0.625121324,AM
Launaea_arborescens,0.376075,6.438488387,0.457593628,AM
Lavandula_multifida,0.4839,2.713129661,0.744211348,AM
Lavandula_multifida,0.3004,27.63901988,0.822413758,AM
Lavandula_multifida,0.2954125,19.04169215,0.801768111,AM
Myrtus_communis,0.423125,10.13083205,0.787755381,AM
Nerium_oleander,0.453441667,14.17862159,0.540704456,AM
Osyris_alba,0.630925,5.888691257,0.954854559,NMAM
Phillyrea_angustifolia,0.370125,14.21761851,0.696446488,AM
Phillyrea_angustifolia,0.456416667,10.78162787,0.65522074,AM
Phillyrea_latifolia,0.367125,16.51211051,0.630138035,AM
Phillyrea_latifolia,0.466725,9.021170749,0.705267696,AM
Phlomis_purpurea,0.438375,4.436437988,0.499422174,AM
Phlomis_purpurea,0.45605,11.42562829,0.548960495,AM
Pinus_pinea,0.315825,18.76663726,0.713162807,EcM
Pistacia_lentiscus,0.42883,11.51207263,0.704452169,AM
Pistacia_terebinthus,0.4502,8.662208459,0.733709465,AM
Populus_alba,0.52925,9.284089913,0.571345688,EcMAM
Pyrus_bourgaeana,0.42915,9.300307144,0.776268467,AM
Quercus_canariensis,0.41375,12.84111203,0.617889989,EcM
Quercus_coccifera,0.472945833,9.962760294,0.712057623,EcM
Quercus_faginea,0.507925,8.208044292,0.634619471,EcM
Quercus_ilex,0.5502375,7.357025472,0.698061281,EcM
Quercus_suber,0.345325,19.01307903,0.668700885,EcM
Rhamnus_alaternus,0.360625,16.15363044,0.648168516,AM
Rhamnus_lycioides,0.318925,25.0890102,0.573707665,AM
Rhododendron_ponticum,0.4272,17.37239566,0.49509776,ErM
Rosa_canina,0.520525,12.6910533,0.555418779,AM
Salvia_rosmarinus,0.45005,4.530652675,0.502514948,AM
Salvia_rosmarinus,0.443475,12.72753923,0.593098151,AM
Salvia_rosmarinus,0.379475,18.11577855,0.508128855,AM
Rubus_ulmifolius,0.3012,22.39287472,0.668519976,AM
Rubus_ulmifolius,0.36271875,16.7676647,0.722396717,AM
Salix_atrocinerea,0.379825,23.66340095,0.642441787,EcMAM
Sideritis_pusilla,0.314675,7.149525656,0.524128702,AM
Smilax_aspera,0.45085,11.30801907,0.630051562,AM
Smilax_aspera,0.4892875,9.269068528,0.670229456,AM
Stauracanthus_genistoides,0.442,13.14242352,0.747539428,AM
Teucrium_charidemi,0.45115,3.654100463,0.555058017,AM
Teucrium_fruticans,0.381325,14.89092519,0.650130705,AM
Thymelaea_hirsuta,0.3998,5.337819642,0.52047564,AM
Thymus_hyemalis,0.417275,4.951101427,0.650083319,AM
Thymus_mastichina,0.280925,21.28351979,0.928743105,AM
Ulex_parviflorus,0.414583333,11.17628328,0.76506575,AM
Ulex_parviflorus,0.331775,7.202012564,0.668397969,AM
Ulmus_minor,0.34785,19.93477395,0.577706024,AM
Viburnum_tinus,0.453275,11.2699308,0.635587092,AM
Vitis_vinifera,0.518825,14.86991269,0.46471757,AM
Withania_frutescens,0.3918,5.831896907,0.461331482,AM
Achillea_millefolium,0.31236,74.14570204,0.255351014,AM
Allium_textile,0.310783333,187.854852,0.104998558,AM
Amelanchier_alnifolia,0.376066667,20.87559975,0.503968254,AM
Androsace_occidentalis,0.114871429,207.4558225,0.407107843,AM
Lygodesmia_juncea,0.36985,33.15708162,0.359426374,AM
Antennaria_neglecta,0.27495,124.7339737,0.159375,AM
Antennaria_parvifolia,0.34955,44.93859194,0.250416667,AM
Arnica_fulgens,0.51545,15.88176348,0.324830317,AM
Arnica_sororia,0.2433,76.88083333,0.3,AM
Artemisia_cana,0.31,55.91952402,0.261669741,AM
Artemisia_frigida,0.24786,74.92121846,0.362103739,AM
Artemisia_ludoviciana,0.331685714,61.72463627,0.261122848,AM
Symphyotrichum_ciliolatum,0.1754,111.1369355,0.364705882,AM
Symphyotrichum_ericoides,0.2526,126.51,0.153846154,AM
Symphyotrichum_falcatum,0.31118,62.50155501,0.234944544,AM
Symphyotrichum_laeve,0.3481,34.02240493,0.400216383,AM
Astragalus_aboriginum,0.2159,42.98205128,0.65,AM
Astragalus_bisulcatus,0.3546,90.49333333,0.115384615,AM
Astragalus_agrestis,0.38865,20.82529397,0.416287112,AM
Bouteloua_gracilis,0.205358333,88.35631532,0.440533419,AM
Bromus_inermis,0.2036,88.77433333,0.347826087,AM
Campanula_rotundifolia,0.141566667,536.7006127,0.169907407,AM
Carex_filifolia,0.181971429,107.557439,0.510912698,NMAM
Carex_obtusata,0.165411111,101.4145355,0.571034043,NMAM
Cerastium_arvense,0.188766667,91.58154988,0.486326636,NMAM
Chenopodium_album,0.1616,139.9069405,0.520902391,NMAM
Comandra_umbellata,0.321385714,31.36179282,0.334821433,AM
Dalea_purpurea,0.3316,61.28580645,0.19375,AM
Danthonia_intermedia,0.3774,15.56514286,0.583333333,AM
Descurainia_sophia,0.1259,168.6505263,0.475,NM
Draba_nemorosa,0.13435,271.560156,0.5,NM
Elaeagnus_commutata,0.3984,18.49419118,0.431746032,AM
Elymus_lanceolatus,0.221186667,94.78007133,0.30820288,AM
Elymus_repens,0.261966667,66.09675463,0.296679293,AM
Erigeron_glabellus,0.305833333,53.57624225,0.275066354,AM
Erigeron_pumilus,0.18365,84.55363636,0.3,AM
Erysimum_inconspicuum,0.1219,359.7676816,0.288709678,NM
Krascheninnikovia_ceratoides,0.245475,79.60651137,0.340208334,AM
Festuca_hallii,0.20186,82.94415808,0.499767239,AM
Galium_boreale,0.1779,172.8382766,0.315984509,NMAM
Gutierrezia_sarothrae,0.2661,84.66611111,0.225,AM
Xanthisma_spinulosum,0.3163,115.7175,0.106666667,AM
Chrysopsis_villosa,0.2195,104.5839676,0.252040816,AM
Heuchera_richardsonii,0.2062,91.23542858,0.35,NMAM
Hymenoxys_richardsonii,0.2824,69.08732057,0.232222222,AM
Koeleria_macrantha,0.170316667,124.6730738,0.429291245,AM
Lactuca_tatarica,0.336325,77.19169246,0.213227444,AM
Lathyrus_venosus,0.3725,46.82957143,0.194444444,AM
Lepidium_densiflorum,0.16555,95.54231977,0.516666667,NM
Linum_lewisii,0.2686,59.97475,0.285714286,AM
Musineon_divaricatum,0.5138,35.51308466,0.223564815,AM
Nassella_viridula,0.23675,54.89286067,0.517363388,AM
Orthocarpus_luteus,0.2062,84.3705,0.333333333,NM
Oxytropis_sericea,0.28185,96.65464706,0.183928572,AM
Penstemon_confertus,0.2895,79.9436,0.192307692,AM
Penstemon_nitidus,0.3264,25.85325301,0.461111111,AM
Penstemon_procerus,0.39055,47.66951299,0.178505747,AM
Phlox_hoodii,0.2647,107.0545926,0.180454545,AM
Plantago_patagonica,0.173233333,171.778132,0.406666667,AM
Poa_cusickii,0.1684,134.2380045,0.35709192,AM
Poa_pratensis,0.14389,153.9693949,0.485522508,AM
Drymocallis_arguta,0.282633333,75.53636732,0.554586835,AM
Puccinellia_rupestris,0.164,142.6318101,0.360570292,NMAM
Rosa_arkansana,0.30555,41.52607134,0.421153994,AM
Solidago_missouriensis,0.323716667,100.2127031,0.208174196,AM
Solidago_rigida,0.5009,29.24214286,0.226523948,AM
Sphaeralcea_coccinea,0.3163,65.5839699,0.312666667,AM
Hesperostipa_comata,0.218357143,110.3765069,0.33136934,AM
Hesperostipa_spartea,0.2496,55.51468701,0.393143677,AM
Symphoricarpos_occidentalis,0.302883333,49.10063542,0.337326723,AM
Taraxacum_campylodes,0.2162,101.6822583,0.295555556,AM
Thermopsis_rhombifolia,0.248125,103.9024606,0.272450855,AM
Tragopogon_dubius,0.2848,114.6341667,0.178846154,AM
Vicia_americana,0.33354,112.4390157,0.163035714,AM
Viola_adunca,0.24115,83.2199336,0.357352941,AM
Toxicoscordion_venenosum,0.3483,82.315,0.123076923,AM
Aglaia_exstipulata,0.91585,2.010440401,0.787482009,AM
Aglaia_odoratissima,0.84445,5.218592881,0.35272045,AM
Anaxagorea_javanica,0.81165,6.49032739,0.345499925,AM
Aporosa_subcaudata,0.4968,11.26847418,0.458064516,AM
Blumeodendron_tokbrai,0.4535,24.8057927,0.249621014,AM
Galearia_maingayi,0.5482,5.635617834,0.754807692,AM
Hypobathrum_racemosum,0.462325,11.41490368,0.537348259,AM
Pentaspadon_motleyi,0.2985,39.10778931,0.357294955,AM
Shorea_acuminata,0.418045,27.48305451,0.270904963,EcM
Shorea_leprosula,0.341835294,24.9992726,0.480185138,EcM
Shorea_multiflora,0.8817,1.940391478,0.8543415,EcM
Elymus_repens,0.440337826,49.13389922,0.1898565,AM
Koeleria_pyramidata,0.406237808,56.06263558,0.172949945,AM
Schizachyrium_scoparium,0.44811,49.75738839,0.227383115,AM
Solidago_rigida,0.556220233,36.10157648,0.201816407,AM
Acer_saccharum,0.07029462,60.68,0.086666667,AM
Aesculus_hippocastanum,0.09204845,19.4575,0.1575,AM
Aesculus_parviflora,0.05444722,43.2,0.105,AM
Asimina_triloba,0.17697552,13.54666667,0.166666667,AM
Catalpa_bignonioides,0.14620989,37.2625,0.11,AM
Cercidiphyllum_japonicum,0.05889539,27.3525,0.16,AM
Chionanthus_virginicus,0.10320651,13.8825,0.1625,AM
Cornus_florida,0.03740209,39.045,0.12,AM
Diospyros_virginiana,0.07677239,24.38,0.125,AM
Fraxinus_americana,0.13193054,38.9325,0.14,AM
Gleditsia_triacanthos,0.18058055,20.165,0.135,AM
Halesia_tetraptera,0.09352183,50.52666667,0.096666667,AM
Hamamelis_virginiana,0.04246862,24.295,0.1875,AM
Ilex_opaca,0.09411828,44.4675,0.1075,AM
Juglans_nigra,0.0534852,31.23,0.146666667,AM
Koelreuteria_paniculata,0.13930004,97.54,0.06,AM
Liquidambar_styraciflua,0.12212971,31.7225,0.1475,AM
Liriodendron_tulipifera,0.06005206,15.1875,0.1275,AM
Magnolia_acuminata,0.10065245,12.3825,0.1425,AM
Magnolia_denudata,0.18879751,20.9,0.11,AM
Magnolia_grandiflora,0.12586501,9.09,0.135,AM
Magnolia_kobus,0.2333452,27.32,0.12,AM
Magnolia_macrophylla,0.19940411,12.9,0.13,AM
Magnolia_stellata,0.13506912,31.1625,0.0925,AM
Magnolia_tripetala,0.18597379,17.9975,0.135,AM
Magnolia_virginiana,0.10884048,20.13,0.1175,AM
Nyssa_aquatica,0.18002592,13.57333333,0.16,AM
Platanus_acerifolia,0.2820609,23.93,0.1475,AM
Populus_deltoides,0.16859122,87.255,0.0675,EcMAM
Prunus_sargentii,0.04215448,81.44333333,0.103333333,AM
Sassafras_albidum,0.21953796,20.51333333,0.116666667,NMAM
Styphnolobium_japonicum,0.0869885,36.8175,0.155,AM
Syringa_reticulata,0.06142204,89.92,0.075,AM
Ulmus_americana,0.07658111,71.77,0.0775,AM
Liriodendron_tulipifera,0.73,9.7,0.28,AM
Ulmus_americana,0.33,92.1,0.35,AM
Ulmus_americana,0.44,76.4,0.61,AM
Liriodendron_tulipifera,0.83,6.5,0.3,AM
Ulmus_americana,0.36,82.8,0.48,AM
Ulmus_americana,0.371462872,83.34571376,0.487138375,AM
Ulmus_americana,0.272666523,30.41771441,0.628933014,AM
Ulmus_americana,0.322579519,25.92488309,0.534912546,AM
Ulmus_americana,0.30341511,29.12458348,0.545436467,AM
Ulmus_americana,0.305915181,25.77754424,0.642141941,AM
Ulmus_americana,0.409923545,21.81478737,0.405771485,AM
Liriodendron_tulipifera,0.841738432,6.825483893,0.300794728,AM
Liriodendron_tulipifera,0.940959719,7.31157593,0.256276597,AM
Liriodendron_tulipifera,0.966136819,9.030636343,0.17466259,AM
Leymus_chinensis,0.22,87.18,0.3,AM
Leymus_chinensis,0.22,78.12,0.35,AM
Leymus_chinensis,0.21,77.89,0.37,AM
Leymus_chinensis,0.23,80.12,0.3,AM
Leymus_chinensis,0.23,83.71,0.29,AM
Leymus_chinensis,0.22,119.39,0.22,AM
Leymus_chinensis,0.22,127.73,0.21,AM
Leymus_chinensis,0.22,131.47,0.21,AM
Artemisia_frigida,0.29,64.41,0.23,AM
Artemisia_frigida,0.31,59.05,0.23,AM
Artemisia_frigida,0.3,57.32,0.25,AM
Artemisia_frigida,0.32,49.09,0.25,AM
Artemisia_frigida,0.4,30.4,0.26,AM
Artemisia_frigida,0.41,26.79,0.29,AM
Stipa_krylovii,0.28,111.5,0.15,AM
Stipa_krylovii,0.26,118.9,0.16,AM
Agropyron_cristatum,0.23,191.0,0.13,AM
Agropyron_cristatum,0.23,172.8,0.14,AM
Cleistogenes_squarrosa,0.23,198.9,0.12,AM
Cleistogenes_squarrosa,0.22,229.0,0.11,AM
Leymus_chinensis,0.25,143.5,0.15,AM
Leymus_chinensis,0.26,119.5,0.16,AM
Carex_korshinskyi,0.25,231.1,0.09,NMAM
Carex_korshinskyi,0.24,274.0,0.08,NMAM
Artemisia_frigida,0.25,124.2,0.17,AM
Artemisia_frigida,0.26,92.77,0.2,AM
Potentilla_acaulis,0.24,86.29,0.27,AM
Potentilla_acaulis,0.24,82.34,0.28,AM
Potentilla_tenacetifolia,0.25,68.7,0.29,AM
Potentilla_tenacetifolia,0.25,69.53,0.31,AM
Sibbaldianthe_bifurca,0.26,51.79,0.36,AM
Sibbaldianthe_bifurca,0.27,51.53,0.34,AM
Lespedeza_davurica,0.31,39.46,0.34,AM
Lespedeza_davurica,0.31,40.97,0.34,AM
Medicago_ruthenica,0.26,68.98,0.28,AM
Medicago_ruthenica,0.26,62.96,0.3,AM
Astragalus_scaberrimus,0.29,53.89,0.29,AM
Astragalus_scaberrimus,0.28,65.8,0.26,AM
Allium_tenuissimum,0.4,46.21,0.17,AM
Allium_tenuissimum,0.4,51.41,0.15,AM
Allium_bidentatum,0.49,31.67,0.17,AM
Allium_bidentatum,0.51,26.06,0.19,AM
Chamaerhodos_erecta,0.23,102.9,0.23,AM
Chamaerhodos_erecta,0.24,108.1,0.21,AM
Fraxinus_mandshurica,0.252904855,128.181834,0.16921131,AM
Fraxinus_mandshurica,0.30857079,70.12991971,0.199745792,AM
Fraxinus_mandshurica,0.426452535,33.50656757,0.250513369,AM
Fraxinus_mandshurica,0.694618978,8.961132747,0.277941056,AM
Juglans_mandshurica,0.26171904,103.1250247,0.190152235,AM
Juglans_mandshurica,0.277344217,73.82817282,0.219290001,AM
Juglans_mandshurica,0.347656744,36.71882302,0.307746846,AM
Juglans_mandshurica,0.574219102,19.14071464,0.339942374,AM
Juglans_mandshurica,0.839843888,5.07822832,0.337800075,AM
Betula_pendula,0.23710301,92.96877668,0.241073073,EcM
Betula_pendula,0.2552456,78.12504611,0.261971208,EcM
Betula_pendula,0.327922138,38.28132231,0.373474549,EcM
Betula_pendula,0.482720106,15.23446607,0.411596494,EcM
Betula_pendula,0.778125523,3.906353919,0.40281978,EcM
Larix_gmelinii,0.336688997,42.99174745,0.260488054,EcM
Larix_gmelinii,0.42371862,29.16684341,0.280189912,EcM
Larix_gmelinii,0.541862701,18.18690693,0.298371997,EcM
Larix_gmelinii,0.737968639,8.754643201,0.30869898,EcM
Picea_koraiensis,0.300781569,67.50000606,0.238120221,EcM
Picea_koraiensis,0.328125584,44.74140174,0.286684268,EcM
Picea_koraiensis,0.441406951,22.50003802,0.332115084,EcM
Picea_koraiensis,0.69531312,9.310393375,0.341514566,EcM
Picea_koraiensis,0.937500463,4.396605793,0.371279561,EcM
Pinus_koraiensis,0.420896008,25.29363582,0.297918409,EcM
Pinus_koraiensis,0.471623024,20.83720306,0.296743608,EcM
Pinus_koraiensis,0.579708919,14.4323172,0.304918857,EcM
Pinus_koraiensis,0.89609937,7.637825141,0.314601983,EcM
Pinus_sylvestris,0.331570852,54.36906441,0.268814617,EcM
Pinus_sylvestris,0.353953974,40.78960858,0.277559522,EcM
Pinus_sylvestris,0.434382944,27.72556634,0.287872917,EcM
Pinus_sylvestris,0.557444973,18.04404224,0.296617801,EcM
Pinus_sylvestris,0.777400324,9.912352216,0.31627562,EcM
Protium_aracouchini,0.6909,2.738921467,0.974126344,AM
Protium_aracouchini,0.4388,21.10897436,0.325,AM
Protium_aracouchini,0.5693,7.805148371,0.506473724,AM
Protium_aracouchini,0.8604,2.846879666,0.604760308,AM
Protium_giganteum,0.4679,19.63493628,0.295825507,AM
Protium_giganteum,0.7551,4.332106896,0.515124237,AM
Protium_opacum,0.5882,6.013332152,0.612282963,AM
Protium_opacum,0.8123,3.728609514,0.517462657,AM
Protium_opacum,0.5091,11.02767882,0.445268899,AM
Protium_opacum,0.4769,15.67886114,0.357052953,AM
Protium_opacum,0.3406,36.59411579,0.300518926,AM
Protium_opacum,0.4811,18.50593211,0.297092677,AM
Protium_opacum,0.5127,108.1735829,0.044728925,AM
Protium_opacum,0.639,12.5437982,0.24877965,AM
Protium_opacum,0.9542,3.185803227,0.438540511,AM
Protium_opacum,0.9016,2.841273049,0.551278707,AM
Protium_opacum,0.7002,4.704072056,0.551686217,AM
Protium_sagotianum,0.3648,20.94407117,0.457258561,AM
Protium_sagotianum,0.2811,51.25103461,0.314489929,AM
Protium_sagotianum,0.6782,5.321868563,0.52069566,AM
Protium_sagotianum,0.3845,12.75577975,0.67608679,AM
Protium_sagotianum,0.6469,5.424171903,0.561375187,AM
Protium_sagotianum,0.463,9.049130524,0.655858511,AM
Protium_sagotianum,0.5387,10.45432283,0.41924694,AM
Protium_subserratum,0.7878,3.083007672,0.66538495,AM
Protium_subserratum,0.4026,18.56715972,0.426035503,AM
Protium_subserratum,0.4678,10.59163399,0.548387097,AM
Protium_subserratum,0.9531,2.32374726,0.603972125,AM
Licania_irwinii,0.7673,4.378468715,0.493307362,AM
Licania_irwinii,0.3518,14.77086144,0.692264416,AM
Licania_irwinii,0.5805,4.433886165,0.852039501,AM
Licania_irwinii,0.7952,2.047062065,0.984286308,AM
Licania_micrantha,0.444,7.987315306,0.808765653,AM
Licania_micrantha,0.8105,1.687501244,1.148324385,AM
Licania_micrantha,0.9862,1.463260616,0.895484446,AM
Licania_ovalifolia,0.4695,5.964945315,0.967921279,AM
Licania_ovalifolia,0.4419,10.19954973,0.639141364,AM
Licania_ovalifolia,0.3363,18.0979039,0.625156446,AM
Licania_ovalifolia,0.4462,9.017289989,0.709755033,AM
Licania_ovalifolia,0.4171,12.26300471,0.596931138,AM
Licania_ovalifolia,0.3613,18.71796075,0.521404236,AM
Inga_loubryana,0.3193,31.12916392,0.401091013,AM
Inga_loubryana,0.6049,11.26627332,0.308311763,AM
Inga_rubiginosa,0.5789,9.72637654,0.391503245,AM
Inga_rubiginosa,0.5072,9.246785865,0.535827664,AM
Inga_rubiginosa,0.9353,4.247990084,0.342268753,AM
Inga_stipularis,0.8276,5.12230271,0.362862281,AM
Inga_stipularis,0.5695,14.41541429,0.27099464,AM
Inga_stipularis,0.6468,10.62807164,0.286479777,AM
Inga_stipularis,0.4315,16.88363971,0.404761905,AM
Inga_stipularis,0.5764,6.623496896,0.577917907,AM
Inga_stipularis,0.7954,5.728384419,0.351588755,AM
Inga_stipularis,0.8524,2.463596261,0.710913287,AM
Inga_stipularis,0.722,4.257176871,0.573404255,AM
Inga_stipularis,0.7543,3.514391044,0.636392277,AM
Inga_stipularis,0.9678,1.28394328,1.058127201,AM
Ocotea_nigra,0.7455,9.26420896,0.247176043,AM
Ocotea_nigra,0.6859,8.533439604,0.317859953,AM
Ocotea_nigra,0.7286,12.39531304,0.194182883,AM
Unonopsis_rufescens,0.6505,9.803491803,0.307490915,AM
Sextonia_rubra,0.8908,3.363234451,0.477361292,AM
Sextonia_rubra,0.8934,4.97287696,0.320277379,AM
Eschweilera_coriacea,0.4763,11.35225263,0.494791667,AM
Eschweilera_coriacea,0.6192,6.323980527,0.526709402,AM
Eschweilera_coriacea,0.7056,3.11152444,0.822888507,AM
Eschweilera_coriacea,0.6751,6.539391068,0.427274146,AM
Eschweilera_coriacea,0.813,4.093470256,0.469904101,AM
Eschweilera_coriacea,0.7635,3.342028366,0.655911181,AM
Eschweilera_coriacea,0.81775,2.764260349,0.69247064,AM
Eriotheca_longitubulosa,0.5478,12.07652974,0.350451225,AM
Eriotheca_surinamensis,0.626,8.403173752,0.386661966,AM
Eriotheca_surinamensis,0.5948,11.94814455,0.301122287,AM
Eriotheca_surinamensis,0.7581,9.252974326,0.239355828,AM
Eugenia_sinemariensis,0.3989,12.02795,0.664819945,AM
Eugenia_sinemariensis,0.5308,5.976323565,0.756232687,AM
Eugenia_sinemariensis,0.4461,10.68264763,0.599462136,AM
Eugenia_sinemariensis,0.5402,7.928203451,0.5478008,AM
Eugenia_sinemariensis,0.5339,3.702017972,1.207681366,AM
Eugenia_sinemariensis,0.6287,3.302723012,0.973809956,AM
Micropholis_egensis,0.7956,5.09194925,0.395267506,AM
Micropholis_egensis,0.478,10.9388445,0.509196581,AM
Micropholis_egensis,0.7222,4.247859706,0.574189815,AM
Micropholis_egensis,0.9475,4.410227273,0.325925926,AM
Micropholis_egensis,0.9166,2.690360133,0.563248503,AM
Micropholis_egensis,0.8272,3.076301733,0.604495175,AM
Micropholis_egensis,0.6572,7.493263343,0.393442623,AM
Micropholis_guyanensis,0.5815,4.636054164,0.812088186,AM
Micropholis_guyanensis,0.5188,7.426053284,0.637356695,AM
Micropholis_guyanensis,0.6186,5.269473871,0.632031842,AM
Micropholis_guyanensis,0.4032,17.58262222,0.444763271,AM
Micropholis_guyanensis,0.6068,5.20347877,0.664314372,AM
Micropholis_guyanensis,0.5076,8.963767078,0.551291435,AM
Micropholis_guyanensis,0.6012,6.864519231,0.51147541,AM
Micropholis_guyanensis,0.572,10.35115787,0.377138866,AM
Micropholis_guyanensis,0.5469,7.953777504,0.534505495,AM
Micropholis_guyanensis,0.7432,4.08943609,0.562367865,AM
Micropholis_guyanensis,0.562,8.907490463,0.453000195,AM
Micropholis_guyanensis,0.5385,8.021703739,0.54752261,AM
Micropholis_guyanensis,0.5062,11.69976549,0.424469413,AM
Micropholis_guyanensis,0.5065,7.872641022,0.628338464,AM
Micropholis_guyanensis,0.8676,5.36029663,0.31557048,AM
Micropholis_guyanensis,0.5588,11.10546711,0.367149758,AM
Micropholis_venulosa,0.4259,19.07378759,0.367149758,AM
Micropholis_venulosa,0.9513,2.31090688,0.609147995,AM
Micropholis_venulosa,0.7731,2.803501424,0.760175403,AM
Mallotus_paniculatus,0.2358,97.12113636,0.244444444,AM
Blastus_cochinchinensis,0.203083333,205.3856606,0.175529101,AM
Sarcandra_glabra,0.482916667,29.1342253,0.18768533,AM
Machilus_breviflora,0.6759,10.73371901,0.257446809,AM
Cinnamomum_parthenoxylon,0.57465,20.0281388,0.192121212,AM
Alchornea_trewioides,0.2543,92.55217391,0.219047619,AM
Cryptocarya_chinensis,0.557533333,19.84454398,0.210165455,AM
Calamus_rhabdocladus,0.2187,103.2453571,0.254545455,AM
Engelhardia_roxburghiana,0.2007,109.69,0.285714286,EcM
Sterculia_lanceolata,0.275766667,124.1122043,0.145633987,AM
Cibotium_barometz,0.24825,83.95513514,0.246666667,AM
Psychotria_asiatica,0.22545,94.5378,0.263157895,AM
Castanopsis_fissa,0.206975,123.0716216,0.284615385,EcM
Dicranopteris_pedata,0.20445,80.98027027,0.37,AM
Schima_superba,0.2159,112.5094367,0.26125,AM
Machilus_nanmu,0.439625,32.14708768,0.205218003,AM
Syzygium_jambos,0.22475,144.2353309,0.18015873,AM
Blechnum_orientale,0.2088,185.3453333,0.15,AM
Elaeocarpus_dubius,0.3381,40.48241379,0.276190476,AM
Syzygium_acuminatissimum,0.34,47.12491803,0.234615385,AM
Heptapleurum_heptaphyllum,0.27055,157.4859091,0.11,AM
Aporosa_yunnanensis,0.26385,81.16178571,0.233333333,AM
Caryota_maxima,0.29225,57.57059687,0.263346829,AM
Podocarpus_neriifolius,0.239866667,106.9029829,0.206339869,AM
Sorbus_discolor,0.1932,127.9317391,0.255555556,AM
Prunus_serotina,0.1935,143.1475794,0.229166667,AM
Eleutherococcus_senticosus,0.2245,193.1835714,0.133333333,AM
Deutzia_grandiflora,0.4565,46.8823301,0.130379747,AM
Nabalus_tatarinowii,0.1784,342.7914286,0.116666667,AM
Aster_scaber,0.2113,219.2008,0.131578947,AM
Juglans_mandshurica,0.297233333,56.65256117,0.253572248,AM
Lespedeza_bicolor,0.2449,138.6036364,0.15,AM
Saussurea_mongolica,0.2174,150.705102,0.181481481,AM
Larix_gmelinii,0.3311,46.3254009,0.289665653,EcM
Fraxinus_chinensis,0.3622,47.05240566,0.205825243,AM
Matteuccia_struthiopteris,0.2915,95.76393258,0.156140351,AM
Veratrum_nigrum,0.39,92.22060241,0.091208791,AM
Convallaria_majalis,0.4366,83.10288557,0.089981984,AM
Zabelia_biflora,0.5292,30.94705706,0.146696035,AM
Asparagus_schoberioides,0.3427,119.765,0.09010989,AM
Agrimonia_pilosa,0.2088,226.2263889,0.128571429,AM
Veronica_spuria,0.1867,226.9158333,0.163636364,AM
Astilbe_rubra,0.1717,216.4679545,0.2,NMAM
Syringa_reticulata,0.31645,83.5084058,0.155940989,AM
Corylus_sieboldiana,0.187366667,161.1786312,0.227316017,EcM
Quercus_wutaishanica,0.3723,34.8373773,0.263528304,EcM
Populus_cathayana,0.210866667,174.6927381,0.171688905,EcMAM
Aster_tataricus,0.197,297.11,0.1125,AM
Acer_pictum,0.3017,65.282,0.210526316,AM
Vitis_amurensis,0.3263,80.11659794,0.149230769,AM
Prunus_armeniaca,0.443,33.74603524,0.192674774,AM
Populus_cathayana,0.3844,135.8284967,0.098164336,EcMAM
Rubus_crataegifolius,0.1511,283.6918182,0.194117647,AM
Rhamnus_davurica,0.1805,180.7463913,0.223573201,AM
Spiraea_ouensanensis,0.3721,150.1653333,0.0625,AM
Euonymus_alatus,0.284066667,101.1982282,0.156499415,AM
Galium_aparine,0.1891,240.5986667,0.15,NMAM
Deutzia_grandiflora,0.20025,265.7504412,0.130454545,AM
Saussurea_nivea,0.2677,117.4566,0.151515152,AM
Ulmus_pumila,0.2159,133.5935135,0.205555556,AM
Betula_pendula,0.2703,73.47430164,0.240285734,EcM
Prunus_padus,0.1471,246.2047059,0.242857143,AM
Rosa_acicularis,0.2912,55.8341358,0.27,AM
Salix_abscondita,0.1209,331.0473003,0.25974026,EcMAM
Salix_viminalis,0.140733333,318.6970162,0.225180375,EcMAM
Rubus_irritans,0.177,192.6685185,0.213157895,AM
Spiraea_dahurica,0.122266667,290.9055016,0.29141937,AM
Populus_cathayana,0.1566,216.1510417,0.24,EcMAM
Populus_suaveolens,0.11565,404.583515,0.243406593,EcMAM
Juniperus_sabina,0.3998,38.21711538,0.208,AM
Larix_gmelinii,0.3705,36.00470726,0.260745342,EcM
Pinus_pumila,0.2823,53.1400472,0.303666667,EcM
Betula_fruticosa,0.2803,48.76427618,0.34109063,EcM
Pinus_sylvestris,0.2335,71.22180723,0.325490196,EcM
Sarcandra_glabra,0.518375,31.84202629,0.148701887,AM
Liquidambar_formosana,0.307566667,45.51151685,0.296666667,AM
Diplospora_dubia,0.3013,83.34823529,0.165853659,AM
Magnolia_odora,0.5982,24.68228448,0.144099379,AM
Styrax_suberifolius,0.27965,54.45407407,0.3,AM
Iris_japonica,0.4238,68.55555556,0.103448276,AM
Daphniphyllum_pentandrum,0.272533333,63.17596899,0.26875,AM
Cinnamomum_austro-sinensis,0.45255,28.12288557,0.220879121,AM
Litsea_elongata,0.318933333,48.22580247,0.257142857,AM
Cinnamomum_parthenoxylon,0.40055,48.09963415,0.164,AM
Rubus_rosifolius,0.118283333,319.4613514,0.284615385,AM
Chloranthus_henryi,0.462,37.27738562,0.161052632,AM
Magnolia_chapensis,0.636733333,23.06436937,0.136567113,AM
Dryopteris_lepidopoda,0.199866667,122.6113953,0.252941176,AM
Dryopteris_sparsa,0.219633333,131.0412245,0.204166667,AM
Castanopsis_fabri,0.2048375,118.927973,0.274450549,EcM
Trachelospermum_axillare,0.28415,69.95675676,0.23125,AM
Alniphyllum_fortunei,0.268133333,91.81550725,0.197142857,AM
Choerospondias_axillaris,0.29845,54.41443396,0.265,AM
Alniphyllum_fortunei,0.281233333,86.5843956,0.185714286,AM
Cryptomeria_japonica,0.397483333,50.72764606,0.160713384,AM
Machilus_nanmu,0.521983333,24.53237451,0.191395522,AM
Smilax_trinervula,0.309133333,109.7159016,0.122,AM
Strobilanthes_dimorphotricha,0.2688,136.4411732,0.134419355,AM
Wurfbainia_villosa,0.231955556,187.4048069,0.133168538,AM
Alpinia_japonica,0.16895,246.0725,0.177777778,AM
Cunninghamia_lanceolata,0.373858333,60.90875525,0.233870968,AM
Magnolia_maudiae,0.66375,16.44043478,0.176923077,AM
Castanopsis_fargesii,0.2027,114.7843243,0.264285714,EcM
Castanopsis_eyrei,0.194633333,102.2997561,0.341666667,EcM
Elaeocarpus_sylvestris,0.239233333,82.85767857,0.254545455,AM
Embelia_vestita,0.20785,96.43036364,0.305555556,AM
Parthenocissus_quinquefolia,0.175766667,152.6108108,0.264285714,AM
Blastus_pauciflorus,0.162783333,242.4380923,0.202046784,AM
Dendropanax_dentigerus,0.1273,223.2676,0.416666667,AM
Trachelospermum_axillare,0.29865,85.08024691,0.16875,AM
Ardisia_japonica,0.2301,101.4998413,0.242307692,AM
Oreocnide_frutescens,0.2392,94.0809434,0.230434783,NMAM
Betula_pendula,0.3478,121.6424342,0.122619048,EcM
Syringa_reticulata,0.2088,199.3514809,0.148697318,AM
Abies_nephrolepis,0.415233333,27.04585714,0.279705882,EcM
Ulmus_davidiana,0.278966667,152.6998485,0.130082418,AM
Philadelphus_incanus,0.2011,109.7769281,0.288679245,AM
Betula_costata,0.328433333,111.4147338,0.148893406,EcM
Actinidia_kolomikta,0.23,224.5237681,0.1078125,AM
Deutzia_glabrata,0.184,214.6035484,0.177142857,AM
Juglans_mandshurica,0.2217,106.656829,0.245763889,AM
Picea_koraiensis,0.296933333,46.82073894,0.312712217,EcM
Pinus_koraiensis,0.393533333,22.28955321,0.374764028,EcM
Acer_caudatum,0.2359,87.39493519,0.26,AM
Phellodendron_amurense,0.491633333,42.5135018,0.124547421,AM
Veratrum_nigrum,0.2892,160.4064634,0.095348837,AM
Convallaria_majalis,0.4035,55.08335277,0.141735537,AM
Euonymus_verrucosus,0.2293,164.0066066,0.149074505,AM
Caltha_palustris,0.2098,346.6829091,0.083333333,NMAM
Acer_tegmentosum,0.34824,76.06995076,0.145770899,AM
Populus_suaveolens,0.223,106.681,0.25,EcMAM
Acer_pictum,0.2908,82.61784845,0.185816993,AM
Filipendula_digitata,0.183,220.6077778,0.171428571,AM
Larix_gmelinii,0.422466667,22.36121931,0.323564402,EcM
Saussurea_amurensis,0.2011,245.9616667,0.128571429,AM
Adiantum_pedatum,0.228433333,116.5385412,0.209963781,AM
Tilia_amurensis,0.2074,131.046438,0.235,EcM
Fraxinus_mandshurica,0.2561,91.71619755,0.21009211,AM
Lithocarpus_cleistocarpus,0.274125,68.80162393,0.24375,EcM
Sanicula_orthacantha,0.194725,151.7144068,0.222641509,AM
Corylus_ferox,0.2532,68.29596537,0.291356746,EcM
Astilbe_rivularis,0.38425,36.77078652,0.234210526,NMAM
Cornus_controversa,0.65355,14.69760833,0.202672971,AM
Quercus_serrata,0.1831875,128.324,0.402836,EcM
Quercus_multinervis,0.231575,77.13546392,0.303125,EcM
Rhododendron_hypoglaucum,0.142675,163.4402532,0.395,ErM
Pinus_armandii,0.2882125,47.3779098,0.323713176,EcM
Salvia_chinensis,0.1592,329.3590909,0.151724138,AM
Cornus_ulotricha,0.6110875,13.28886489,0.256929557,AM
Pteridium_aquilinum,0.2511,109.2390984,0.184848485,AM
Dryopteris_sparsa,0.177875,248.7854167,0.165517241,AM
Euptelea_pleiosperma,0.319408333,60.28073226,0.207932068,AM
Coriaria_nepalensis,0.44,31.30576369,0.209036145,AM
Quercus_oxyodon,0.181225,173.8745652,0.219047619,EcM
Lespedeza_thunbergii,0.2289,116.4530579,0.20862069,AM
Fagus_engleriana,0.184175,93.53339118,0.416161616,EcM
Schoepfia_jasminodora,0.19095,81.48262136,0.412,AM
Acer_davidii,0.287225,74.36800694,0.209947208,AM
Quercus_aliena,0.2042625,113.6647347,0.270454545,EcM
Lindera_obtusiloba,0.261375,92.51081301,0.198387097,AM
Populus_cathayana,0.215925,144.1070455,0.2,EcMAM
Cunninghamia_lanceolata,0.5798,16.65387795,0.225777778,AM
Actaea_cimicifuga,0.1747,195.4544444,0.218918919,AM
Cornus_kousa,0.37895,51.5947027,0.171296296,AM
Anaphalis_aureopunctata,0.13695,479.155,0.147826087,AM
Cotoneaster_adpressus,0.24365,88.57128378,0.238709677,AM
Prunus_avium,0.2005625,142.0840804,0.225622605,AM
Solidago_decurrens,0.248225,202.88375,0.101587302,AM
Litsea_ichangensis,0.4037375,61.46794831,0.128134715,AM
Pinus_tabuliformis,0.182325,129.8223077,0.288888889,EcM
Acer_campbellii,0.18975,79.07241758,0.455,AM
Tilia_oliveri,0.206975,149.6261111,0.2,EcM
Hosta_ventricosa,0.40705,60.45922807,0.126666667,AM
Osmunda_japonica,0.418775,23.52217391,0.297841727,AM
Betula_pendula,0.2041,115.9356707,0.266302521,EcM
Syringa_reticulata,0.2351,137.3144615,0.166666667,AM
Phlomoides_umbrosa,0.24455,122.8399898,0.177800587,AM
Acer_tataricum,0.233133333,172.4784783,0.146218996,AM
Dioscorea_nipponica,0.2018,264.2472414,0.116,AM
Rubus_idaeus,0.1632,187.6849057,0.252380952,AM
Adenocaulon_himalaicum,0.1734,192.9116901,0.221875,AM
Juglans_mandshurica,0.281566667,73.77576908,0.220839454,AM
Sorbus_discolor,0.21445,113.9467816,0.249142157,AM
Larix_gmelinii,0.284266667,53.78890778,0.299153463,EcM
Philadelphus_incanus,0.1793,243.7697917,0.16,AM
Rosa_xanthina,0.1844,186.3612731,0.222727273,AM
Lonicera_chrysantha,0.2605,171.9445946,0.108823529,AM
Cotoneaster_acutifolius,0.2034,102.698,0.3,AM
Lonicera_chrysantha,0.24655,170.1563313,0.123583333,AM
Rubus_idaeus,0.1989,155.7729091,0.203703704,AM
Caulophyllum_robustum,0.3578,91.70646617,0.108130081,AM
Actaea_cimicifuga,0.3594,38.77167905,0.256281881,AM
Quercus_wutaishanica,0.3603,52.3664428,0.18848132,EcM
Anaphalis_hancockii,0.1787,319.8579487,0.125806452,AM
Agrimonia_pilosa,0.2442,97.37914894,0.218604651,AM
Corylus_sieboldiana,0.2259,104.507722,0.24076087,EcM
Artemisia_mongolica,0.1661,195.6701563,0.237037037,AM
Cotoneaster_multiflorus,0.22965,146.1748496,0.170460705,AM
Artemisia_igniaria,0.1672,204.1528571,0.222727273,AM
Cornus_bretschneideri,0.334533333,54.856512,0.210684479,AM
Vitis_amurensis,0.2238,127.9060759,0.1975,AM
Populus_cathayana,0.2204,154.2140741,0.16875,EcMAM
Crataegus_pinnatifida,0.21435,105.2808225,0.271130031,AM
Potentilla_indica,0.1938,204.2005085,0.163888889,AM
Adina_pilulifera,0.1376,580.271875,0.114285714,AM
Thalictrum_simplex,0.1997,259.0515625,0.123076923,AM
Sambucus_williamsii,0.2885,154.1714103,0.098734177,AM
Populus_suaveolens,0.3062,61.289375,0.220689655,EcMAM
Lamium_album,0.1354,327.7189189,0.217647059,NMAM
Ulmus_davidiana,0.1635,155.4958081,0.272222222,AM
Acer_barbinerve,0.2523,143.6789729,0.152828829,AM
Pinus_koraiensis,0.345683333,35.1293428,0.363939485,EcM
Juglans_mandshurica,0.1692,146.9701911,0.32307853,AM
Phellodendron_amurense,0.447733333,47.23529245,0.136825279,AM
Quercus_mongolica,0.2233,131.8906555,0.230386473,EcM
Acer_triflorum,0.2341,110.6332214,0.227082895,AM
Acer_pictum,0.2373,80.30968331,0.306656417,AM
Fraxinus_mandshurica,0.1988,119.6229501,0.283031674,AM
Pinus_massoniana,0.2909,59.85230769,0.26,EcM
Quercus_oxyodon,0.181225,173.8745652,0.362709,EcM
Castanopsis_carlesii,0.1827,123.4213043,0.306666667,EcM
Schima_superba,0.210633333,126.9396875,0.228571429,AM
Castanopsis_fabri,0.1975,133.9614,0.238095238,EcM
Saurauia_herthae,0.533,28.83035689,0.155493896,AM
Viburnum_stipitatum,0.9775,4.016494494,0.331652174,AM
Tapirira_guianensis,0.5776,7.763737825,0.491816367,AM
Ilex_teratopis,0.642,6.047772453,0.510788758,AM
Critoniopsis_floribunda,0.4084,33.19872015,0.2298573,AM
Clusia_alata,0.9352,4.755188172,0.305992949,AM
Clusia_ducuoides,0.9426,3.04619981,0.470684524,AM
Clusia_ducuoides,0.6488,7.64871466,0.395504323,AM
Clusia_ducuoides,0.8942,8.235597793,0.193475682,AM
Clusia_ducuoides,0.5595,10.23286293,0.397583893,AM
Weinmannia_fagaroides,0.417,9.214338052,0.795364238,AM
Weinmannia_microphylla,0.409,8.642771834,0.881359649,AM
Weinmannia_ovata,0.3372,14.8007696,0.756,AM
Weinmannia_microphylla,0.4903,6.326468293,0.836734694,AM
Ilex_teratopis,0.5347,8.478474396,0.524930362,AM
Dussia_tessmannii,0.4089,10.82787033,0.704333333,AM
Inga_extra-nodis,0.5516,7.650215733,0.546906475,AM
Inga_marginata,0.5009,9.860347429,0.514705882,AM
Inga_marginata,0.5365,11.90371915,0.371615721,AM
Inga_marginata,0.6801,8.394004384,0.327784431,AM
Inga_marginata,0.4905,10.43947757,0.507073509,AM
Inga_extra-nodis,0.6176,11.30671064,0.295226131,AM
Inga_extra-nodis,0.5152,8.55730814,0.560260586,AM
Aniba_coto,0.8491,5.866522824,0.300975976,AM
Aniba_muca,0.9732,2.661729965,0.504862385,AM
Aniba_coto,0.6277,8.497158095,0.380434783,AM
Aniba_coto,0.9627,3.350939462,0.409989701,AM
Endlicheria_oreocola,0.7855,9.69638572,0.212764291,AM
Endlicheria_ruforamula,0.9654,4.219894562,0.323809524,AM
Endlicheria_ruforamula,0.8549,6.554463751,0.265764331,AM
Endlicheria_ruforamula,0.9782,4.292053195,0.309849246,AM
Ocotea_aciphylla,0.912,4.576932002,0.334476534,AM
Ocotea_andina,0.98,4.347998784,0.304958295,AM
Ocotea_andina,0.9522,3.145801627,0.446660118,AM
Ocotea_pedanomischa,0.8611,6.368898822,0.269550931,AM
Ocotea_pedanomischa,0.8271,4.392516965,0.42379085,AM
Ocotea_pedanomischa,0.801,4.008907638,0.494945055,AM
Persea_weberbaueri,0.9457,3.574433204,0.398222749,AM
Persea_weberbaueri,0.9221,3.801966662,0.393915663,AM
Persea_areolatocostae,0.8626,3.35262129,0.51061706,AM
Ocotea_cuneifolia,0.9897,3.227310002,0.402752294,AM
Graffenrieda_emarginata,0.5596,10.96170867,0.370841121,AM
Graffenrieda_emarginata,0.594,6.068780086,0.594705882,AM
Graffenrieda_emarginata,0.8731,3.33309772,0.501240035,AM
Meriania_franciscana,0.5884,12.27730535,0.299453552,AM
Meriania_franciscana,0.8432,5.840642608,0.306550218,AM
Meriania_franciscana,0.6359,8.466859146,0.371712159,AM
Meriania_franciscana,0.4422,14.78683071,0.43982684,AM
Miconia_calophylla,0.519,18.6901862,0.252908587,AM
Miconia_calophylla,0.7159,5.447672209,0.455627706,AM
Miconia_crebribullata,0.9141,5.253499001,0.290144928,AM
Cedrela_montana,0.5461,21.74116162,0.196363636,AM
Cedrela_montana,0.6127,17.64106038,0.192351275,AM
Guarea_kunthiana,0.9728,5.442862174,0.247185142,AM
Guarea_kunthiana,0.89,6.699043016,0.240023202,AM
Tapirira_guianensis,0.6491,11.43364662,0.264238411,AM
Ruagea_glabra,0.8895,6.113449704,0.263239875,AM
Ruagea_glabra,0.9131,5.445571515,0.280491942,AM
Trichilia_septentrionalis,0.469,10.76129332,0.537727273,AM
Ficus_citrifolia,0.6055,8.517689635,0.407311321,AM
Ficus_sodiroi,0.5755,7.023011705,0.547833622,AM
Ficus_pertusa,0.5325,8.497591265,0.528546256,AM
Ficus_tonduzii,0.3267,18.65724218,0.639574468,AM
Morus_insignis,0.4121,12.0293901,0.622556391,AM
Morus_insignis,0.3732,16.87750539,0.541025641,AM
Morus_insignis,0.3152,27.24887535,0.470050251,AM
Morus_insignis,0.3685,13.55442867,0.691121495,AM
Morus_insignis,0.5348,13.55738124,0.328265107,AM
Pseudolmedia_rigida,0.3488,16.02674685,0.653117207,AM
Eugenia_florida,0.6204,8.345446623,0.396373057,AM
Myrcianthes_rhopaloides,0.3822,16.12794195,0.540142518,AM
Hieronyma_asperifolia,0.9656,4.008933016,0.340577096,AM
Hieronyma_fendleri,0.8381,5.406256062,0.335393624,AM
Hieronyma_fendleri,0.9172,5.171704905,0.292592593,AM
Piper_arboreum,0.4466,23.46866726,0.272019465,NMAM
Piper_arboreum,0.5331,13.1746388,0.34,NMAM
Podocarpus_oleifolius,0.7951,8.372836177,0.240558292,AM
Podocarpus_oleifolius,0.8188,8.505306849,0.223229649,AM
Prumnopitys_montana,0.8453,4.22583558,0.421590909,AM
Myrsine_coriacea,0.8837,3.556568134,0.458451229,AM
Myrsine_coriacea,0.761,4.277165704,0.513926941,AM
Prunus_herthae,0.4435,10.96815629,0.590331492,AM
Prunus_opaca,0.7775,3.89989971,0.540513552,AM
Bathysa_australis,0.2728,16.97690824,1.006470588,AM
Bathysa_australis,0.2218,18.85767669,1.367777778,AM
Bathysa_australis,0.4409,8.019456929,0.816513761,AM
Bathysa_australis,0.3459,18.55499566,0.573631841,AM
Bathysa_australis,0.3616,13.83523256,0.702723735,AM
Faramea_bangii,0.7739,7.395169598,0.287364621,AM
Palicourea_stenosepala,0.4054,23.22390814,0.333602151,AM
Palicourea_thyrsiflora,0.4697,17.6950519,0.326553672,AM
Palicourea_tinctoria,0.5957,26.94150865,0.133200953,AM
Matayba_inelegans,0.8576,6.328900423,0.273501577,AM
Micropholis_guyanensis,0.5353,9.135460553,0.486144578,AM
Pouteria_austin-smithii,0.6049,8.443911514,0.412051869,AM
Picrasma_longistaminea,0.9054,9.544698941,0.16272772,AM
Siparuna_aspera,0.4286,19.11628602,0.363178295,AM
Cestrum_schlechtendalii,0.5813,11.09478155,0.339693757,AM
Turpinia_occidentalis,0.6129,21.61429568,0.156721311,AM
Turpinia_occidentalis,0.6361,18.77544308,0.167588076,AM
Turpinia_occidentalis,0.5557,42.0988417,0.09795764,AM
Gordonia_fruticosa,0.7003,6.49149731,0.399761051,AM
Gordonia_fruticosa,0.5942,4.788540574,0.75372093,AM
Cecropia_angustifolia,0.4984,11.17177364,0.458651685,AM
Myriocarpa_stipitata,0.3406,24.22808067,0.452201258,NMAM
Myriocarpa_stipitata,0.5563,17.19782007,0.239238411,NMAM
Myriocarpa_stipitata,0.3535,31.00044269,0.328571429,NMAM
Leonia_glycycarpa,0.61,10.08648675,0.339193655,AM
Saurauia_herthae,0.4687,41.33610577,0.140161725,AM
Sciodaphyllum_acuminatum,0.3459,40.987,0.259708738,AM
Oreopanax_sessiliflorus,0.6072,14.79989796,0.233333333,AM
Critoniopsis_pycnantha,0.5063,19.87215353,0.250519751,AM
Critoniopsis_pycnantha,0.4682,21.42885854,0.270448549,AM
Critoniopsis_pycnantha,0.59325,15.2210102,0.236524537,AM
Critoniopsis_pycnantha,0.3701,11.53236491,0.805084746,AM
Critoniopsis_pycnantha,0.6942,5.113762791,0.516826923,AM
Critoniopsis_pycnantha,0.5142,20.11692069,0.239471511,AM
Critoniopsis_floribunda,0.5073,15.04473955,0.329623741,AM
Matayba_peruviana,0.27795,27.86025806,0.587677725,AM
Dacryodes_peruviana,0.4414,22.48754043,0.290482077,AM
Trattinnickia_lawrancei,0.215,62.84859551,0.438423645,AM
Hedyosmum_purpurascens,0.6643,19.5765694,0.141847552,AM
Licania_harlingii,0.2757,38.96628125,0.429530201,AM
Licania_harlingii,0.2254,61.68085714,0.406976744,AM
Licania_harlingii,0.2355,61.8863,0.371352785,AM
Clusia_elliptica,0.7503,8.313458333,0.27221172,AM
Clusia_elliptica,0.777,7.092068085,0.297468354,AM
Clusia_elliptica,0.9403,3.720479042,0.387470998,AM
Clusia_elliptica,0.6231,11.83809306,0.26088632,AM
Clusia_alata,0.8945,4.87193908,0.329348986,AM
Clusia_alata,0.925166667,5.093068647,0.29196377,AM
Clusia_alata,0.3469,14.73595215,0.718213058,AM
Clusia_ducuoides,0.2842,21.22793258,0.741666667,AM
Clusia_alata,0.97015,4.796750831,0.284499055,AM
Clusia_elliptica,0.8211,8.081800654,0.233587786,AM
Clusia_elliptica,0.71445,12.98443141,0.191911484,AM
Weinmannia_magnifolia,0.5128,8.534897436,0.565217391,AM
Sloanea_grandiflora,0.4289,20.28644776,0.341256367,AM
Sloanea_rufa,0.3808,19.70208333,0.445945946,AM
Sapium_stylare,0.9817,9.057172932,0.145833333,AM
Inga_nobilis,0.4997,11.13233333,0.457746479,AM
Inga_umbellifera,0.3738,11.2777027,0.808743169,AM
Inga_marginata,0.4564,18.44632906,0.331444759,AM
Inga_extra-nodis,0.4478,21.6464209,0.293345009,AM
Inga_extra-nodis,0.431166667,28.59167097,0.231343284,AM
Roucheria_columbiana,0.26265,38.81813609,0.447089947,AM
Persea_ferruginea,0.9754,3.482265714,0.384193194,AM
Ocotea_infrafoveolata,0.4699,13.9403607,0.413580247,AM
Ocotea_infrafoveolata,0.4381,20.54239189,0.323144105,AM
Persea_areolatocostae,0.2165,58.72201923,0.464285714,AM
Aniba_coto,0.5716,12.41451273,0.313798615,AM
Endlicheria_ruforamula,0.4991,15.25268824,0.334975369,AM
Aniba_coto,0.8276,7.702080882,0.241348713,AM
Aniba_coto,0.7547,6.74992,0.331192292,AM
Endlicheria_ruforamula,0.812533333,7.608084913,0.264487668,AM
Aiouea_montana,0.685033333,13.82465583,0.197806354,AM
Graffenrieda_uribei,0.5045,15.99048649,0.313028765,AM
Graffenrieda_uribei,0.5534,11.31798814,0.367198839,AM
Graffenrieda_uribei,0.47435,16.11575694,0.311688312,AM
Graffenrieda_uribei,0.432066667,17.20799038,0.429397192,AM
Graffenrieda_uribei,0.5444,13.51528916,0.318007663,AM
Miconia_punctata,0.3415,36.42062903,0.299516908,AM
Graffenrieda_uribei,0.5722,13.40978443,0.284739983,AM
Miconia_punctata,0.3722,29.15663582,0.315442561,AM
Pleroma_ochypetalum,0.4938,20.23658654,0.258064516,AM
Graffenrieda_uribei,0.4839,17.8218655,0.305357143,AM
Andesanthus_lepidotus,0.4463,25.13234483,0.254385965,AM
Andesanthus_lepidotus,0.5272,19.04129455,0.237889273,AM
Miconia_jahnii,0.4049,13.74422222,0.565714286,AM
Graffenrieda_harlingii,0.6666,9.287773067,0.308461538,AM
Miconia_jahnii,0.4887,11.97524444,0.444810544,AM
Graffenrieda_harlingii,0.3103,27.83005063,0.475903614,AM
Miconia_jahnii,0.4148,13.96430435,0.530769231,AM
Miconia_jahnii,0.563,8.378435185,0.48,AM
Miconia_jahnii,0.436,13.24395906,0.50591716,AM
Centronia_laurifolia,0.3027,56.63462963,0.241791045,AM
Centronia_laurifolia,0.31765,46.68045732,0.269736842,AM
Centronia_laurifolia,0.3004,62.79222388,0.224832215,AM
Meriania_franciscana,0.4046,28.03772785,0.277680141,AM
Meriania_franciscana,0.6742,12.02026257,0.232568211,AM
Meriania_franciscana,0.4466,18.47797281,0.278385198,AM
Meriania_franciscana,0.5804,12.36666667,0.305732484,AM
Miconia_radula,0.2684,47.36484956,0.372937294,AM
Miconia_dolichorrhyncha,0.3638,35.05674453,0.274549098,AM
Guarea_macrophylla,0.68215,9.624624294,0.283653846,AM
Trichilia_septentrionalis,0.39165,26.43430879,0.310243183,AM
Guarea_subandina,0.3589,23.33097581,0.423208191,AM
Trichilia_septentrionalis,0.399,22.64153571,0.353436185,AM
Cedrela_montana,0.6128,15.9829823,0.212007505,AM
Pseudolmedia_laevigata,0.20438,52.81638261,0.565805658,AM
Pseudolmedia_laevigata,0.2519,16.78673626,1.197368421,AM
Pseudolmedia_laevigata,0.31505,20.48870696,0.662621359,AM
Pseudolmedia_laevigata,0.24375,32.81027885,0.65615142,AM
Pseudolmedia_laevigata,0.228766667,37.6438399,0.647527911,AM
Helicostylis_tovarensis,0.2735,41.12664444,0.416666667,AM
Helicostylis_tovarensis,0.265,39.71815493,0.438271605,AM
Helicostylis_tovarensis,0.31025,36.41355747,0.366315789,AM
Clarisia_racemosa,0.5431,10.42937415,0.414084507,AM
Helicostylis_tomentosa,0.1877,117.1275949,0.299810247,AM
Pseudolmedia_laevis,0.2128,58.33197183,0.481900452,AM
Pseudolmedia_laevis,0.407,32.1623361,0.238850347,AM
Clarisia_biflora,0.194,61.82968571,0.546875,AM
Pseudolmedia_laevis,0.2108,48.1024717,0.595505618,AM
Pseudolmedia_laevis,0.1935,67.30257143,0.506024096,AM
Clarisia_biflora,0.3709,18.44253285,0.501831502,AM
Pseudolmedia_laevis,0.2387,57.93755814,0.387387387,AM
Morus_insignis,0.2858,46.73591057,0.328877005,AM
Ficus_tonduzii,0.267133333,76.1152562,0.232692308,AM
Morus_insignis,0.3037,64.62774436,0.213483146,AM
Pseudolmedia_rigida,0.3807,37.98388372,0.231182796,AM
Morus_insignis,0.3155,43.58013198,0.292284866,AM
Morus_insignis,0.32285,59.34469231,0.19837233,AM
Clarisia_racemosa,0.439,14.77949695,0.447176685,AM
Ficus_apollinaris,0.2969,26.2859267,0.532033426,AM
Myrica_pubescens,0.5174,28.75510429,0.167523124,NMAM
Myrica_pubescens,0.489,13.5547942,0.392938497,NMAM
Myrica_pubescens,0.2405,51.72664641,0.386752137,NMAM
Myrsine_andina,0.5291,10.3986749,0.43705036,AM
Geissanthus_vanderwerffii,0.6125,7.303460733,0.464720195,AM
Myrsine_andina,0.5421,9.092455814,0.476718404,AM
Myrsine_andina,0.533,9.468378151,0.474103586,AM
Eugenia_florida,0.3815,20.82552174,0.407939189,AM
Eugenia_florida,0.26875,48.99279646,0.331378299,AM
Hieronyma_asperifolia,0.6308,11.9385202,0.267929635,AM
Hieronyma_asperifolia,0.6867,7.200853383,0.375176305,AM
Hieronyma_asperifolia,0.8021,5.922606987,0.334306569,AM
Hieronyma_oblonga,0.6892,9.179895238,0.292072323,AM
Hieronyma_oblonga,0.8078,7.580250755,0.255598456,AM
Hieronyma_macrocarpa,0.54,14.0211134,0.311229947,AM
Picramnia_latifolia,0.380566667,21.60099675,0.406346408,AM
Ladenbergia_riveroana,0.33845,30.14592784,0.352727273,AM
Miconia_punctata,0.513676368,19.05957377,0.253262159,AM
Miconia_punctata,0.541185622,15.56914644,0.278322197,AM
Miconia_punctata,0.455,26.02182668,0.23622975,AM
Miconia_punctata,0.4851,20.21891646,0.267615176,AM
Miconia_punctata,0.5292,15.0376102,0.302247191,AM
Miconia_punctata,0.606372342,1.51520782,0.227839644,AM
Miconia_punctata,0.514536736,27.95287492,0.172008782,AM
Miconia_punctata,0.532069368,26.83928739,0.167438811,AM
Hedyosmum_goudotianum,0.8217,8.903354362,0.211836579,AM
Hedyosmum_goudotianum,0.6646,15.41728295,0.18703271,AM
Hedyosmum_goudotianum,0.6165,18.4592913,0.181543922,AM
Hedyosmum_goudotianum,0.7252,13.75997718,0.175983936,AM
Hedyosmum_goudotianum,0.687794794,16.94292775,0.158741537,AM
Hedyosmum_goudotianum,0.5796,18.24290822,0.207760532,AM
Hedyosmum_goudotianum,0.737590496,14.57203889,0.157106491,AM
Hedyosmum_goudotianum,0.587520058,22.60656115,0.162636505,AM
Heliocarpus_americanus,0.57826477,15.824051,0.240655509,AM
Heliocarpus_americanus,0.517093243,15.40616305,0.309046693,AM
Heliocarpus_americanus,0.526248102,33.48591261,0.136969697,AM
Heliocarpus_americanus,0.6029,23.02787119,0.152061856,AM
Heliocarpus_americanus,0.5256,33.59912533,0.137275986,AM
Heliocarpus_americanus,0.4579,29.33292335,0.20701107,AM
Heliocarpus_americanus,0.419136565,42.01377661,0.172486454,AM
Heliocarpus_americanus,0.6199,13.45091351,0.246172249,AM
Hieronyma_fendleri,0.924841761,4.207322635,0.353336951,AM
Hieronyma_fendleri,0.956705597,4.608595931,0.300713306,AM
Hieronyma_fendleri,0.800536212,7.231233599,0.274730583,AM
Hieronyma_fendleri,0.939674704,4.753483732,0.303351955,AM
Hieronyma_fendleri,0.835474273,6.012402302,0.303271934,AM
Hieronyma_fendleri,0.872069521,5.842148078,0.28622101,AM
Matayba_inelegans,0.392549948,23.08930351,0.356492027,AM
Matayba_inelegans,0.426598316,24.60571064,0.279181495,AM
Matayba_inelegans,0.346297903,23.32433314,0.455689424,AM
Matayba_inelegans,0.407731032,15.51555072,0.492857143,AM
Matayba_inelegans,0.5007,9.159019859,0.553546099,AM
Matayba_inelegans,0.370797344,21.61244172,0.428947368,AM
Matayba_inelegans,0.4363,12.14371429,0.5509839,AM
Matayba_inelegans,0.382879108,18.09310459,0.480585106,AM
Meriania_franciscana,0.733,16.43671033,0.144198597,AM
Meriania_franciscana,0.8621,10.28345166,0.166578669,AM
Meriania_franciscana,0.4046,28.03772785,0.277680141,AM
Meriania_franciscana,0.6742,12.02026257,0.232568211,AM
Meriania_franciscana,0.499354413,20.84503101,0.244091797,AM
Meriania_franciscana,0.573980952,16.26724802,0.237569903,AM
Meriania_franciscana,0.571036174,16.64224781,0.234508627,AM
Meriania_franciscana,0.4827,17.33795365,0.315168539,AM
Miconia_calophylla,0.443,29.82224678,0.2172,AM
Miconia_calophylla,0.544,22.22699841,0.193528505,AM
Miconia_calophylla,0.474533925,28.56392353,0.197886844,AM
Miconia_calophylla,0.4956,19.4636074,0.26621067,AM
Miconia_calophylla,0.341110698,38.10768496,0.286986301,AM
Miconia_calophylla,0.531779045,30.67393458,0.146733333,AM
Miconia_calophylla,0.532258544,21.57152259,0.208179959,AM
Miconia_calophylla,0.424137171,33.24661254,0.212872467,AM
Myrsine_coriacea,0.6836,7.964736475,0.341885442,AM
Myrsine_coriacea,0.7773,6.375045524,0.330325815,AM
Myrsine_coriacea,0.679242466,7.828468419,0.350928892,AM
Myrsine_coriacea,0.8266,5.122184261,0.363826816,AM
Myrsine_coriacea,0.465191948,14.72646061,0.398425926,AM
Myrsine_coriacea,0.5854,9.44182133,0.39346049,AM
Myrsine_coriacea,0.5948,9.241585987,0.389578164,AM
Myrsine_coriacea,0.8208,4.779529989,0.395423024,AM
Naucleopsis_francisci,0.499595704,18.87522208,0.269337979,AM
Naucleopsis_francisci,0.453878485,28.30305915,0.218327183,AM
Naucleopsis_francisci,0.397013105,30.86510597,0.260542169,AM
Naucleopsis_francisci,0.352875516,35.41204785,0.288625592,AM
Naucleopsis_francisci,0.3658,25.50214334,0.372773537,AM
Naucleopsis_francisci,0.4116,13.22062472,0.567866324,AM
Naucleopsis_francisci,0.334187529,42.59038462,0.267546174,AM
Naucleopsis_francisci,0.379509506,28.33027589,0.311847673,AM
Ocotea_andina,0.751274951,8.5329554,0.263958166,AM
Ocotea_andina,0.876389699,4.721017714,0.349705646,AM
Ocotea_andina,0.9508,4.956357298,0.284151878,AM
Ocotea_andina,0.914228804,5.145803693,0.295604711,AM
Ocotea_andina,0.8563,3.787686235,0.458468677,AM
Ocotea_andina,0.936401145,4.470449529,0.324794623,AM
Ocotea_andina,0.873440919,5.081307877,0.328396524,AM
Podocarpus_oleifolius,0.999928869,6.418398769,0.198350107,AM
Podocarpus_oleifolius,0.671371176,5.389434471,0.523276691,AM
Podocarpus_oleifolius,0.7888,9.327922655,0.219312321,AM
Podocarpus_oleifolius,0.9339,6.39260512,0.228384125,AM
Podocarpus_oleifolius,0.9422,5.123164006,0.279918746,AM
Podocarpus_oleifolius,0.8534,9.705325639,0.180148515,AM
Ruagea_glabra,0.981213259,4.815831085,0.27446877,AM
Ruagea_glabra,0.950565302,5.240885483,0.268503401,AM
Ruagea_glabra,0.942122217,6.369909071,0.2248814,AM
Ruagea_glabra,0.857382697,7.511729777,0.230499919,AM
Tapirira_guianensis,0.53722572,15.63103639,0.281959654,AM
Tapirira_guianensis,0.6996,11.09953286,0.23432282,AM
Tapirira_guianensis,0.554080718,16.86347659,0.245918367,AM
Tapirira_guianensis,0.5757,11.17562874,0.343823529,AM
Tapirira_guianensis,0.462,19.84981279,0.30046875,AM
Tapirira_guianensis,0.4745,21.9765259,0.257435897,AM
Tapirira_guianensis,0.513985663,26.27346535,0.183491311,AM
Tapirira_guianensis,0.571647641,18.16437368,0.214385232,AM
Weinmannia_microphylla,0.386,23.69976228,0.360571429,AM
Weinmannia_microphylla,0.4067,12.96758127,0.591538462,AM
Weinmannia_microphylla,0.3869,31.40239437,0.270992366,AM
Weinmannia_microphylla,0.309377309,37.09346731,0.358795563,AM
Weinmannia_microphylla,0.376505782,19.0704311,0.470967742,AM
Weinmannia_microphylla,0.312388863,35.57710861,0.366758242,AM
Weinmannia_microphylla,0.362225174,21.04401211,0.461470588,AM
Weinmannia_microphylla,0.372980935,33.66149781,0.271132954,AM
Clethra_revoluta,0.414526859,34.1268356,0.216808371,AM
Clethra_revoluta,0.392,25.87543353,0.32037037,AM
Clethra_revoluta,0.456210613,25.41424375,0.23988006,AM
Clethra_revoluta,0.386522077,36.42464047,0.23359375,AM
Clethra_revoluta,0.3901,31.3636645,0.266956522,AM
Clethra_revoluta,0.4395,19.50283934,0.337383178,AM
Clethra_revoluta,0.4163,34.07922027,0.215546218,AM
Clusia_elliptica,0.922241314,6.89274499,0.217125749,AM
Clusia_elliptica,0.948940004,6.622468606,0.213120104,AM
Clusia_elliptica,0.752277724,8.852932893,0.254070829,AM
Clusia_elliptica,0.8322,5.030456464,0.365477338,AM
Clusia_elliptica,0.857859468,7.59106981,0.227266484,AM
Critoniopsis_pycnantha,0.63040583,10.0748661,0.317794971,AM
Critoniopsis_pycnantha,0.5142,20.11692069,0.239471511,AM
Critoniopsis_pycnantha,0.622279035,21.7950473,0.150805338,AM
Critoniopsis_pycnantha,0.6251,15.82592663,0.205859375,AM
Critoniopsis_pycnantha,0.6842,19.19052446,0.141744103,AM
Critoniopsis_pycnantha,0.607194743,19.81682934,0.17415137,AM
Critoniopsis_pycnantha,0.618184777,18.56139457,0.179484079,AM
Gordonia_fruticosa,0.4884,19.21010146,0.277640845,AM
Gordonia_fruticosa,0.378436552,31.70425974,0.28,AM
Gordonia_fruticosa,0.470208652,33.06998389,0.174123422,AM
Gordonia_fruticosa,0.527570351,18.91366069,0.241505663,AM
Gordonia_fruticosa,0.399369717,42.68358786,0.186923759,AM
Gordonia_fruticosa,0.4351,33.58009823,0.200393701,AM
Hedyosmum_purpurascens,0.84313453,18.88440669,0.094716619,AM
Hedyosmum_purpurascens,0.7817,16.17530547,0.128831814,AM
Hedyosmum_purpurascens,0.777295953,15.04122001,0.140034169,AM
Hedyosmum_purpurascens,0.813268977,15.00370042,0.127478377,AM
Hedyosmum_purpurascens,0.7919,16.55512173,0.122609176,AM
Hedyosmum_purpurascens,0.793850448,14.46224436,0.139573679,AM
Hedyosmum_purpurascens,0.8791,11.38562157,0.144708995,AM
Ilex_laurina,0.4625,18.89243381,0.31474359,AM
Ilex_laurina,0.487729675,16.80611464,0.317821782,AM
Ilex_laurina,0.499703136,16.96996809,0.300319489,AM
Ilex_laurina,0.429295214,21.53817254,0.320180383,AM
Ilex_laurina,0.5025,11.83513298,0.426303855,AM
Ilex_laurina,0.463242934,17.88653224,0.331435644,AM
Ilex_laurina,0.468361809,19.30610409,0.30030349,AM
Ilex_laurina,0.4874,17.55264706,0.30546875,AM
Miconia_jahnii,0.408711835,32.61681891,0.233622829,AM
Miconia_jahnii,0.436,13.24395906,0.50591716,AM
Miconia_jahnii,0.5228,12.6302192,0.368523677,AM
Miconia_jahnii,0.449475171,43.35291905,0.145249406,AM
Ocotea_rotundata,0.702855614,8.462280453,0.304456157,AM
Ocotea_rotundata,0.7269,7.71848094,0.312075134,AM
Ocotea_rotundata,0.84876344,6.429926693,0.274546172,AM
Ocotea_rotundata,0.7579,8.250323232,0.268656716,AM
Ocotea_rotundata,0.6745,10.11776687,0.276271186,AM
Ocotea_rotundata,0.7863,7.380563039,0.279011824,AM
Ocotea_rotundata,0.7445,8.78506256,0.261548143,AM
Oreopanax_sessiliflorus,0.7172,16.2251773,0.152550232,AM
Oreopanax_sessiliflorus,0.676,19.18078758,0.145228758,AM
Oreopanax_sessiliflorus,0.701452202,19.66576849,0.131517312,AM
Oreopanax_sessiliflorus,0.6358,17.79192551,0.17698324,AM
Oreopanax_sessiliflorus,0.600250557,15.30509209,0.230141287,AM
Oreopanax_sessiliflorus,0.680211288,13.12667637,0.209238579,AM
Oreopanax_sessiliflorus,0.6517,14.53693089,0.206145251,AM
Oreopanax_sessiliflorus,0.6222,21.67663366,0.151716738,AM
Siparuna_muricata,0.7286,16.94027738,0.141591138,AM
Siparuna_muricata,0.688887235,20.3900252,0.131483016,AM
Siparuna_muricata,0.721259604,21.63192817,0.113034188,AM
Siparuna_muricata,0.8379,12.60491184,0.14384058,AM
Siparuna_muricata,0.702620114,17.7450313,0.144815864,AM
Siparuna_muricata,0.8078,13.14468668,0.148449612,AM
Siparuna_muricata,0.6663,22.96447343,0.124849216,AM
Siparuna_muricata,0.597344522,27.58876396,0.129278351,AM
Weinmannia_elliptica,0.3949,24.05268151,0.339802632,AM
Weinmannia_elliptica,0.430231609,20.8921877,0.329100892,AM
Weinmannia_elliptica,0.410971646,25.46045749,0.296032832,AM
Weinmannia_elliptica,0.4238,17.25733333,0.410828025,AM
Weinmannia_elliptica,0.411856372,25.77545311,0.291104294,AM
Weinmannia_elliptica,0.3843,25.94368421,0.332240437,AM
Weinmannia_elliptica,0.4087,25.00656869,0.304474708,AM
Grias_peruviana,0.9472,4.112589474,0.34503632,AM
Tapirira_guianensis,0.6679,10.6757673,0.26745164,AM
Clusia_ducuoides,0.704201876,7.712701333,0.327653997,AM
Clusia_ducuoides,0.841284232,6.433796875,0.279040797,AM
Clusia_ducuoides,0.629219078,11.71710579,0.274550484,AM
Clusia_ducuoides,0.81770933,6.047612113,0.314679643,AM
Miconia_jahnii,0.495411331,11.15697268,0.464860288,AM
Pourouma_cecropiifolia,0.363361746,34.48497854,0.279711885,AM
Cecropia_angustifolia,0.717496611,14.11752926,0.17472119,AM
Cecropia_angustifolia,0.438663962,36.82451186,0.179549604,AM
Cecropia_angustifolia,0.4897,31.90947403,0.166306695,AM
Grias_peruviana,0.8074,6.304016,0.310173697,AM
Grias_peruviana,0.8746,5.031118457,0.330902461,AM
Critoniopsis_pycnantha,0.563565104,16.60196481,0.241330502,AM
Miconia_jahnii,0.407,15.71705208,0.488549618,AM
Miconia_jahnii,0.5114,12.74454545,0.382239382,AM
Gordonia_fruticosa,0.996523617,3.239083166,0.395595649,AM
Clusia_elliptica,0.90471562,5.95246281,0.261245052,AM
Carex_tibetikobresia,0.9821,10.12080645,0.130438675,NMAM
Carex_pseuduncinoides,0.6687,19.62012922,0.145130067,NMAM
Carex_atrofusca,0.7206,18.19709179,0.134765625,NMAM
Carex_coriophora,0.9842,16.40176998,0.080130719,NMAM
Carex_pseuduncinoides,0.6797,16.48442276,0.167257463,NMAM
Carex_atrofusca,0.7184,21.7846624,0.113249835,NMAM
Carex_coriophora,0.7225,16.61697685,0.146768821,NMAM
Carex_tibetikobresia,0.9932,8.152694286,0.158299412,NMAM
Carex_pseuduncinoides,0.5702,26.28867453,0.148981026,NMAM
Carex_atrofusca,0.5892,26.77862573,0.136909528,NMAM
Carex_coriophora,0.839,21.79572,0.083001328,NMAM
Carex_tibetikobresia,0.8005,12.88536596,0.154180829,NMAM
Carex_pseuduncinoides,0.7153,17.91898544,0.13890762,NMAM
Carex_atrofusca,0.6594,24.12608671,0.121394395,NMAM
Carex_coriophora,0.9213,10.56410567,0.141953125,NMAM
Carex_tibetikobresia,0.9821,11.77017812,0.112157534,NMAM
Carex_pseuduncinoides,0.738,17.90008669,0.130557801,NMAM
Carex_atrofusca,0.7356,16.63084973,0.141528436,NMAM
Carex_coriophora,0.6529,23.81005191,0.125386493,NMAM
Carex_tibetikobresia,0.7113,16.95562741,0.148424069,NMAM
Carex_pseuduncinoides,0.6454,22.26255566,0.137275748,NMAM
Carex_atrofusca,0.7893,17.86785642,0.114385556,NMAM
Carex_coriophora,0.7507,16.83826996,0.134183673,NMAM
Carex_tibetikobresia,0.6896,22.2479908,0.120406279,NMAM
Carex_pseuduncinoides,0.6862,20.08376431,0.134617855,NMAM
Carex_atrofusca,0.6718,21.99839744,0.128289474,NMAM
Carex_coriophora,0.7942,17.79191502,0.113441955,NMAM
Carex_tibetikobresia,0.7351,20.67123922,0.113941019,NMAM
Carex_pseuduncinoides,0.5814,25.69600389,0.14662868,NMAM
Carex_atrofusca,0.6502,22.0510077,0.136546889,NMAM
Carex_coriophora,0.7384,24.32233524,0.096011004,NMAM
Carex_tibetikobresia,0.683,12.41298458,0.219880319,NMAM
Carex_pseuduncinoides,0.6782,21.74946367,0.127312775,NMAM
Carex_atrofusca,0.6452,19.88144449,0.153790376,NMAM
Carex_coriophora,0.734,19.13222888,0.123569024,NMAM
Carex_tibetikobresia,0.7715,13.66436364,0.156559406,NMAM
Carex_pseuduncinoides,0.6222,21.55230473,0.152613036,NMAM
Carex_atrofusca,0.6479,20.02416032,0.151492537,NMAM
Carex_coriophora,0.6853,18.55396155,0.146092796,NMAM
Carex_tibetikobresia,0.716,18.90296137,0.131341601,NMAM
Carex_pseuduncinoides,0.5773,31.58402926,0.120900322,NMAM
Carex_atrofusca,0.5921,29.0548643,0.125065274,NMAM
Carex_coriophora,0.5761,28.68228898,0.133652008,NMAM
Carex_tibetikobresia,0.578,11.94575245,0.147355164,NMAM
Carex_pseuduncinoides,0.5525,29.7350625,0.140350877,NMAM
Carex_atrofusca,0.5868,33.98477707,0.10887656,NMAM
Carex_coriophora,0.675,22.92347418,0.121888412,NMAM
Carex_tibetikobresia,0.7692,16.16541631,0.133142857,NMAM
Carex_pseuduncinoides,0.5671,29.02371537,0.136426117,NMAM
Carex_atrofusca,0.5764,33.17677165,0.115454545,NMAM
Carex_coriophora,0.5777,27.41562366,0.139221557,NMAM
Carex_tibetikobresia,0.4588,16.89580726,0.164516129,NMAM
Carex_pseuduncinoides,0.5867,30.48508421,0.121328225,NMAM
Carex_atrofusca,0.5634,28.64924942,0.139903069,NMAM
Carex_coriophora,0.7142,20.57740272,0.12136954,NMAM
Carex_tibetikobresia,0.4894,15.3311278,0.123809524,NMAM
Carex_pseuduncinoides,0.6178,19.53205316,0.170735524,NMAM
Carex_atrofusca,0.4944,21.82729177,0.149751244,NMAM
Carex_coriophora,0.5774,27.60242525,0.138390805,NMAM
Carex_tibetikobresia,0.5239,22.57224682,0.112108559,NMAM
Carex_pseuduncinoides,0.4812,37.99701278,0.144572748,NMAM
Carex_atrofusca,0.6264,23.12591284,0.140330579,NMAM
Carex_coriophora,0.6483,24.01764781,0.126094003,NMAM
Carex_tibetikobresia,0.4854,29.92695601,0.12122093,NMAM
Carex_pseuduncinoides,0.4772,35.6206999,0.156842105,NMAM
Carex_atrofusca,0.6002,23.83281818,0.148203593,NMAM
Carex_coriophora,0.5996,27.37281532,0.129446064,NMAM
Carex_tibetikobresia,0.626,23.01658492,0.141153846,NMAM
Carex_pseuduncinoides,0.599,24.93305274,0.142279942,NMAM
Carex_atrofusca,0.6419,26.25313765,0.117759237,NMAM
Carex_coriophora,0.7091,21.00176113,0.120634921,NMAM
Carex_tibetikobresia,0.5153,16.29264181,0.105434783,NMAM
Carex_pseuduncinoides,0.6072,24.50836758,0.140836013,NMAM
Carex_atrofusca,0.6941,23.77002353,0.111256545,NMAM
Carex_coriophora,0.6602,24.20539177,0.120673077,NMAM
Carex_tibetikobresia,0.5283,18.20303668,0.133693694,NMAM
Carex_pseuduncinoides,0.6051,31.11665689,0.111803279,NMAM
Carex_atrofusca,0.6273,27.15836174,0.119187359,NMAM
Carex_coriophora,0.5938,30.1962387,0.11969697,NMAM
Theobroma_cacao,0.34,22.2,0.52,AM
Theobroma_cacao,0.32,27.0,0.5,AM
Theobroma_cacao,0.42,18.8,0.37,AM
Theobroma_cacao,0.49,10.4,0.49,AM
Theobroma_cacao,0.39,15.6,0.52,AM
Theobroma_cacao,0.37,19.6,0.5,AM
Theobroma_cacao,0.35,23.2,0.43,AM
Theobroma_cacao,0.4,15.6,0.51,AM
Theobroma_cacao,0.38,12.9,0.72,AM
Theobroma_cacao,0.45,12.3,0.5,AM
Theobroma_cacao,0.51,9.6,0.51,AM
Theobroma_cacao,0.52,11.4,0.41,AM
Theobroma_cacao,0.28,31.3,0.57,AM
Theobroma_cacao,0.34,26.8,0.45,AM
Theobroma_cacao,0.31,32.2,0.46,AM
Theobroma_cacao,0.41,13.8,0.61,AM
Theobroma_cacao,0.36,21.7,0.49,AM
Theobroma_cacao,0.3,27.2,0.53,AM
Theobroma_cacao,0.31,27.6,0.54,AM
Theobroma_cacao,0.33,22.7,0.56,AM
Theobroma_cacao,0.29,37.3,0.45,AM
Theobroma_cacao,0.31,30.6,0.45,AM
Theobroma_cacao,0.31,25.6,0.58,AM
Theobroma_cacao,0.33,23.1,0.56,AM
Theobroma_cacao,0.36,15.4,0.71,AM
Theobroma_cacao,0.29,31.5,0.54,AM
Theobroma_cacao,0.33,23.2,0.58,AM
Theobroma_cacao,0.34,21.9,0.56,AM
Theobroma_cacao,0.32,22.2,0.61,AM
Theobroma_cacao,0.34,26.6,0.45,AM
Theobroma_cacao,0.5,11.4,0.45,AM
Theobroma_cacao,0.36,21.3,0.47,AM
Theobroma_cacao,0.36,19.5,0.52,AM
Theobroma_cacao,0.47,15.7,0.37,AM
Theobroma_cacao,0.4,20.2,0.39,AM
Theobroma_cacao,0.33,27.8,0.42,AM
Theobroma_cacao,0.38,19.3,0.46,AM
Theobroma_cacao,0.37,21.5,0.44,AM
Theobroma_cacao,0.4,16.0,0.5,AM
Theobroma_cacao,0.38,16.6,0.53,AM
Theobroma_cacao,0.36,24.6,0.39,AM
Theobroma_cacao,0.36,23.6,0.42,AM
Theobroma_cacao,0.36,33.0,0.3,AM
Theobroma_cacao,0.36,19.4,0.5,AM
Theobroma_cacao,0.34,24.0,0.46,AM
Theobroma_cacao,0.36,33.3,0.29,AM
Theobroma_cacao,0.36,26.8,0.36,AM
Theobroma_cacao,0.32,33.5,0.37,AM
Theobroma_cacao,0.4,15.3,0.52,AM
Theobroma_cacao,0.33,29.7,0.4,AM
Theobroma_cacao,0.38,22.4,0.4,AM
Theobroma_cacao,0.43,14.3,0.49,AM
Theobroma_cacao,0.41,16.3,0.47,AM
Theobroma_cacao,0.32,44.1,0.28,AM
Theobroma_cacao,0.4,17.0,0.46,AM
Theobroma_cacao,0.35,19.7,0.51,AM
Theobroma_cacao,0.44,12.4,0.53,AM
Theobroma_cacao,0.4,23.4,0.34,AM
Theobroma_cacao,0.32,36.7,0.33,AM
Theobroma_cacao,0.36,20.8,0.48,AM
Theobroma_cacao,0.38,20.4,0.428,AM
Theobroma_cacao,0.38,12.6,0.587,AM
Theobroma_cacao,0.38,13.0,0.604,AM
Theobroma_cacao,0.31,26.5,0.5,AM
Theobroma_cacao,0.35,16.6,0.579,AM
Theobroma_cacao,0.28,32.5,0.521,AM
Theobroma_cacao,0.29,34.4,0.482,AM
Theobroma_cacao,0.33,29.7,0.434,AM
Theobroma_cacao,0.33,22.5,0.532,AM
Theobroma_cacao,0.34,25.0,0.455,AM
Theobroma_cacao,0.31,24.4,0.555,AM
Theobroma_cacao,0.31,22.1,0.592,AM
Theobroma_cacao,0.29,32.8,0.47,AM
Theobroma_cacao,0.34,24.8,0.43,AM
Theobroma_cacao,0.31,23.2,0.538,AM
Theobroma_cacao,0.3,29.4,0.506,AM
Theobroma_cacao,0.37,16.9,0.503,AM
Theobroma_cacao,0.34,20.8,0.528,AM
Theobroma_cacao,0.35,20.8,0.467,AM
Theobroma_cacao,0.4,20.0,0.371,AM
Theobroma_cacao,0.32,23.2,0.593,AM
Theobroma_cacao,0.3,22.3,0.649,AM
Theobroma_cacao,0.33,21.8,0.575,AM
Theobroma_cacao,0.35,18.4,0.525,AM
Theobroma_cacao,0.39,13.4,0.63,AM
Theobroma_cacao,0.33,20.8,0.507,AM
Theobroma_cacao,0.32,27.6,0.474,AM
Theobroma_cacao,0.39,13.8,0.585,AM
Theobroma_cacao,0.33,20.9,0.542,AM
Theobroma_cacao,0.41,12.6,0.6,AM
Theobroma_cacao,0.32,30.5,0.41,AM
Theobroma_cacao,0.39,19.1,0.44,AM
Theobroma_cacao,0.35,28.5,0.38,AM
Theobroma_cacao,0.34,23.3,0.48,AM
Theobroma_cacao,0.38,19.3,0.45,AM
Theobroma_cacao,0.38,21.0,0.42,AM
Theobroma_cacao,0.3,42.2,0.33,AM
Theobroma_cacao,0.36,24.3,0.41,AM
Theobroma_cacao,0.35,34.7,0.3,AM
Theobroma_cacao,0.35,26.5,0.39,AM
Theobroma_cacao,0.47,9.1,0.64,AM
Theobroma_cacao,0.32,33.7,0.37,AM
Theobroma_cacao,0.35,25.3,0.4,AM
Theobroma_cacao,0.39,17.6,0.48,AM
Theobroma_cacao,0.39,19.5,0.44,AM
Theobroma_cacao,0.35,24.4,0.43,AM
Theobroma_cacao,0.41,13.3,0.57,AM
Theobroma_cacao,0.37,21.0,0.44,AM
Theobroma_cacao,0.39,18.7,0.44,AM
Theobroma_cacao,0.46,16.2,0.36,AM
Theobroma_cacao,0.43,12.3,0.55,AM
Theobroma_cacao,0.41,13.0,0.59,AM
Theobroma_cacao,0.34,22.0,0.51,AM
Theobroma_cacao,0.36,22.1,0.44,AM
Theobroma_cacao,0.43,17.0,0.4,AM
Theobroma_cacao,0.31,32.4,0.41,AM
Theobroma_cacao,0.33,29.1,0.4,AM
Theobroma_cacao,0.42,13.0,0.56,AM
Theobroma_cacao,0.35,26.1,0.41,AM
Theobroma_cacao,0.3,39.4,0.35,AM
Theobroma_cacao,0.75,4.25,0.48,AM
Theobroma_cacao,0.86,3.08,0.48,AM
Theobroma_cacao,0.97,2.52,0.46,AM
Theobroma_cacao,0.88,3.31,0.42,AM
Theobroma_cacao,0.81,2.84,0.63,AM
Theobroma_cacao,0.99,2.56,0.45,AM
Theobroma_cacao,0.95,3.13,0.42,AM
Theobroma_cacao,0.74,3.49,0.55,AM
Theobroma_cacao,0.96,2.98,0.37,AM
Theobroma_cacao,0.71,4.1,0.55,AM
Theobroma_cacao,0.96,2.28,0.53,AM
Theobroma_cacao,0.94,2.32,0.56,AM
Theobroma_cacao,0.84,3.05,0.51,AM
Theobroma_cacao,0.89,3.01,0.44,AM
Theobroma_cacao,0.71,3.86,0.59,AM
Theobroma_cacao,0.72,4.03,0.44,AM
Theobroma_cacao,0.9,2.88,0.46,AM
Theobroma_cacao,0.77,3.7,0.5,AM
Theobroma_cacao,0.67,4.69,0.59,AM
Theobroma_cacao,0.69,4.31,0.57,AM
Theobroma_cacao,0.85,3.12,0.47,AM
Theobroma_cacao,0.99,1.91,0.55,AM
Theobroma_cacao,0.92,2.46,0.46,AM
Theobroma_cacao,0.99,1.81,0.62,AM
Theobroma_cacao,0.87,1.83,0.6,AM
Theobroma_cacao,0.82,1.89,0.61,AM
Theobroma_cacao,0.9,1.91,0.61,AM
Theobroma_cacao,0.69,2.25,0.65,AM
Theobroma_cacao,0.97,1.99,0.56,AM
Theobroma_cacao,0.83,2.86,0.52,AM
Theobroma_cacao,0.86,2.22,0.57,AM
Theobroma_cacao,0.71,2.51,0.68,AM
Theobroma_cacao,0.84,2.66,0.45,AM
Theobroma_cacao,0.84,2.07,0.61,AM
Theobroma_cacao,0.75,3.65,0.45,AM
Theobroma_cacao,0.81,2.38,0.58,AM
Theobroma_cacao,0.99,1.75,0.65,AM
Theobroma_cacao,0.81,2.59,0.54,AM
Theobroma_cacao,0.95,2.09,0.52,AM
Theobroma_cacao,0.69,2.56,0.62,AM
Theobroma_cacao,0.85,2.8,0.44,AM
Theobroma_cacao,0.52,3.16,0.55,AM
Theobroma_cacao,0.61,2.84,0.67,AM
Theobroma_cacao,0.37,1.61,0.447,AM
Theobroma_cacao,0.43,1.39,0.537,AM
Theobroma_cacao,0.5,1.46,0.589,AM
Theobroma_cacao,0.53,2.18,0.526,AM
Theobroma_cacao,0.67,2.02,0.631,AM
Theobroma_cacao,0.35,2.28,0.539,AM
Theobroma_cacao,0.37,2.31,0.486,AM
Theobroma_cacao,0.34,2.87,0.435,AM
Theobroma_cacao,0.37,2.78,0.463,AM
Theobroma_cacao,0.46,2.61,0.519,AM
Theobroma_cacao,0.39,1.38,0.471,AM
Theobroma_cacao,0.4,1.31,0.532,AM
Theobroma_cacao,0.4,1.45,0.462,AM
Theobroma_cacao,0.34,1.71,0.414,AM
Theobroma_cacao,0.46,1.08,0.551,AM
Theobroma_cacao,0.54,2.27,0.476,AM
Theobroma_cacao,0.44,1.62,0.41,AM
Theobroma_cacao,0.48,2.17,0.461,AM
Theobroma_cacao,0.52,2.43,0.418,AM
Theobroma_cacao,0.44,2.35,0.361,AM
Theobroma_cacao,0.37,1.15,0.451,AM
Theobroma_cacao,0.42,1.63,0.594,AM
Theobroma_cacao,0.55,2.09,0.426,AM
Theobroma_cacao,0.45,1.97,0.462,AM
Theobroma_cacao,0.55,1.09,0.536,AM
Theobroma_cacao,0.45,1.76,0.509,AM
Theobroma_cacao,0.35,2.62,0.377,AM
Theobroma_cacao,0.76,1.83,0.452,AM
Theobroma_cacao,0.37,2.31,0.462,AM
Theobroma_cacao,0.41,1.42,0.525,AM
Theobroma_cacao,0.86,2.86,0.61,AM
Theobroma_cacao,0.79,3.9,0.52,AM
Theobroma_cacao,0.83,3.35,0.55,AM
Theobroma_cacao,0.87,3.01,0.56,AM
Theobroma_cacao,0.9,3.23,0.49,AM
Theobroma_cacao,0.98,2.72,0.49,AM
Theobroma_cacao,0.98,2.81,0.48,AM
Theobroma_cacao,0.86,3.22,0.53,AM
Theobroma_cacao,0.92,3.52,0.43,AM
Theobroma_cacao,0.98,2.5,0.53,AM
Theobroma_cacao,0.86,3.2,0.54,AM
Theobroma_cacao,0.97,2.95,0.46,AM
Theobroma_cacao,1.0,2.37,0.53,AM
Theobroma_cacao,1.0,3.0,0.42,AM
Theobroma_cacao,0.92,2.39,0.64,AM
Theobroma_cacao,0.73,3.62,0.66,AM
Theobroma_cacao,0.78,3.73,0.57,AM
Theobroma_cacao,0.72,3.75,0.66,AM
Theobroma_cacao,0.84,3.23,0.56,AM
Theobroma_cacao,0.82,3.12,0.61,AM
Theobroma_cacao,0.68,4.73,0.59,AM
Calocedrus_decurrens,0.70065,15.43729919,0.169076752,AM
Calocedrus_decurrens,0.6288,11.7709979,0.273849206,AM
Calocedrus_decurrens,0.6326,8.641770918,0.366428572,AM
Cryptomeria_japonica,0.631166667,21.37691327,0.15532051,AM
Cryptomeria_japonica,0.6076,19.11998232,0.180470588,AM
Cryptomeria_japonica,0.76985,13.06599896,0.170800915,AM
Callitropsis_nootkatensis,0.384233333,55.81079345,0.159297078,AM
Callitropsis_nootkatensis,0.334833333,39.71088296,0.288947811,AM
Callitropsis_nootkatensis,0.462066667,18.62403424,0.344441138,AM
Juniperus_chinensis,0.623266667,18.02462322,0.189055432,AM
Juniperus_chinensis,0.652766667,16.92370115,0.179031509,AM
Juniperus_chinensis,0.652933333,13.63919527,0.235795699,AM
Juniperus_communis,0.544966667,25.09171248,0.259097222,AM
Juniperus_communis,0.592433333,46.30013468,0.125397306,AM
Juniperus_communis,0.705033333,15.38295045,0.193527569,AM
Metasequoia_glyptostroboides,0.635933333,16.93262505,0.192787511,AM
Metasequoia_glyptostroboides,0.7067,12.28621579,0.22030397,AM
Metasequoia_glyptostroboides,0.8677,7.048921448,0.251978481,AM
Microbiota_decussata,0.4197,26.70095541,0.290290218,AM
Microbiota_decussata,0.4298,21.75624457,0.391931818,AM
Microbiota_decussata,0.5184,12.73803626,0.415653846,AM
Platycladus_orientalis,0.479333333,16.03476963,0.365333333,AM
Platycladus_orientalis,0.536233333,13.10933841,0.349673129,AM
Platycladus_orientalis,0.668333333,8.666094843,0.349652489,AM
Sequoiadendron_giganteum,0.576,19.73364929,0.191818182,AM
Sequoiadendron_giganteum,0.6127,17.92594086,0.190769231,AM
Sequoiadendron_giganteum,0.6548,11.42505308,0.261666667,AM
Taxodium_distichum,0.5534,31.49019808,0.143350311,AM
Taxodium_distichum,0.576833333,23.55898908,0.180141234,AM
Taxodium_distichum,0.7285,16.6984856,0.157987694,AM
Thuja_occidentalis,0.622466667,15.96056702,0.220404244,AM
Thuja_occidentalis,0.6249,13.15666183,0.261578183,AM
Thuja_occidentalis,0.653133333,10.68336831,0.315684223,AM
Ginkgo_biloba,0.761266667,21.47864387,0.103475565,AM
Ginkgo_biloba,0.9001,14.99769257,0.110566699,AM
Ginkgo_biloba,0.927033333,13.1086024,0.114426635,AM
Cedrus_libani,0.4503,17.04701654,0.390039683,EcM
Cedrus_libani,0.5006,12.32457149,0.425666667,EcM
Cedrus_libani,0.5604,9.663047936,0.433492064,EcM
Larix_decidua,0.359033333,33.43397726,0.304936027,EcM
Larix_decidua,0.382633333,25.21356717,0.354481481,EcM
Larix_decidua,0.465166667,19.55900157,0.305826331,EcM
Pinus_strobus,0.5997,15.13170596,0.320100028,EcM
Pinus_strobus,0.6002,26.84786067,0.147430769,EcM
Pinus_strobus,0.754433333,13.08530316,0.199671409,EcM
Pinus_sylvestris,0.356933333,45.40274308,0.241617358,EcM
Pinus_sylvestris,0.379233333,31.0770515,0.307333333,EcM
Pinus_sylvestris,0.472866667,27.54607645,0.240051282,EcM
Pseudotsuga_menziesii,0.481266667,20.65653028,0.365316092,EcM
Pseudotsuga_menziesii,0.513066667,15.3758286,0.33090472,EcM
Pseudotsuga_menziesii,0.6517,10.18524597,0.318919082,EcM
Tsuga_canadensis,0.370366667,25.13404941,0.408422539,EcM
Tsuga_canadensis,0.440433333,20.96728558,0.375076227,EcM
Tsuga_canadensis,0.549033333,14.87552459,0.329747252,EcM
Cephalotaxus_harringtonii,0.943433333,12.45236737,0.122415424,AM
Cephalotaxus_harringtonii,0.928633333,9.311893176,0.158654337,AM
Taxus_cuspidata,0.4895,30.59217343,0.210800881,AM
Taxus_cuspidata,0.449533333,28.80657129,0.265916667,AM
Taxus_cuspidata,0.462233333,21.11532192,0.306269841,AM
Torreya_californica,0.998633333,5.372928948,0.238641408,AM
Torreya_nucifera,0.9686,7.688407089,0.191947311,AM
Torreya_nucifera,0.9726,5.903174715,0.251806387,AM
Torreya_nucifera,0.996966667,3.770716853,0.366865801,AM
Agathis_moorei,0.594333333,21.08885118,0.222775733,AM
Agathis_moorei,0.514666667,14.51340142,0.274817032,AM
Agathis_moorei,0.651222222,8.258114268,0.377947037,AM
Araucaria_luxurians,0.552,26.51230365,0.191326618,AM
Araucaria_luxurians,0.517,14.88097654,0.30680585,AM
Araucaria_luxurians,0.641166667,30.9991716,0.190739754,AM
Araucaria_rulei,0.203099773,91.13370275,0.286000447,AM
Araucaria_rulei,0.276,27.86710037,0.406057932,AM
Araucaria_rulei,0.545722222,9.717939015,0.418111856,AM
Cycas_nathorstii,0.865777778,11.68838686,0.189773492,AM
Cycas_panzhihuaensis,0.882333333,10.28985686,0.181327699,AM
Cycas_panzhihuaensis,0.960166667,6.959858326,0.230482777,AM
Gnetum_gnemon,0.206351474,47.56965551,0.291401004,AM
Gnetum_gnemon,0.281066327,25.46931732,0.359650822,AM
Gnetum_gnemon,0.473384354,12.67068677,0.439193952,AM
Dacrydium_balansae,0.288538829,24.60417832,0.396145478,AM
Dacrydium_balansae,0.397623656,13.41017473,0.44849684,AM
Dacrydium_balansae,0.847639785,6.2209489,0.526719084,AM
Nageia_nagi,0.288933485,43.97154101,0.282462432,AM
Nageia_nagi,0.384987528,24.64020425,0.375437993,AM
Nageia_nagi,0.63442517,27.55061659,0.312119929,AM
Dioon_rzedowskii,0.598555556,11.75142014,0.269880797,AM
Dioon_rzedowskii,0.858722222,21.12153942,0.204436049,AM
Encephalartos_gratus,0.989416667,7.213093787,0.213386401,AM
Zamia_lucayana,0.280875,87.81636162,0.205627706,AM
Zamia_lucayana,0.335,52.85935624,0.225157828,AM
Zamia_lucayana,0.366666667,35.94163274,0.228239824,AM
Chamaecyparis_pisifera,0.44496427,29.44899883,0.156021109,AM
Chamaecyparis_pisifera,0.455447782,25.05035591,0.184384418,AM
Chamaecyparis_pisifera,0.543000821,14.89030299,0.234947274,AM
Juniperus_chinensis,0.400553991,34.70474843,0.163442246,AM
Juniperus_chinensis,0.390740939,19.32011523,0.290323165,AM
Juniperus_chinensis,0.421939485,11.48983883,0.352621713,AM
Metasequoia_glyptostroboides,0.552647243,23.44708108,0.195448431,AM
Metasequoia_glyptostroboides,0.53232042,20.15722595,0.190765566,AM
Metasequoia_glyptostroboides,0.680252716,9.071869825,0.241422878,AM
Taxodium_distichum,0.434793669,38.18177856,0.137801676,AM
Taxodium_distichum,0.518036782,28.47421975,0.144271284,AM
Taxodium_distichum,0.748625412,16.56724693,0.156335142,AM
Thuja_occidentalis,0.501072576,19.05573543,0.214876764,AM
Thuja_occidentalis,0.525556162,13.02631941,0.279893851,AM
Thuja_occidentalis,0.791962175,7.669563108,0.320648936,AM
Ephedra_distachya,0.206940139,78.40737664,0.144091037,AM
Ephedra_distachya,0.237237003,48.46121487,0.183165205,AM
Ephedra_distachya,0.359332984,18.90082201,0.261452233,AM
Ginkgo_biloba,0.771232563,22.10112295,0.108534224,AM
Ginkgo_biloba,0.713917564,18.50822329,0.115130482,AM
Ginkgo_biloba,0.780076668,12.64963042,0.156406423,AM
Larix_decidua,0.420405213,27.95867514,0.224237084,EcM
Larix_decidua,0.484888612,20.1826056,0.263461792,EcM
Larix_decidua,0.615679315,12.00598023,0.270824246,EcM
Picea_abies,0.282813724,67.08210016,0.159201389,EcM
Picea_abies,0.352134488,44.89592109,0.178139123,EcM
Picea_abies,0.481433293,15.29501127,0.245928925,EcM
Pinus_resinosa,0.328066257,26.89617988,0.249153439,EcM
Pinus_resinosa,0.421775544,21.71820028,0.279828129,EcM
Pinus_resinosa,0.612968229,9.866658857,0.34954468,EcM
Pinus_strobus,0.421384578,17.80540212,0.337226244,EcM
Pinus_strobus,0.563354527,12.41841736,0.312476745,EcM
Pinus_strobus,0.97651587,5.688422826,0.340675364,EcM
Tsuga_canadensis,0.373780184,30.87310254,0.204034044,EcM
Tsuga_canadensis,0.434885019,17.25899433,0.27532468,EcM
Tsuga_canadensis,0.540836107,8.356632703,0.345785153,EcM
Sciadopitys_verticillata,0.620385519,29.21245977,0.125136121,AM
Sciadopitys_verticillata,0.527578461,27.47059588,0.174191503,AM
Sciadopitys_verticillata,0.56200728,18.31462427,0.219071207,AM
Cephalotaxus_harringtonii,0.626291232,21.95048856,0.125251213,AM
Cephalotaxus_harringtonii,0.553667995,19.90819611,0.160519132,AM
Cephalotaxus_harringtonii,0.641848346,7.373033827,0.350667184,AM
Taxus_cuspidata,0.543465106,33.29651934,0.138631605,AM
Taxus_cuspidata,0.520439997,26.05234296,0.161374746,AM
Taxus_cuspidata,0.555892693,12.73062465,0.24292387,AM
Alchornea_tiliifolia,0.571066667,7.332250399,0.572443718,AM
Ficus_maclellandii,0.741233333,5.127340862,0.495174168,AM
Phoebe_lanceolata,0.917766667,6.13168722,0.319370356,AM
Lithocarpus_fenestratus,0.807,3.451051259,0.591400585,EcM
Phoebe_lanceolata,0.990133333,4.097809239,0.352776174,AM
Phoebe_lanceolata,0.748933333,7.88537667,0.289164954,AM
Aporosa_yunnanensis,0.616433333,11.38586718,0.341367997,AM
Phoebe_lanceolata,0.977333333,4.442767401,0.30626291,AM
Glochidion_eriocarpum,0.654,14.14326519,0.221660523,AM
Goniothalamus_griffithii,0.960633333,4.774724533,0.293008738,AM
Litsea_szemaois,0.795633333,7.205367645,0.285191217,AM
Ficus_langkokensis,0.542533333,9.377838194,0.477842969,AM
Ficus_langkokensis,0.726833333,11.13959257,0.371761759,AM
Barringtonia_fusicarpa,0.816466667,6.681164411,0.296550492,AM
Ficus_langkokensis,0.9009,4.178802154,0.419389501,AM
Micromelum_integerrimum,0.680533333,8.703159256,0.347456105,AM
Baccaurea_ramiflora,0.7606,7.390372856,0.302668053,AM
Baccaurea_ramiflora,0.917766667,7.498300632,0.302385232,AM
Castanopsis_indica,0.6809,5.574147253,0.509238821,EcM
Litsea_panamanja,0.960333333,3.981277554,0.423118179,AM
Ficus_vasculosa,0.467733333,17.82273712,0.33013842,AM
Castanopsis_indica,0.587466667,7.349041679,0.522128213,EcM
Ficus_simplicissima,0.706366667,6.461243287,0.551727178,AM
Ficus_vasculosa,0.548433333,8.583865796,0.498044844,AM
Choerospondias_axillaris,0.716166667,7.33460761,0.446965213,AM
Castanopsis_indica,0.5346,10.15274307,0.484544342,EcM
Ficus_vasculosa,0.6955,7.997178078,0.366254729,AM
Choerospondias_axillaris,0.522933333,13.24916623,0.389273957,AM
Ficus_maclellandii,0.670833333,15.90713103,0.222535149,AM
Ficus_maclellandii,0.558133333,18.61080496,0.277985902,AM
Monoon_simiarum,0.959733333,5.732893077,0.39347729,AM
Castanopsis_indica,0.694966667,5.3952153,0.637881259,EcM
Phoebe_puwenensis,0.761433333,5.548027839,0.400336199,AM
Toxicodendron_acuminatum,0.545566667,12.44041789,0.406961912,AM
Cinnamomum_glanduliferum,0.855633333,4.032834025,0.474132744,AM
Litsea_szemaois,0.804533333,3.550116098,0.581899279,AM
Lindera_metcalfiana,0.681033333,5.572174537,0.521607831,AM
Machilus_rufipes,0.875933333,5.126138456,0.367021201,AM
Castanopsis_indica,0.682033333,4.920171808,0.630609388,EcM
Litsea_umbellata,0.852666667,4.544617849,0.38955527,AM
Litsea_szemaois,0.7545,5.759634952,0.391837223,AM
Croton_kongensis,0.704233333,5.762816556,0.485435634,AM
Croton_kongensis,0.739733333,5.975617818,0.416779151,AM
Castanopsis_indica,0.800433333,3.657284716,0.69414462,EcM
Lithocarpus_fenestratus,0.938366667,2.402846337,0.648876339,EcM
Alchornea_tiliifolia,0.707966667,9.18828594,0.333127145,AM
Alchornea_tiliifolia,0.601266667,8.584467346,0.445876126,AM
Engelhardia_roxburghiana,0.8232,9.215763619,0.441048275,EcM
Castanopsis_hystrix,0.564466667,8.417394739,0.485496066,EcM
Castanopsis_fleuryi,0.461,10.49790179,0.585287216,EcM
Aporosa_yunnanensis,0.536366667,8.395780723,0.554846621,AM
Castanopsis_echinocarpa,0.7411,5.916077592,0.417197439,EcM
Castanopsis_hystrix,0.5083,10.36082965,0.515836327,EcM
Castanopsis_echinocarpa,0.4104,15.34148691,0.513354371,EcM
Castanopsis_hystrix,0.4506,15.97445954,0.44224771,EcM
Castanopsis_hystrix,0.733966667,4.478864103,0.562855944,EcM
Castanopsis_echinocarpa,0.6965,5.839369326,0.507529843,EcM
Castanopsis_hystrix,0.711666667,6.128839941,0.474400456,EcM
Castanopsis_echinocarpa,0.872933333,3.144494268,0.552341187,EcM
Aporosa_yunnanensis,0.6572,7.115195097,0.41503322,AM
Castanopsis_echinocarpa,0.622766667,9.7581664,0.382416407,EcM
Castanopsis_echinocarpa,0.596333333,9.231444815,0.418199943,EcM
Lithocarpus_variolosus,0.648666667,10.56939436,0.290624096,EcM
Glochidion_eriocarpum,0.6009,13.95991262,0.272921535,AM
Castanopsis_hystrix,0.5305,17.3739919,0.301012265,EcM
Aporosa_yunnanensis,0.6086,12.35474904,0.285059445,AM
Canarium_subulatum,0.5366,20.74207465,0.217390757,AM
Acer_laurinum,0.6958,8.471736947,0.32204977,AM
Acer_laurinum,0.501966667,17.07039325,0.299861663,AM
Lepisanthes_senegalensis,0.551566667,11.84247516,0.356637162,AM
Imbralyx_leptobotrys,0.470766667,20.14609754,0.318553552,AM
Castanopsis_echinocarpa,0.513066667,18.01444035,0.320928439,EcM
Castanopsis_fleuryi,0.520733333,14.69993195,0.323242785,EcM
Litsea_salicifolia,0.769666667,7.935345835,0.281380371,AM
Ficus_simplicissima,0.3784,30.43226901,0.319032325,AM
Castanopsis_calathiformis,0.657733333,6.696479927,0.46241452,EcM
Machilus_tenuipilis,0.932666667,5.257207602,0.33086587,AM
Phoebe_lanceolata,0.728333333,5.303429808,0.493994634,AM
Canarium_album,0.609,9.481356424,0.391424356,AM
Castanopsis_echinocarpa,0.613066667,7.590062474,0.524769043,EcM
Litsea_umbellata,0.748633333,8.305103072,0.279495701,AM
Canarium_album,0.555666667,20.28280052,0.238358224,AM
Castanopsis_hystrix,0.5199,15.20838573,0.349924762,EcM
Canarium_subulatum,0.796366667,6.392850597,0.326990396,AM
Machilus_rufipes,0.754433333,7.977034771,0.299395111,AM
Actinodaphne_henryi,0.795166667,6.58974352,0.336702046,AM
Actinodaphne_henryi,0.880833333,4.878302026,0.380261599,AM
Castanopsis_fleuryi,0.471166667,17.16402081,0.341812099,EcM
Castanopsis_hystrix,0.6382,4.387083962,0.752846856,EcM
Lithocarpus_elegans,0.5498,12.21163817,0.379319642,EcM
Castanopsis_hystrix,0.492266667,17.3422886,0.327811146,EcM
Acer_laurinum,0.594466667,18.70515659,0.265588978,AM
Garcinia_cowa,0.537133333,17.15464473,0.26383249,AM
Actinodaphne_henryi,0.6777,10.30811201,0.270583744,AM
Castanopsis_echinocarpa,0.516866667,14.31860435,0.358607222,EcM
Engelhardia_spicata,0.7403,7.617086149,0.318845752,EcM
Lithocarpus_elegans,0.629166667,5.242162774,0.623078122,EcM
Croton_kongensis,0.569133333,14.51177719,0.273157414,AM
Lithocarpus_elegans,0.765733333,5.592041274,0.661540369,EcM
Planchonella_grandifolia,0.805533333,6.853993034,0.293759702,AM
Litsea_umbellata,0.828933333,5.473641332,0.353329129,AM
Canarium_subulatum,0.6285,12.67668164,0.261725776,AM
Croton_kongensis,0.536833333,13.68670094,0.351513341,AM
Myrsine_seguinii,0.6442,6.958438762,0.457941188,AM
Lithocarpus_elegans,0.591833333,10.11017711,0.47331079,EcM
Machilus_rufipes,0.948333333,5.203479501,0.283591927,AM
Castanopsis_hystrix,0.5085,15.62701276,0.476705488,EcM
Ficus_simplicissima,0.425833333,32.61922187,0.314594732,AM
Canarium_album,0.543666667,18.33911914,0.253200604,AM
Litsea_szemaois,0.864833333,5.816483164,0.301746599,AM
Gironniera_subaequalis,0.4146,22.88688383,0.347681118,AM
Gironniera_subaequalis,0.5498,13.95927458,0.340449426,AM
Gironniera_subaequalis,0.514733333,15.21574339,0.346934438,AM
Litsea_martabanica,0.698133333,9.996060789,0.279750012,AM
Castanopsis_echinocarpa,0.422333333,30.1042498,0.251269816,EcM
Acronychia_pedunculata,0.6354,11.85626843,0.287491929,AM
Machilus_rufipes,0.7035,9.029279773,0.288967138,AM
Litsea_panamanja,0.9498,6.170523095,0.277650361,AM
Machilus_rufipes,0.811766667,8.928133749,0.225157054,AM
Engelhardia_roxburghiana,0.7431,9.723243499,0.265459906,EcM
Engelhardia_roxburghiana,0.7339,9.637330419,0.248536154,EcM
Engelhardia_spicata,0.591833333,16.90666723,0.233022614,EcM
Engelhardia_spicata,0.539566667,24.30433157,0.180415295,EcM
Engelhardia_spicata,0.516066667,22.3211587,0.219415555,EcM
Engelhardia_roxburghiana,0.7983,9.61941957,0.23274283,EcM
Cleidion_brevipetiolatum,0.899533333,6.613655956,0.244338445,AM
Cleidion_brevipetiolatum,0.840466667,7.635492309,0.239178004,AM
Garcinia_cowa,0.661666667,9.451245361,0.31741149,AM
Harpullia_cupanioides,0.5838,9.804772749,0.399920772,AM
Cleidion_brevipetiolatum,0.71,9.544630677,0.266254154,AM
Garcinia_cowa,0.728633333,6.260956698,0.401727789,AM
Celtis_timorensis,0.514266667,9.204313667,0.530205711,AM
Cryptocarya_acutifolia,0.960666667,3.998793867,0.350792682,AM
Cryptocarya_acutifolia,0.973566667,4.725555918,0.293412854,AM
Baccaurea_ramiflora,0.599,14.53741593,0.336211033,AM
Baccaurea_ramiflora,0.753033333,10.44304395,0.217172376,AM
Celtis_tetrandra,0.859733333,6.937922773,0.270124948,AM
Litsea_elongata,0.5615,13.51154495,0.301758136,AM
Cryptocarya_acutifolia,0.956566667,4.486190281,0.316895178,AM
Celtis_timorensis,0.375933333,22.87623387,0.409762694,AM
Phoebe_lanceolata,0.865833333,5.49311366,0.329059869,AM
Celtis_timorensis,0.4042,32.1061687,0.248993102,AM
Planchonella_grandifolia,0.884033333,5.224947178,0.322470947,AM
Baccaurea_ramiflora,0.8525,7.045213731,0.253740011,AM
Cryptocarya_acutifolia,0.905733333,5.644367811,0.28160586,AM
Harpullia_cupanioides,0.732366667,9.254290471,0.276296606,AM
Litsea_elongata,0.935866667,4.58915071,0.351446776,AM
Engelhardia_spicata,0.891833333,4.755830636,0.339358726,EcM
Harpullia_cupanioides,0.6747,7.869377292,0.408967809,AM
Lithocarpus_bacgiangensis,0.634766667,9.182995004,0.423193863,EcM
Engelhardia_spicata,0.667,8.750285278,0.330278309,EcM
Antiaris_toxicaria,0.742833333,6.368453945,0.378386926,AM
Castanopsis_indica,0.772166667,4.846026302,0.63188154,EcM
Castanopsis_indica,0.828066667,2.866384299,0.686894625,EcM
Symplocos_cochinchinensis,0.699133333,5.547027109,0.48276415,AM
Baccaurea_ramiflora,0.776466667,9.048114763,0.262186907,AM
Symplocos_cochinchinensis,0.661066667,16.64273013,0.459301671,AM
Symplocos_cochinchinensis,0.445166667,19.09646308,0.33885728,AM
Ficus_langkokensis,0.5269,12.04303036,0.444308178,AM
Glochidion_lanceolarium,0.580966667,11.39910427,0.425796119,AM
Harpullia_cupanioides,0.615933333,6.519173603,0.527135733,AM
Xanthophyllum_flavescens,0.658133333,7.784748929,0.479663089,AM
Castanopsis_indica,0.641966667,9.872521872,0.400018551,EcM
Garcinia_cowa,0.6302,10.866233,0.3216057,AM
Garcinia_xanthochymus,0.754933333,5.635591124,0.442821015,AM
Barringtonia_fusicarpa,0.7409,4.215244216,0.58633838,AM
Castanopsis_boisii,0.561266667,12.39389317,0.337269817,EcM
Castanopsis_ferox,0.816933333,4.1598023,0.474854444,EcM
Phoebe_puwenensis,0.822433333,4.421850692,0.432803511,AM
Semecarpus_reticulata,0.8967,6.976720646,0.344873176,AM
Castanopsis_boisii,0.701033333,4.672495038,0.595564419,EcM
Barringtonia_fusicarpa,0.9054,3.940057528,0.415560174,AM
Celtis_tetrandra,0.481833333,12.32614116,0.545805073,AM
Barringtonia_fusicarpa,0.865433333,4.64932415,0.392396641,AM
Horsfieldia_amygdalina,0.850733333,3.603270358,0.508249379,AM
Gironniera_subaequalis,0.6797,10.4273147,0.281172696,AM
Lithocarpus_bacgiangensis,0.7355,4.752723407,0.512537669,EcM
Pseuduvaria_trimera,0.917066667,3.228409345,0.482824467,AM
Canarium_album,0.684466667,11.02875294,0.258247768,AM
Castanopsis_boisii,0.6877,7.705011983,0.397023736,EcM
Castanopsis_indica,0.601666667,10.28227301,0.381244128,EcM
Artocarpus_lakoocha,0.783066667,7.25898364,0.30846691,AM
Cryptocarya_acutifolia,0.978866667,4.843330905,0.281296665,AM
Glochidion_lanceolarium,0.6598,9.318804924,0.334817932,AM
Castanopsis_indica,0.700333333,6.014184047,0.432785162,EcM
Garuga_floribunda,0.884733333,5.801137823,0.317445455,AM
Lepisanthes_senegalensis,0.6775,7.678417557,0.419243794,AM
Lepisanthes_senegalensis,0.9297,4.092918566,0.434528329,AM
Micromelum_integerrimum,0.6253,11.59532663,0.30908945,AM
Ficus_simplicissima,0.5554,14.30507397,0.314798641,AM
Ficus_simplicissima,0.445966667,17.21712827,0.439965075,AM
Ficus_langkokensis,0.632466667,11.36321825,0.284233873,AM
Phoebe_lanceolata,0.685533333,12.01450969,0.237285646,AM
Litsea_mollis,0.9671,5.73987985,0.270825448,AM
Celtis_tetrandra,0.442433333,19.94766524,0.394618512,AM
Celtis_tetrandra,0.3942,27.90592151,0.324448154,AM
Gironniera_subaequalis,0.813233333,6.044498897,0.399066936,AM
Antiaris_toxicaria,0.667333333,9.017536947,0.334948691,AM
Antiaris_toxicaria,0.720533333,6.977838876,0.439210638,AM
Phoebe_lanceolata,0.842266667,5.363808081,0.340027463,AM
Castanopsis_indica,0.615033333,7.107515418,0.477147542,EcM
Ficus_langkokensis,0.625566667,9.122012745,0.422172267,AM
Phoebe_puwenensis,0.612433333,6.358860081,0.642877151,AM
Canarium_album,0.5302,22.35091353,0.205044722,AM
Canarium_subulatum,0.685733333,10.50273397,0.258860126,AM
Lithocarpus_bacgiangensis,0.6976,5.280256272,0.499007656,EcM
Ficus_langkokensis,0.419733333,38.77758531,0.190904868,AM
Alseodaphnopsis_andersonii,0.835,3.770542248,0.525046436,AM
Planchonella_grandifolia,0.7607,5.465762595,0.403632322,AM
Acronychia_pedunculata,0.458666667,18.77412171,0.325660509,AM
Machilus_rufipes,0.639566667,9.724184894,0.333553935,AM
Alchornea_tiliifolia,0.715333333,8.439274481,0.379980116,AM
Cryptocarya_yunnanensis,0.953133333,4.57630487,0.310907636,AM
Alchornea_tiliifolia,0.657366667,16.45170012,0.188131373,AM
Acer_laurinum,0.71,7.817559906,0.345893669,AM
Ficus_fistulosa,0.5188,19.50215969,0.284037489,AM
Cryptocarya_yunnanensis,0.9515,4.749159531,0.340201555,AM
Canarium_subulatum,0.8674,5.860067248,0.336757718,AM
Baccaurea_ramiflora,0.765666667,9.61820115,0.289450721,AM
Pometia_pinnata,0.604233333,8.866400151,0.394861875,AM
Pometia_pinnata,0.514433333,12.82281494,0.376326454,AM
Pometia_pinnata,0.4844,21.21391758,0.263322494,AM
Semecarpus_reticulata,0.640666667,6.542327665,0.51444445,AM
Planchonella_grandifolia,0.642333333,7.588557741,0.424042381,AM
Ficus_fistulosa,0.563533333,10.17348316,0.439904144,AM
Cinnamomum_contractum,0.692133333,7.947831396,0.374781829,AM
Xanthophyllum_flavescens,0.6345,9.139446249,0.360900909,AM
Cryptocarya_acutifolia,0.877533333,4.979026992,0.34114536,AM
Semecarpus_reticulata,0.780866667,9.335393377,0.223851499,AM
Mitrephora_tomentosa,0.7516,7.927713716,0.288903308,AM
Cryptocarya_chinensis,0.728566667,5.086327915,0.490627414,AM
Castanopsis_indica,0.629933333,9.177355033,0.422399941,EcM
Cryptocarya_chinensis,0.497533333,17.5361631,0.299753134,AM
Xanthophyllum_flavescens,0.973633333,3.140922133,0.545088812,AM
Croton_kongensis,0.95036,6.81934817,0.334577032,AM
Cryptocarya_chinensis,0.8502,5.91812092,0.320670447,AM
Goniothalamus_griffithii,0.920066667,5.970445638,0.255644145,AM
Xanthophyllum_flavescens,0.7236,5.431821903,0.477261242,AM
Mitrephora_tomentosa,0.7882,7.842596159,0.277799996,AM
Pometia_pinnata,0.643966667,5.88805423,0.559794399,AM
Lithocarpus_variolosus,0.6664,6.995786351,0.47614208,EcM
Acer_laurinum,0.628933333,11.00808581,0.301978015,AM
Acer_laurinum,0.6424,9.306192134,0.355928518,AM
Cinnamomum_contractum,0.852466667,6.959469037,0.26196924,AM
Cryptocarya_brachythyrsa,0.891066667,6.473976256,0.252710197,AM
Lindera_metcalfiana,0.9315,6.330670866,0.295009248,AM
Cryptocarya_yunnanensis,0.9354,3.802244368,0.411608014,AM
Cinnamomum_contractum,0.688433333,12.70593201,0.317269249,AM
Garuga_floribunda,0.679433333,8.561184009,0.344850743,AM
Castanopsis_ferox,0.5373,14.69371118,0.327135322,EcM
Ailanthus_fordii,0.662566667,7.651655336,0.390095684,AM
Croton_kongensis,0.788533333,4.173506103,0.521288758,AM
Engelhardia_spicata,0.703466667,7.775108673,0.333904609,EcM
Gironniera_subaequalis,0.9366,6.567506593,0.229897003,AM
Mitrephora_tomentosa,0.887866667,4.456601756,0.377415342,AM
Lindera_metcalfiana,0.701433333,6.668339288,0.404422954,AM
Beilschmiedia_purpurascens,0.906366667,5.073624206,0.318175192,AM
Acronychia_pedunculata,0.768633333,7.564520762,0.401353174,AM
Garuga_floribunda,0.872,11.35225331,0.173636672,AM
Acronychia_pedunculata,0.624366667,10.04333898,0.329678597,AM
Aporosa_yunnanensis,0.659533333,10.02652445,0.346772484,AM
Engelhardia_serrata,0.461566667,23.49726204,0.285239019,EcM
Pometia_pinnata,0.692533333,5.78927628,0.476354499,AM
Harpullia_cupanioides,0.808866667,4.210347594,0.468405891,AM
Litsea_elongata,0.9032,5.696938308,0.29243788,AM
Baccaurea_ramiflora,0.920033333,5.414034683,0.304465358,AM
Antiaris_toxicaria,0.6082,17.07866111,0.291149245,AM
Garcinia_cowa,0.648166667,10.25494698,0.363921545,AM
Ficus_fistulosa,0.665366667,5.661443141,0.565655704,AM
Canarium_subulatum,0.646766667,8.167697636,0.611389926,AM
Pometia_pinnata,0.499333333,13.03483501,0.441424771,AM
Harpullia_cupanioides,0.724066667,7.842097575,0.346680309,AM
Antiaris_toxicaria,0.7768,4.763571821,0.449432984,AM
Baccaurea_ramiflora,0.5874,11.35696436,0.375254975,AM
Monoon_simiarum,0.6079,10.10798209,0.35707372,AM
Castanopsis_indica,0.559166667,13.02535701,0.369097294,EcM
Garcinia_cowa,0.7825,5.203261284,0.443179394,AM
Harpullia_cupanioides,0.973766667,4.244053759,0.340121364,AM
Barringtonia_fusicarpa,0.770366667,7.270651532,0.315405986,AM
Castanopsis_indica,0.605166667,8.113729608,0.465627876,EcM
Beilschmiedia_purpurascens,0.9444,4.651903118,0.309553265,AM
Castanopsis_indica,0.963066667,1.947769107,0.720359382,EcM
Ficus_langkokensis,0.629833333,7.324596478,0.454083142,AM
Beilschmiedia_purpurascens,0.8872,5.796292101,0.279346804,AM
Phoebe_lanceolata,0.688266667,11.31724091,0.240384118,AM
Phoebe_lanceolata,0.8581,5.016763887,0.346980118,AM
Harpullia_cupanioides,0.742733333,6.064522669,0.477222323,AM
Castanopsis_indica,0.733266667,5.77827511,0.472847947,EcM
Barringtonia_fusicarpa,0.782366667,7.715241053,0.294869712,AM
Barringtonia_fusicarpa,0.771466667,7.998818633,0.268833482,AM
Garcinia_cowa,0.527233333,15.18792169,0.368866032,AM
Goniothalamus_griffithii,0.7704,5.231767463,0.48493124,AM
Goniothalamus_griffithii,0.616733333,6.051535561,0.590617921,AM
Pometia_pinnata,0.4978,13.93227327,0.37590935,AM
Castanopsis_indica,0.7705,5.343197193,0.436622779,EcM
Phoebe_lanceolata,0.517233333,20.16041108,0.24615173,AM
Phoebe_lanceolata,0.496366667,20.3592811,0.257988069,AM
Castanopsis_indica,0.556066667,11.54279443,0.417346356,EcM
Castanopsis_indica,0.852366667,4.102218373,0.500915399,EcM
Ficus_simplicissima,0.8268,4.734564213,0.448581776,AM
Baccaurea_ramiflora,0.7406,9.798423115,0.24631521,AM
Litsea_glutinosa,0.9216,6.111887858,0.250236712,AM
Lindera_metcalfiana,0.794966667,7.455983299,0.29815038,AM
Litsea_umbellata,0.908533333,4.846913698,0.33004976,AM
Litsea_panamanja,0.788566667,8.723351831,0.236176997,AM
Baccaurea_ramiflora,0.9289,4.784690083,0.314640513,AM
Glochidion_lanceolarium,0.554466667,13.79526076,0.316686685,AM
Baccaurea_ramiflora,0.6872,10.21997162,0.266694077,AM
Aporosa_yunnanensis,0.663333333,6.231132552,0.477143654,AM
Phoebe_lanceolata,0.7169,9.491854459,0.281499621,AM
Alchornea_tiliifolia,0.5455,14.12900504,0.365562798,AM
Lindera_metcalfiana,0.856566667,6.521425381,0.299707256,AM
Litsea_panamanja,0.780033333,8.026382685,0.28089367,AM
Litsea_panamanja,0.840066667,6.439398152,0.293981216,AM
Phoebe_lanceolata,0.691333333,9.591082825,0.293375357,AM
Aporosa_yunnanensis,0.578566667,13.48358987,0.284032573,AM
Ficus_langkokensis,0.599133333,11.87229036,0.304963325,AM
Aporosa_yunnanensis,0.607666667,12.34689409,0.290835795,AM
Barringtonia_fusicarpa,0.783466667,7.886885257,0.275188957,AM
Ficus_langkokensis,0.483133333,25.25315415,0.245294963,AM
Ailanthus_fordii,0.948666667,6.353601179,0.371135628,AM
Engelhardia_spicata,0.5216,12.96149842,0.578085391,EcM
Castanopsis_indica,0.948033333,2.646655492,0.58024354,EcM
Castanopsis_indica,0.7607,5.006133476,0.472833195,EcM
Litsea_mollis,0.850366667,5.862440305,0.309617577,AM
Lithocarpus_fohaiensis,0.846766667,3.531288692,0.604696652,EcM
Agouticarpa_curviflora,0.75,3.34,0.475,AM
Kutchubaea_oocarpa,0.509,25.05,0.23,AM
Cordiera_myrciifolia,0.544,13.51,0.465,AM
Allantoma_lineata,0.397,17.14,0.421,AM
Amaioua_glomerulata,0.508,9.45,0.496,AM
Alibertia_edulis,0.717,6.53,0.361,AM
Amaioua_guianensis,0.457,16.69,0.45,AM
Aniba_guianensis,0.656,14.12,0.231,AM
Aniba_hostmanniana,0.842,7.03,0.278,AM
Aniba_terminalis,0.788,5.91,0.39,AM
Blepharocalyx_eggersii,0.527,6.15,0.607,AM
Alibertia_claviflora,0.627,6.61,0.452,AM
Brosimum_lactescens,0.645,9.92,0.342,AM
Brosimum_rubescens,0.742,8.28,0.33,AM
Brosimum_utile,0.747,9.13,0.341,AM
Calycolpus_goetheanus,0.43,20.14,0.383,AM
Myrcia_crebra,0.448,14.51,0.494,AM
Myrcia_cuspidata,0.34,17.66,0.586,AM
Myrcia_neospeciosa,0.397,25.65,0.354,AM
Syzygium_borbonicum,0.387,25.88,0.48,AM
Catostemma_sclerophyllum,0.792,6.38,0.333,AM
Chomelia_tenuiflora,0.474,10.72,0.546,AM
Chromolucuma_rubriflora,0.467,23.47,0.181,AM
Chrysophyllum_sanguinolentum,0.568,9.37,0.396,AM
Corythophora_alta,0.45,12.08,0.592,NMAM
Couepia_magnoliifolia,0.265,23.26,0.675,AM
Endlicheria_anomala,0.668,11.0,0.304,AM
Endlicheria_arenosa,0.228,73.68,0.255,AM
Endlicheria_bracteolata,0.606,19.99,0.181,AM
Endlicheria_citriodora,0.832,10.66,0.174,AM
Endlicheria_longicaudata,0.865,6.19,0.287,AM
Endlicheria_macrophylla,0.535,18.01,0.259,AM
Eschweilera_albiflora,0.42,12.15,0.488,AM
Eschweilera_atropetiolata,0.772,4.13,0.554,AM
Eschweilera_bracteosa,0.69,5.89,0.476,AM
Eschweilera_coriacea,0.693,5.33,0.509,AM
Eschweilera_decolorans,0.852,2.98,0.419,AM
Eschweilera_grandiflora,0.637,7.97,0.47,AM
Eschweilera_ovata,0.508,13.15,0.409,AM
Eschweilera_parviflora,0.797,3.91,0.425,AM
Eschweilera_pedicellata,0.658,6.34,0.486,AM
Eschweilera_tenuifolia,0.575,6.25,0.485,AM
Eschweilera_truncata,0.616,10.52,0.403,AM
Eschweilera_wachenheimii,0.437,16.04,0.487,AM
Eugenia_biflora,0.498,15.91,0.423,AM
Eugenia_lambertiana,0.323,28.21,0.39,AM
Eugenia_lisboae,0.331,20.88,0.465,AM
Eugenia_patrisii,0.448,13.47,0.514,AM
Eugenia_protenta,0.455,19.32,0.438,AM
Eugenia_pseudopsidium,0.441,7.44,0.753,AM
Eugenia_pusilliflora,0.604,4.18,0.585,AM
Eugenia_spruceana,0.427,15.86,0.404,AM
Faramea_capillipes,0.352,23.86,0.462,AM
Faramea_platyneura,0.479,26.49,0.394,AM
Faramea_torquata,0.206,64.91,0.399,AM
Ferdinandusa_hirsuta,0.502,25.46,0.239,AM
Ferdinandusa_rudgeoides,0.329,44.96,0.236,AM
Helicostylis_scabra,0.356,48.07,0.233,AM
Inga_alba,0.59,12.69,0.399,AM
Inga_auristellae,0.463,19.42,0.316,AM
Inga_bicoloriflora,0.595,13.09,0.359,AM
Inga_brevipes,0.407,23.18,0.359,AM
Inga_cayennensis,0.503,17.36,0.29,AM
Inga_cordatoalata,0.746,7.57,0.434,AM
Inga_gracilifolia,0.551,12.45,0.423,AM
Calliandra_houstoniana,0.472,23.57,0.329,AM
Inga_huberi,0.472,19.85,0.29,AM
Inga_lateriflora,0.715,10.6,0.286,AM
Inga_macrophylla,0.425,25.47,0.291,AM
Inga_marginata,0.535,14.0,0.342,AM
Inga_ruiziana,0.517,18.34,0.29,AM
Inga_obidensis,0.594,9.88,0.397,AM
Inga_paraensis,0.502,14.92,0.371,AM
Inga_splendens,0.515,12.75,0.39,AM
Inga_stipularis,0.51,18.27,0.292,AM
Inga_suberosa,0.399,36.31,0.223,AM
Inga_suberosa,0.454,21.01,0.301,AM
Inga_thibaudiana,0.564,14.64,0.359,AM
Inga_umbellifera,0.496,17.99,0.344,AM
Inga_umbratica,0.469,16.04,0.387,AM
Ixora_intensa,0.517,16.41,0.392,AM
Ixora_panurensis,0.537,14.27,0.311,AM
Kubitzkia_mezii,0.62,10.54,0.338,AM
Kutchubaea_semisericea,0.464,18.08,0.332,AM
Kutchubaea_sericantha,0.424,23.06,0.367,AM
Hymenopus_adolphoduckei,0.466,17.15,0.432,AM
Licania_bracteata,0.411,15.2,0.548,AM
Hymenopus_caudatus,0.45,16.25,0.424,AM
Licania_gracilipes,0.509,10.84,0.662,AM
Leptobalanus_granvillei,0.604,13.33,0.234,AM
Licania_hypoleuca,0.346,23.98,0.46,AM
Leptobalanus_latus,0.445,10.95,0.624,AM
Leptobalanus_longistylus,0.413,22.76,0.395,AM
Hymenopus_macrophyllus,0.436,16.87,0.475,AM
Licania_micrantha,0.424,21.2,0.464,AM
Licania_niloi,0.525,7.79,0.524,AM
Leptobalanus_octandrus,0.38,21.73,0.566,AM
Licania_parviflora,0.49,8.37,0.629,AM
Hymenopus_reticulatus,0.508,14.93,0.525,AM
Licania_rodriguesii,0.317,11.72,0.715,AM
Hymenopus_sothersiae,0.422,14.07,0.541,AM
Leptobalanus_sprucei,0.363,23.18,0.488,AM
Licaria_chrysophylla,0.668,4.78,0.562,AM
Licaria_guianensis,0.621,9.53,0.36,AM
Licaria_hirsuta,0.72,12.53,0.239,AM
Licaria_macrophylla,0.603,7.67,0.433,AM
Licaria_oppositifolia,0.564,11.19,0.376,AM
Maquira_calophylla,0.936,3.14,0.368,AM
Maquira_coriacea,0.368,28.87,0.356,AM
Maquira_sclerophylla,0.566,9.94,0.441,AM
Eumachia_astrellantha,0.313,24.92,0.378,AM
Eumachia_podocephala,0.673,5.26,0.406,AM
Myrcia_caudata,0.401,17.09,0.519,AM
Myrcia_ferruginea,0.337,20.55,0.571,AM
Myrcia_umbraticola,0.197,52.49,0.511,AM
Mezilaurus_ita-uba,0.696,12.92,0.219,AM
Micropholis_casiquiarensis,0.723,7.28,0.409,AM
Micropholis_cylindrocarpa,0.53,14.2,0.417,AM
Micropholis_egensis,0.556,6.96,0.579,AM
Micropholis_guyanensis,0.567,12.47,0.395,AM
Micropholis_mensalis,0.379,29.1,0.42,AM
Micropholis_trunciflora,0.697,5.38,0.512,AM
Micropholis_venulosa,0.58,11.05,0.414,AM
Myrcia_bracteata,0.278,18.41,0.682,AM
Myrcia_citrifolia,0.321,33.15,0.459,AM
Myrcia_fenestrata,0.361,19.35,0.554,AM
Myrcia_grandis,0.384,28.78,0.54,AM
Myrcia_integra,0.433,10.73,0.504,AM
Myrcia_splendens,0.378,13.05,0.586,AM
Myrcia_paivae,0.468,19.97,0.385,AM
Myrcia_servata,0.376,18.3,0.536,AM
Myrcia_subsericea,0.376,14.59,0.573,AM
Myrcia_sylvatica,0.354,22.62,0.478,AM
Myrciaria_floribunda,0.33,18.59,0.57,AM
Myrcia_grandis,0.42,20.64,0.527,AM
Myrciaria_tenella,0.472,7.47,0.528,AM
Naucleopsis_caloneura,0.35,35.11,0.361,AM
Naucleopsis_imitans,0.341,19.13,0.445,AM
Naucleopsis_insculptula,0.55,7.02,0.514,AM
Naucleopsis_krukovii,0.22,51.73,0.44,AM
Naucleopsis_ternstroemiiflora,0.489,13.64,0.41,AM
Ocotea_amazonica,0.453,23.8,0.278,AM
Ocotea_argyrophylla,0.585,15.98,0.296,AM
Ocotea_boissieriana,0.698,10.49,0.3,AM
Ocotea_cujumary,0.53,19.24,0.252,AM
Ocotea_aurantiodora,0.508,18.38,0.313,AM
Ocotea_myriantha,0.823,10.7,0.227,AM
Ocotea_nigrescens,0.497,14.74,0.37,AM
Ocotea_olivacea,0.809,8.78,0.232,AM
Ocotea_pauciflora,0.992,6.56,0.239,AM
Ocotea_percurrens,0.76,7.45,0.34,AM
Ocotea_aciphylla,0.757,8.81,0.325,AM
Ocotea_scabrella,0.726,9.06,0.275,AM
Ocotea_splendens,0.589,11.92,0.321,AM
Pachira_insignis,0.787,13.03,0.211,AM
Pachira_macrocalyx,0.831,8.98,0.324,AM
Pachira_minor,0.622,13.64,0.215,AM
Pagamea_macrophylla,0.505,21.92,0.229,AM
Palicourea_corymbifera,0.377,34.87,0.318,AM
Palicourea_virens,0.517,9.0,0.397,AM
Pouteria_caimito,0.492,18.19,0.267,AM
Pouteria_cuspidata,0.454,15.99,0.381,AM
Protium_altsonii,0.495,18.06,0.34,AM
Protium_amazonicum,0.423,11.26,0.531,AM
Protium_apiculatum,0.419,18.69,0.389,AM
Protium_aracouchini,0.443,9.8,0.546,AM
Protium_calanense,0.435,15.35,0.495,AM
Protium_calendulinum,0.307,33.97,0.484,AM
Protium_crassipetalum,0.498,15.98,0.405,AM
Protium_decandrum,0.489,16.61,0.328,AM
Protium_divaricatum,0.546,15.64,0.3,AM
Protium_elegans,0.547,10.72,0.491,AM
Protium_ferrugineum,0.459,23.25,0.264,AM
Protium_gallosum,0.424,19.9,0.339,AM
Protium_grandifolium,0.486,21.15,0.317,AM
Protium_hebetatum,0.601,8.54,0.48,AM
Protium_heptaphyllum,0.519,11.67,0.41,AM
Protium_laxiflorum,0.585,8.47,0.449,AM
Protium_occultum,0.539,11.43,0.541,AM
Protium_opacum,0.445,21.04,0.331,AM
Protium_paniculatum,0.561,11.61,0.391,AM
Protium_pilosissimum,0.398,27.78,0.306,AM
Protium_pilosum,0.647,22.54,0.201,AM
Protium_spruceanum,0.429,23.28,0.327,AM
Protium_strumosum,0.458,20.15,0.364,AM
Protium_subserratum,0.477,15.64,0.447,AM
Protium_tenuifolium,0.461,18.6,0.381,AM
Protium_trifoliolatum,0.411,22.76,0.376,AM
Protium_unifoliolatum,0.665,7.73,0.507,AM
Protium_urophyllidium,0.438,14.7,0.452,AM
Pseudolmedia_laevigata,0.644,10.41,0.365,AM
Pseudolmedia_laevis,0.315,33.74,0.45,AM
Palicourea_amplectens,0.223,56.41,0.444,AM
Palicourea_hoffmannseggiana,0.492,15.5,0.459,AM
Carapichea_pacimonica,0.459,26.0,0.233,AM
Palicourea_dichotoma,0.44,19.71,0.332,AM
Psychotria_rhombibractea,0.406,12.33,0.483,AM
Palicourea_spicata,0.529,7.34,0.554,AM
Chassalia_subnuda,0.328,29.52,0.367,AM
Rhodostemonodaphne_crenaticupula,0.703,7.99,0.382,AM
Rhodostemonodaphne_paniculata,0.714,4.67,0.479,AM
Rhodostemonodaphne_parvifolia,0.999,4.17,0.407,AM
Rudgea_cornifolia,0.349,27.21,0.336,AM
Rudgea_lanceifolia,0.543,39.97,0.122,AM
Scleronema_micranthum,0.738,7.92,0.365,AM
Simira_rubescens,0.308,22.25,0.552,AM
Sorocea_guilleminiana,0.394,30.45,0.412,AM
Sorocea_pubivena,0.275,21.6,0.739,AM
Sorocea_muriculata,0.643,8.54,0.469,AM
Stachyarrhena_acuminata,0.376,20.89,0.416,AM
Trymatococcus_amazonicus,0.581,7.46,0.531,AM
Zygia_inaequalis,0.367,26.16,0.362,AM
Handroanthus_ochraceus,0.565735,18.95970639,0.186353703,AM
Handroanthus_ochraceus,0.536795,18.73990474,0.194238541,AM
Handroanthus_ochraceus,0.73272,10.59775569,0.191885904,AM
Handroanthus_ochraceus,0.730296,10.59325975,0.189080869,AM
Handroanthus_ochraceus,0.659611,13.28803668,0.186759957,AM
Handroanthus_ochraceus,0.681217,9.116753075,0.222865625,AM
Handroanthus_ochraceus,0.661368,13.9055761,0.178229248,AM
Handroanthus_ochraceus,0.569603,11.14995846,0.253156644,AM
Handroanthus_ochraceus,0.721242,11.10835679,0.188287505,AM
Handroanthus_ochraceus,0.653834,10.52697997,0.230285704,AM
Handroanthus_ochraceus,0.732571,11.52207042,0.177138489,AM
Handroanthus_ochraceus,0.77437,8.291110858,0.217583507,AM
Handroanthus_ochraceus,0.827251,8.699748421,0.18781474,AM
Handroanthus_ochraceus,0.746007,8.377548604,0.23341572,AM
Handroanthus_ochraceus,0.641854,12.46833675,0.207761285,AM
Handroanthus_ochraceus,0.694252,11.12724159,0.205005478,AM
Handroanthus_ochraceus,0.701452,11.23841295,0.201585652,AM
Handroanthus_ochraceus,0.803668,9.760795206,0.174063724,AM
Handroanthus_ochraceus,0.59068,16.60823647,0.189008737,AM
Handroanthus_ochraceus,0.792372,9.594142975,0.16931434,AM
Handroanthus_ochraceus,0.756098,11.14590915,0.173732197,AM
Handroanthus_ochraceus,0.690079,12.16307804,0.192855244,AM
Handroanthus_ochraceus,0.74209,8.119724825,0.243277416,AM
Handroanthus_ochraceus,0.676694,13.40226482,0.173280372,AM
Handroanthus_ochraceus,0.728336,12.29756739,0.164835646,AM
Handroanthus_ochraceus,0.663784,13.05536576,0.189213977,AM
Handroanthus_ochraceus,0.787046,9.062286266,0.195055031,AM
Handroanthus_ochraceus,0.737797,8.65023984,0.23173474,AM
Handroanthus_ochraceus,0.731028,8.69935818,0.24033213,AM
Handroanthus_ochraceus,0.543998,16.68581163,0.213852061,AM
Handroanthus_ochraceus,0.725878,9.296334858,0.223716938,AM
Handroanthus_ochraceus,0.473974,27.64974746,0.173347013,AM
Handroanthus_ochraceus,0.42977,28.52615844,0.204368432,AM
Handroanthus_ochraceus,0.52766,12.52068113,0.286947318,AM
Handroanthus_ochraceus,0.76299,11.63814176,0.15528025,AM
Handroanthus_ochraceus,0.47256,19.85314631,0.219993879,AM
Handroanthus_ochraceus,0.547592,17.58274679,0.193361306,AM
Handroanthus_ochraceus,0.500682,17.71493683,0.215191062,AM
Handroanthus_ochraceus,0.678806,15.40533969,0.158646949,AM
Handroanthus_ochraceus,0.413364,29.89393787,0.211149701,AM
Handroanthus_ochraceus,0.546387,16.26527331,0.214752284,AM
Handroanthus_ochraceus,0.794231,7.333845469,0.237447182,AM
Handroanthus_ochraceus,0.804263,8.251822003,0.204772886,AM
Handroanthus_ochraceus,0.731986,10.97219194,0.192787473,AM
Handroanthus_ochraceus,0.626269,9.886539471,0.264332444,AM
Handroanthus_ochraceus,0.656214,11.04652039,0.223074123,AM
Handroanthus_ochraceus,0.644086,10.59656017,0.222408746,AM
Handroanthus_ochraceus,0.709264,7.903709439,0.272114894,AM
Handroanthus_ochraceus,0.705179,11.07095857,0.198138108,AM
Handroanthus_ochraceus,0.735794,8.361414779,0.2397101,AM
Handroanthus_ochraceus,0.67068,8.888446048,0.266784188,AM
Handroanthus_ochraceus,0.704753,13.1910741,0.167989544,AM
Handroanthus_ochraceus,0.64255,8.913159406,0.291416312,AM
Handroanthus_ochraceus,0.768613,9.186964138,0.199057214,AM
Handroanthus_ochraceus,0.608471,14.81705537,0.1867783,AM
Handroanthus_ochraceus,0.816926,7.468825709,0.204941287,AM
Handroanthus_ochraceus,0.586026,13.89735352,0.220402276,AM
Handroanthus_ochraceus,0.68872,9.734680777,0.220561053,AM
Handroanthus_ochraceus,0.698693,12.11565478,0.192638637,AM
Handroanthus_ochraceus,0.760364,9.333876443,0.209476388,AM
Handroanthus_ochraceus,0.678541,9.885150114,0.227207348,AM
Handroanthus_ochraceus,0.592966,9.512751066,0.31286363,AM
Handroanthus_ochraceus,0.702249,10.27351316,0.214036471,AM
Handroanthus_ochraceus,0.628602,14.26651726,0.190216695,AM
Handroanthus_ochraceus,0.544114,24.0291451,0.154221729,AM
Handroanthus_ochraceus,0.707943,9.203546164,0.224754845,AM
Handroanthus_ochraceus,0.666322,15.29373405,0.166128455,AM
Handroanthus_ochraceus,0.717129,7.926504471,0.249689073,AM
Handroanthus_ochraceus,0.639956,12.44164183,0.216979994,AM
Handroanthus_ochraceus,0.713491,6.955624272,0.282049995,AM
Handroanthus_ochraceus,0.610028,10.24126256,0.277684385,AM
Handroanthus_ochraceus,0.597345,15.25512803,0.181294241,AM
Handroanthus_ochraceus,0.618015,10.11488265,0.273283954,AM
Handroanthus_ochraceus,0.599409,13.92154772,0.207504241,AM
Handroanthus_ochraceus,0.686993,11.65656436,0.180515637,AM
Handroanthus_ochraceus,0.6093,14.37108404,0.201263622,AM
Handroanthus_ochraceus,0.69488,9.747347873,0.22007087,AM
Handroanthus_ochraceus,0.717104,10.01984611,0.207003137,AM
Handroanthus_ochraceus,0.901111,6.420507571,0.184080497,AM
Handroanthus_ochraceus,0.746196,7.518326226,0.239149248,AM
Handroanthus_ochraceus,0.647419,13.86966411,0.187390096,AM
Handroanthus_ochraceus,0.652479,12.05946629,0.220727267,AM
Handroanthus_ochraceus,0.704414,9.609298282,0.229980074,AM
Handroanthus_ochraceus,0.631103,13.41659389,0.216098515,AM
Handroanthus_ochraceus,0.740062,8.685169792,0.224091483,AM
Handroanthus_ochraceus,0.739066,8.855820348,0.228154747,AM
Handroanthus_ochraceus,0.666566,9.584048234,0.228378671,AM
Handroanthus_ochraceus,0.63982,10.36266677,0.265331421,AM
Handroanthus_ochraceus,0.743855,8.333673023,0.230190424,AM
