binominal,F00679,F00727,F00709,state
Larix_gmelinii,-1.1412749730940885,3.4723256299638976,-1.037651313072009,EcM
Larix_gmelinii,-0.8878122362547063,3.2379257987958034,-1.2232035759627358,EcM
Larix_gmelinii,-0.6393762259091327,2.563473486592024,-0.960092931025175,EcM
Larix_gmelinii,-0.16608426599844206,1.8325922321703305,-1.0957586162670818,EcM
Larix_gmelinii,-1.1794425658931442,3.544299066102475,-0.9600931034131766,EcM
Larix_gmelinii,-0.7778319534658232,3.2749669936268866,-1.3470729441207032,EcM
Larix_gmelinii,-0.6393762259091327,2.6688334993542164,-1.0457482881355626,EcM
Larix_gmelinii,-0.22423277430225028,1.8325922438502045,-1.0621420440108447,EcM
Larix_gmelinii,-0.9696420398881583,3.778492236803429,-1.0621423159115546,EcM
Larix_gmelinii,-0.8879512965447733,3.3280767132457116,-1.3146376966817688,EcM
Larix_gmelinii,-0.6857773009616843,2.9052213373347584,-1.2628125508137997,EcM
Larix_gmelinii,-0.4593898844408687,2.158011494651604,-1.021650730865448,EcM
Larix_gmelinii,-1.1631484610084393,3.256617305650383,-0.7827591645621477,EcM
Larix_gmelinii,-0.8948839385092799,3.117781755858565,-1.1574522550548219,EcM
Larix_gmelinii,-0.39589373766528435,2.4031316860971894,-1.175801274581675,EcM
Larix_gmelinii,-1.2023690776499518,3.58512100390811,-1.0059026218138782,EcM
Larix_gmelinii,-0.865896478753119,3.1796570170571044,-1.1758013782853163,EcM
Larix_gmelinii,-0.5500440158552989,2.599840945709749,-0.9526579604895608,EcM
Larix_gmelinii,-0.039219462594063226,1.6655402140282303,-1.053911554832324,EcM
Larix_gmelinii,-0.9872581863890928,3.5442990571469273,-1.3920245955990875,EcM
Larix_gmelinii,-0.783658635682982,3.179657009985118,-1.1305448242668248,EcM
Larix_gmelinii,-0.5500440158552989,2.5634734781179884,-0.8881195035186316,EcM
Larix_gmelinii,-0.20173805611113824,1.6655402140282303,-0.6268244333508033,EcM
Fraxinus_mandshurica,-1.2431907665496678,4.367498731632903,-1.4644471511467123,AM
Fraxinus_mandshurica,-0.9555082980323881,3.733541156950118,-1.2851976104025689,AM
Fraxinus_mandshurica,-0.7323649937174316,2.8229835417133526,-1.0569390728595132,AM
Fraxinus_mandshurica,-0.15856597507992376,1.6655402140282303,-0.8917707439386596,AM
Fraxinus_mandshurica,-1.4255117936385533,4.718670474427578,-1.5542509845850614,AM
Fraxinus_mandshurica,-1.1254066847337465,3.931071881666533,-1.3164501252131633,AM
Fraxinus_mandshurica,-0.924736174439933,3.310685259845861,-1.2254783054891765,AM
Fraxinus_mandshurica,-0.39589359206557445,2.2633712008255014,-1.1600344195979155,AM
Fraxinus_mandshurica,-1.0890404918261392,4.6382701071772265,-1.796023185963463,AM
Fraxinus_mandshurica,-0.9555082850324292,3.912023711227897,-1.7460123189039025,AM
Fraxinus_mandshurica,-0.7836581102107769,3.2566181715453064,-1.476792418977393,AM
Fraxinus_mandshurica,-0.45095321734164934,2.486513279300673,-1.2648921545705274,AM
Fraxinus_mandshurica,-1.2735162023248026,4.3045849515679055,-1.3581230608199506,AM
Fraxinus_mandshurica,-1.0005500220583838,3.7219803531444806,-1.336143892108567,AM
Fraxinus_mandshurica,-0.6625304623806976,3.0288348774558798,-1.3920241249097502,AM
Fraxinus_mandshurica,-0.06197492569151144,1.7525504781527366,-1.0704408367015787,AM
Fraxinus_mandshurica,-1.3631022493277454,4.600350904182094,-1.451213438926633,AM
Fraxinus_mandshurica,-1.0681628462710795,3.8728030459225806,-1.427115580640446,AM
Fraxinus_mandshurica,-0.8688078003325326,3.2929857253629207,-1.242811911899889,AM
Fraxinus_mandshurica,-0.35735010180652044,2.3121610141606936,-1.0788090760779836,AM
Fraxinus_mandshurica,-1.0789842207241744,4.6382701071772265,-1.7307981323417965,AM
Fraxinus_mandshurica,-0.9685362795109502,3.8926056488256804,-1.6682773654878849,AM
Fraxinus_mandshurica,-0.78646850784326,3.237926086070723,-1.4759054941851038,AM
Fraxinus_mandshurica,-0.4102705663498681,2.312161008217875,-1.1217340696856577,AM
Populus_trichocarpa,-1.9452536585923408,6.10293357642438,-1.7761199190541603,EcMAM
Populus_trichocarpa,-1.3877760142259434,5.114324656955772,-1.8323548206837899,EcMAM
Populus_trichocarpa,-0.8554651773048814,4.106333728912807,-1.7640441068257002,EcMAM
Populus_trichocarpa,-0.3748144327595972,3.4251016204781424,-1.6538189306891906,EcMAM
Populus_tremula,-1.7400416405679324,5.800378458671997,-1.7761199190541603,EcMAM
Populus_tremula,-1.252364337459278,4.759302084210405,-1.8323255464979233,EcMAM
Populus_tremula,-0.39861300448142045,3.484890973969334,-1.5591689279728889,EcMAM
Populus_tremula,-0.18367031475918513,2.9915347924430256,-1.4637786586507717,EcMAM
Populus_tremula,-1.6874789813903632,5.794829453860348,-1.9028633062265587,EcMAM
Populus_tremula,-1.195002048809636,4.680047866768683,-1.969554170909163,EcMAM
Populus_tremula,-0.3477055084333058,2.969784968503632,-1.5136587562527533,EcMAM
Populus_tremula,-1.7827890163183127,5.794843260987544,-1.6111572496475965,EcMAM
Populus_tremula,-1.3607938798213866,4.798545902310933,-1.5640895836380366,EcMAM
Populus_tremula,-0.5158421739727779,3.7030748665478157,-1.6668989038107211,EcMAM
Populus_tremula,-0.5158421203712245,3.0710869812455988,-1.4298401785466146,EcMAM
Populus_trichocarpa,-1.9453028864765618,5.774003856459684,-1.4920363050677947,EcMAM
Populus_trichocarpa,-1.5204221830015583,4.829105160044688,-1.4973982405838109,EcMAM
Populus_trichocarpa,-0.9943311413187288,3.684342335188662,-1.4399412567393708,EcMAM
Populus_trichocarpa,-0.25131375042399295,2.586433917178189,-1.3808108033417794,EcMAM
Populus_trichocarpa,-1.8607461021630376,5.36312628643707,-1.4973982405838109,EcMAM
Populus_trichocarpa,-1.223171967743075,4.239615332523669,-1.6927067125189181,EcMAM
Populus_trichocarpa,-0.709494783452763,3.376952409265961,-1.558358855493753,EcMAM
Populus_trichocarpa,-0.7354701989697845,3.289759355292622,-1.3808108033417794,EcMAM
Cinnamomum_micranthum,-0.6880441253228636,3.184284889829301,-1.5633445623534656,AM
Cinnamomum_micranthum,-0.5748937400057409,2.4844814727463844,-1.0545866597488902,AM
Cinnamomum_micranthum,-0.5752701457660636,2.040191158406401,-0.6275757686627412,AM
Cinnamomum_micranthum,-0.47359487325001126,0.7210022833002079,0.5882124586835239,AM
Cinnamomum_micranthum,-0.352117693994808,0.6424938744940683,0.5879121398075915,AM
Magnolia_odora,-0.6911676531178383,3.1948171028767254,-1.5789556774645264,AM
Magnolia_odora,-0.6330156101557367,2.6925730881060033,-1.1703635495870646,AM
Magnolia_odora,-0.5255382049541608,2.211948525370402,-0.9689539325760892,AM
Magnolia_odora,-0.5006959938063499,1.769462514040931,-0.3338750775604446,AM
Magnolia_odora,-0.026452951503161036,0.34796603766310735,0.1661173566858572,AM
Cinnamomum_chekiangense,-0.694258888278042,3.1433109627963254,-1.5393122161688308,AM
Cinnamomum_chekiangense,-0.5277620029785745,2.627613857853244,-1.34515717787682,AM
Cinnamomum_chekiangense,-0.38503885471893,1.6565314673184548,-0.617996133883362,AM
Cinnamomum_chekiangense,-0.12573672101845806,0.4254744591335608,0.0707922224835611,AM
Cinnamomum_chekiangense,-0.06501442529532613,-0.24532043818531757,0.7728006849652532,AM
Castanopsis_fabri,-1.0451477322269636,3.4573368618988622,-0.8121929153354241,EcM
Castanopsis_fabri,-0.5922456470032972,2.063599487877841,-0.6230251033990981,EcM
Castanopsis_fabri,-0.5836644690379327,1.186363879326438,0.181120129535835,EcM
Castanopsis_fabri,-0.275393662515535,0.3989543282384026,0.4584927525740951,EcM
Castanopsis_fabri,-0.050649214483129916,-0.2971245769106022,0.5222918514034679,EcM
Liquidambar_gracilipes,-0.8076354230135604,2.566897930067926,-0.6281640895082243,AM
Liquidambar_gracilipes,-0.48278698123632663,1.6422985165584874,-0.4498492489199464,AM
Liquidambar_gracilipes,-0.31782603478610305,0.7870832080128829,0.11826995975626708,AM
Liquidambar_gracilipes,-0.20061205518152608,0.2639532959034348,0.28841141441725676,AM
Liquidambar_gracilipes,-0.026061443386930047,-0.1619348565721678,0.41093429215144506,AM
Castanopsis_carlesii,-1.0115007386959607,3.253238806402082,-0.9101453435136223,EcM
Castanopsis_carlesii,-0.61639739321781,2.4026359787824463,-0.8552418189054724,EcM
Castanopsis_carlesii,-0.3844784776087296,1.406789007738985,-0.40223766839925823,EcM
Castanopsis_carlesii,-0.3203034755914962,0.7656268867006171,0.0725544026321508,EcM
Liquidambar_obovata,-1.1718990345819649,3.918454412918559,-1.8412382886661038,AM
Liquidambar_obovata,-1.0968465345299236,3.6047975247360227,-1.3658146532905555,AM
Liquidambar_obovata,-0.9373341266540467,3.011735512404171,-1.0647098095928584,AM
Liquidambar_obovata,-0.6929333134311502,2.269802608997459,-1.3131706546253006,AM
Liquidambar_obovata,-0.4433776236452068,1.7589831893689134,-1.365814206534424,AM
Elaeocarpus_sylvestris,-1.4665896376862648,4.572380571398412,-1.1265849067751068,AM
Elaeocarpus_sylvestris,-1.367060687804198,3.87923442768438,-0.9336815976565842,AM
Elaeocarpus_sylvestris,-1.275535593080402,3.432948484234262,-0.6072854865359127,AM
Elaeocarpus_sylvestris,-1.249586168870948,3.2630500491027465,-0.594706719746768,AM
Elaeocarpus_sylvestris,-1.16871059842687,2.7398045357342395,-0.43343875509740004,AM
Endospermum_chinense,-0.7057189187409817,3.918455072860308,-1.9809974268747523,AM
Endospermum_chinense,-0.5951108963208277,3.432948510067533,-1.6094353724373263,AM
Endospermum_chinense,-0.4422781679062978,3.102708099794941,-1.3932129152162482,AM
Endospermum_chinense,-0.2009754262211864,2.739804592567251,-1.3391458332220347,AM
Aristotelia_serrata,-1.171182981502945,3.169685580677429,-0.5978370007556204,AM
Ascarina_lucida,-0.6348782724359695,3.100092288878234,-1.6094379124341003,AM
Asplenium_bulbiferum,-0.843970070294529,3.459466289786131,-1.6094379124341003,NMAM
Astelia_fragrans,-0.06187540371808753,2.5572273113676265,-2.4079456086518722,AM
Astelia_nervosa,-0.05129329438755058,2.6741486494265287,-2.4079456086518722,AM
Blechnum_lanceolatum,-0.8915981192837836,3.4781584227982836,-1.5606477482646683,AM
Blechnum_discolor,-1.0216512475319814,3.269568939183719,-1.2039728043259361,AM
Blechnum_fluviatilis,-1.171182981502945,3.758871825933971,-1.2378743560016174,AM
Blechnum_novae-zelandiae,-1.1086626245216111,3.332204510175204,-0.9675840262617056,AM
Blechnum_procerum,-1.3093333199837622,3.4372078191851885,-0.6348782724359695,AM
Carpodetus_serratus,-0.8209805520698302,3.55820113047182,-1.7719568419318752,AM
Coprosma_ciliata,-1.6094379124341003,4.516338972281476,-1.0788096613719298,AM
Coprosma_foetidissima,-0.9942522733438669,3.7954891891721947,-1.5606477482646683,AM
Coprosma_lucida,-0.7985076962177716,3.258096538021482,-1.4696759700589417,AM
Coprosma_rhamnoides,-1.6094379124341003,5.064491966886966,-1.6094379124341003,AM
Coriaria_arborea,-1.171182981502945,3.3105430133940246,-0.7765287894989963,AM
Cyathea_smithii,-1.171182981502945,3.40452517175483,-0.916290731874155,AM
Dacrydium_cupressinum,-0.7133498878774648,2.424802725718295,-1.4271163556401458,AM
Dicksonia_squarrosa,-1.0216512475319814,3.250374491927572,-1.0498221244986778,AM
Gahnia_procera,-1.1394342831883648,4.072439726834051,-1.6607312068216509,NMAM
Gahnia_xanthocarpa,-0.7765287894989963,3.8199077165203406,-2.3025850929940455,NMAM
Hedycarya_arborea,0.0,2.2925347571405443,-2.120263536200091,AM
Lepidothamnus_intermedius,-1.2378743560016174,3.068052935133617,-0.9942522733438669,AM
Leptecophylla_juniperina,-2.3025850929940455,4.853591544486569,-0.342490308946776,ErM
Leptospermum_scoparium,-1.5606477482646683,4.514150787600923,-1.2039728043259361,EcMAM
Lycopodium_volubile,-0.8209805520698302,4.0163830207523885,-2.3025850929940455,AM
Manoao_colensoi,-0.7550225842780328,2.9391619220655967,-1.6607312068216509,AM
Melicytus_ramiflorus,-1.0788096613719298,3.367295829986474,-1.0216512475319814,AM
Metrosideros_diffusa,-1.7719568419318752,4.439115601658009,-0.6931471805599453,AM
Metrosideros_fulgens,-1.6607312068216509,4.33729074083249,-0.7765287894989963,AM
Metrosideros_umbellata,-1.171182981502945,3.068052935133617,-0.7550225842780328,AM
Myrsine_australis,-0.941608539858445,3.1612467120315646,-1.0788096613719298,AM
Myrsine_divaricata,-0.7339691750802004,3.131136910560194,-1.4696759700589417,AM
Neomyrtus_pedunculata,-1.5606477482646683,3.744787086052232,-0.3856624808119846,AM
Olearia_avicenniaefolia,-0.7339691750802004,2.9856819377004897,-1.3093333199837622,AM
Phyllocladus_trichomanoides,-1.0216512475319814,2.9496883350525844,-0.9942522733438669,AM
Podocarpus_laetus,-0.4942963218147801,2.33214389523559,-1.7147984280919266,AM
Polystichum_chilense,-1.2039728043259361,3.7773481021015445,-1.2378743560016174,AM
Pectinopitys_ferruginea,-0.37106368139083207,1.7749523509116738,-1.7147984280919266,AM
Neopanax_colensoi,-0.8209805520698302,3.104586678466073,-1.2729656758128873,AM
Pseudopanax_crassifolius,-0.4155154439616658,2.6461747973841225,-1.6094379124341003,AM
Pseudowintera_colorata,-0.020202707317519466,1.824549292051046,-1.6094379124341003,AM
Quintinia_serrata,-1.3093333199837622,3.517497837358316,-0.6931471805599453,AM
Raukaua_simplex,-1.0216512475319814,3.459466289786131,-1.2039728043259361,AM
Schefflera_digita,-1.1086626245216111,3.9180050771056933,-1.5606477482646683,AM
Sticherus_cunninghamii,-1.2378743560016174,2.8213788864092133,-0.1743533871447778,AM
Pterophylla_racemosa,-1.4696759700589417,3.7256934272366524,-0.616186139423817,AM
Vaccinium_corymbosum,-2.9752793675387763,6.73351651788659,-1.364933231272914,ErM
Vaccinium_corymbosum,-2.673669151404082,5.87838999126735,-1.37896225085646,ErM
Vaccinium_corymbosum,-2.459498574177955,5.5355895482437205,-0.9402589432814309,ErM
Vaccinium_corymbosum,-2.289186101750601,4.115137133838797,-0.8623101469882813,ErM
Vaccinium_corymbosum,-1.9657862739923784,3.2246774289702085,-0.6987586695557377,ErM
Tristaniopsis_elliptica,-1.2344320118106447,3.769329771011237,-0.9314043696842031,EcMAM
Tristaniopsis_elliptica,-1.2378743560016174,3.648265771228639,-0.9014021193804044,EcMAM
Tristaniopsis_elliptica,-1.2241755116434554,3.9835619662104618,-1.18090753139494,EcMAM
Tristaniopsis_elliptica,-1.1583622930738837,3.4090994115580093,-0.8029620465671519,EcMAM
Agathis_kinabaluensis,-0.27971390280260405,2.410093300709331,-1.575036485716768,AM
Agathis_kinabaluensis,-0.3915622029391729,2.5234059489386103,-1.4740332754278973,AM
Agathis_kinabaluensis,-0.3509769228240947,2.516486062941323,-1.565421027017326,AM
Agathis_kinabaluensis,-0.16841865162496325,2.2320553268035184,-1.6094379124341003,AM
Xanthophyllum_tenue,-0.8486320834003402,3.173334377897823,-1.18090753139494,AM
Xanthophyllum_tenue,-0.6254885320861304,3.2300135692786567,-1.7372712839439852,AM
Xanthophyllum_tenue,-0.9781661355922425,3.2623949787816966,-1.0498221244986778,AM
Xanthophyllum_tenue,-0.9063404010209869,3.244075625889943,-1.1647520911726548,AM
Pterophylla_faxinea,-1.4696759700589417,4.404179439315015,-1.1177951080848836,AM
Pterophylla_faxinea,-1.523260216193048,4.4557416724961625,-1.058430499035278,AM
Pterophylla_faxinea,-1.4740332754278973,4.319246566551174,-1.0106014113453965,AM
Pterophylla_faxinea,-1.374365790254617,4.290034693421599,-1.2207799226423173,AM
Podocarpus_gibbsii,-0.4338645826298623,2.5198715248238575,-1.1615520884419839,AM
Podocarpus_gibbsii,-0.5586162876023393,2.7335879848900486,-1.3509272172825992,AM
Podocarpus_gibbsii,-0.5673959752543851,2.9734866646066713,-1.410587053688935,AM
Podocarpus_gibbsii,-0.32158362412746233,2.443476831691527,-1.5005835075220182,AM
Dacrydium_pectinatum,-0.6772738314036552,2.802632843588158,-1.194022473472768,AM
Dacrydium_pectinatum,-0.6180397080731398,2.6449683962159134,-1.1488535051048565,AM
Dacrydium_pectinatum,-0.4877603508349946,2.68614536571416,-1.4354846053106625,AM
Dacrydium_pectinatum,-0.5499130124740376,2.681363935839704,-1.305636458102436,AM
Quercus_lowii,-1.018877320649256,3.4859061095891097,-1.0729445419195318,EcM
Quercus_lowii,-0.9571127263944101,3.4109166627230656,-1.0817551716016867,EcM
Quercus_lowii,-1.1208578976154293,3.6070455598898,-1.016111067156366,EcM
Quercus_lowii,-0.9238189982949466,3.181962846844661,-1.0051219455807707,EcM
Syzygium_subdecussatum,-0.3915622029391729,2.242622751821363,-1.2039728043259361,AM
Syzygium_subdecussatum,-0.327116141697188,2.259573202400755,-1.3394107752210402,AM
Syzygium_subdecussatum,-0.48288625507674926,2.675664740958055,-1.4312917270506265,AM
Syzygium_subdecussatum,-0.5058380822549516,2.562176285279301,-1.3019532126861397,AM
Tetractomia_tetrandra,-0.7635696448564911,3.861276929710198,-2.071473372030659,AM
Tetractomia_tetrandra,-0.5851900390548529,3.3857791289337746,-1.9105430052180221,AM
Tetractomia_tetrandra,-0.7174398731289899,3.4965075614664802,-1.8078888511579385,AM
Tetractomia_tetrandra,-0.6891551592904078,3.7335659717363425,-2.071473372030659,AM
Syzygium_castaneum,-1.0671136216087387,3.7140353739950545,-1.3318061758358208,AM
Syzygium_castaneum,-0.9113031903631159,3.614209785776907,-1.5324768712979722,AM
Syzygium_castaneum,-0.8301130356331028,3.423350186303289,-1.4271163556401458,AM
Syzygium_castaneum,-0.8301130356331028,3.237187144639454,-1.3205066205818874,AM
Lithocarpus_rigidus,-0.6674794338113675,2.483655867886348,-0.8770700187208739,EcM
Lithocarpus_rigidus,-0.8416471888783893,3.304833313379072,-1.2344320118106447,EcM
Lithocarpus_rigidus,-0.6871651088823978,2.7946559402763884,-1.0671136216087387,EcM
Lithocarpus_rigidus,-0.23572233352106983,1.773595498600384,-0.9675840262617056,EcM
Dacrycarpus_imbricatus,-0.709276562489829,2.9983787684948964,-1.2552660987134867,AM
Dacrycarpus_imbricatus,-0.8255363686056909,3.150596984114906,-1.2173958246580767,AM
Dacrycarpus_imbricatus,-0.7360546815712219,3.02519398370361,-1.2982834837971773,AM
Dacrycarpus_imbricatus,-0.8416471888783893,3.516636932761646,-1.5896352851379207,AM
Phyllocladus_hypophyllus,-0.5293290953305504,3.255362033438611,-1.9173226922034008,AM
Phyllocladus_hypophyllus,-0.4525567156420149,2.808980919680651,-1.6144504542576446,AM
Phyllocladus_hypophyllus,-0.6311117896404926,3.047802765844993,-1.491654876777717,AM
Phyllocladus_hypophyllus,-0.6088060321261943,3.1672877501951056,-1.6607312068216509,AM
Dacrydium_gracile,-0.35953617621976464,2.172476407647025,-1.18090753139494,AM
Dacrydium_gracile,-0.8347107448817322,3.1318353565463313,-1.1973282616072674,AM
Dacrydium_gracile,-0.6124892775424908,2.7029706553589112,-1.2039728043259361,AM
Dacrydium_gracile,-0.6405547304407747,2.8731125600060805,-1.1679623668029029,AM
Dacrydium_gracile,-0.6217571844732723,3.1495686182688583,-1.5278579254416775,AM
Tristaniopsis_obovata,-1.0729445419195318,3.5236509747461593,-0.9571127263944101,EcMAM
Tristaniopsis_obovata,-1.2623083813388996,3.8793551751637603,-0.9969586349416099,EcMAM
Tristaniopsis_obovata,-1.2447947988461912,3.8648475369357156,-1.0700248318161971,EcMAM
Tristaniopsis_obovata,-1.0555527992076628,3.541567834509431,-1.1239300966523995,EcMAM
Payena_microphylla,-0.07149600170506992,1.7573405423575958,-1.3470736479666092,AM
Payena_microphylla,-0.27575350158650713,2.2566458610526006,-1.4312917270506265,AM
Payena_microphylla,-0.2678794451556012,2.211017899468555,-1.4188175528254507,AM
Payena_microphylla,-0.23698895813626278,2.260616608171544,-1.5141277326297755,AM
Lithocarpus_clementianus,-0.816445396904439,2.9233228580358506,-1.030019497202498,EcM
Lithocarpus_clementianus,-1.0078579253996456,3.4290395008902443,-1.0412872220488403,EcM
Lithocarpus_clementianus,-1.0498221244986778,3.861886935934349,-1.5141277326297755,EcM
Lithocarpus_clementianus,-0.5869869847315546,3.048656736861878,-1.4354846053106625,EcM
Syzygium_pachysepalum,-0.5108256237659907,2.5046275744002013,-1.1488535051048565,AM
Syzygium_pachysepalum,-0.7011793522572096,2.989663898152384,-1.3356012468043725,AM
Syzygium_pachysepalum,-0.6597124044737079,2.904055484982087,-1.3205066205818874,AM
Dacrycarpus_imbricatus,-0.6500876910994983,2.9330586790259323,-1.3862943611198906,AM
Dacrycarpus_imbricatus,-0.6991652528855083,3.090996997779772,-1.439695137847006,AM
Dacrycarpus_imbricatus,-0.5603660693261269,2.8874229700471394,-1.5095925774643841,AM
Dacrycarpus_imbricatus,-0.5327304591540407,2.733197994634862,-1.40649706843741,AM
Tristaniopsis_obovata,-1.1270117631898076,3.5268310021595375,-0.8533159327127666,EcMAM
Tristaniopsis_obovata,-1.1973282616072674,3.639032481719355,-0.5960204698292225,EcMAM
Tristaniopsis_obovata,-1.1026203100656484,3.4437458849081115,-0.7940730991499059,EcMAM
Tristaniopsis_obovata,-1.2694006096483912,3.9527809979003137,-1.1056369036050742,EcMAM
Syzygium_napiforme,-0.6069694843188929,2.7457312680698984,-1.171182981502945,AM
Syzygium_napiforme,-0.8770700187208739,3.5430441058903916,-1.5417792639602856,AM
Syzygium_napiforme,-0.8255363686056909,3.2784646162798583,-1.2946271725940668,AM
Syzygium_napiforme,-0.789658080940789,3.225732265664687,-1.155182640156504,AM
Syzygium_kunstleri,-0.9038682118755978,3.339038249753769,-1.241328590869705,AM
Syzygium_kunstleri,-0.8603830999358592,3.277748324379145,-1.2447947988461912,AM
Syzygium_kunstleri,-0.7486598904902041,3.2772202018424443,-1.5050778971098575,AM
Syzygium_kunstleri,-0.35953617621976464,2.8843536855706016,-1.870802676568508,AM
Lithocarpus_lampadarius,-0.5656338602609858,2.6894108968832717,-1.2106617924767327,EcM
Lithocarpus_lampadarius,-0.2510287548037454,2.2444261788205138,-1.248273063222516,EcM
Lithocarpus_lampadarius,-0.8051966843685682,3.062923523094314,-1.0023934309275668,EcM
Lithocarpus_lampadarius,-0.9339456671128757,3.2487840806068657,-1.0272222925814367,EcM
Phyllocladus_hypophyllus,-0.40346710544549125,2.939056096360434,-1.8263509139976741,AM
Phyllocladus_hypophyllus,-0.5727010274840783,2.720308098497712,-1.305636458102436,AM
Phyllocladus_hypophyllus,-0.623621117911335,2.995232148512309,-1.4828052615007343,AM
Phyllocladus_hypophyllus,-0.4764241970486583,2.7925138910470513,-1.5371172508544744,AM
Syzygium_castaneum,-0.7721903879003982,3.4638591427868666,-1.565421027017326,AM
Syzygium_castaneum,-0.6014799920341214,3.0140632302387145,-1.491654876777717,AM
Syzygium_castaneum,-0.8915981192837836,3.6445095063779958,-1.5371172508544744,AM
Syzygium_castaneum,-0.8818893051568227,3.4931686602009657,-1.4740332754278973,AM
Madhuca_endertii,-0.1743533871447778,1.9801735400211669,-1.324258970200438,AM
Madhuca_endertii,-0.18753512384684212,2.0421290067958564,-1.2946271725940668,AM
Madhuca_endertii,-0.45098562340997367,2.327082564594433,-1.155182640156504,AM
Madhuca_endertii,-0.12783337150988489,2.3869262414277967,-1.8388510767619055,AM
Lithocarpus_confertus,-0.6597124044737079,2.8046928261403132,-1.2241755116434554,EcM
Lithocarpus_confertus,-0.7194911558995473,3.002062197248861,-1.0700248318161971,EcM
Lithocarpus_confertus,-0.8698843590599994,3.611242184386784,-1.152013065395225,EcM
Lithocarpus_confertus,-0.8301130356331028,3.1073183700060087,-1.05268335677971,EcM
Lithocarpus_confertus,-0.3410828491788962,1.8537948601475076,-0.8141855089370014,EcM
Syzygium_castaneum,-0.8051966843685682,3.0857100796722228,-1.2173958246580767,AM
Syzygium_castaneum,-0.3340751120214915,2.1695107387687034,-1.152013065395225,AM
Syzygium_castaneum,-0.34531118528841737,2.1393600318910795,-1.18090753139494,AM
Syzygium_pachysepalum,-0.6558513958162484,2.793187601071002,-1.2106617924767327,AM
Syzygium_pachysepalum,-0.8509712657535126,3.1307875045468556,-1.1332037334377287,AM
Syzygium_pachysepalum,-0.8746690571833357,3.300787554063117,-1.2623083813388996,AM
Ternstroemia_coriacea,-0.3871341514234409,2.3660292655505804,-1.2694006096483912,AM
Ternstroemia_coriacea,-0.33687231664255274,2.128231705849268,-1.1841701770297564,AM
Ternstroemia_coriacea,-0.16016875215282134,1.7076529599310555,-1.1270117631898076,AM
Ternstroemia_coriacea,-0.23445731121448313,2.4168062370840686,-1.6766466621275504,AM
Lithocarpus_lampadarius,-0.9571127263944101,3.4298172318993414,-1.1874435023747254,EcM
Lithocarpus_lampadarius,-0.8029620465671519,3.313494856793937,-1.4188175528254507,EcM
Lithocarpus_lampadarius,-0.5960204698292225,2.41510988383589,-0.8770700187208739,EcM
Lithocarpus_lampadarius,-0.7830718880879323,2.8677284329696247,-1.0384583658483626,EcM
Magnolia_carsonii,-0.2970592342643779,2.7166795278002644,-1.8451602459551701,AM
Magnolia_carsonii,-0.11765804346823246,2.3460276508368825,-1.8078888511579385,AM
Magnolia_carsonii,-0.14966077455440627,2.5054443010055483,-1.7778565640590636,AM
Magnolia_carsonii,-0.09541018480465818,2.4758659051358514,-2.0325579557809856,AM
Cinnamomum_iners,-0.14966077455440627,2.2311964969063927,-1.6347557204183902,AM
Cinnamomum_iners,-0.18632957819149348,2.111666688974573,-1.4696759700589417,AM
Cinnamomum_iners,-0.2770718933397654,2.6199473195472374,-1.8140050781753747,AM
Cinnamomum_iners,-0.12556322297534575,2.2380465718564744,-1.6982691261407161,AM
Cinnamomum_iners,-0.07149600170506992,2.2887903819718565,-1.870802676568508,AM
Syzygium_napiforme,-1.0023934309275668,3.412829465891863,-1.1270117631898076,AM
Syzygium_napiforme,-1.0051219455807707,3.1156463702193284,-0.8556661100577202,AM
Syzygium_napiforme,-0.9519179095173061,3.290749875103919,-0.9888614247089905,AM
Syzygium_napiforme,-0.8509712657535126,3.2546289945740186,-1.171182981502945,AM
Syzygium_kunstleri,-0.43695577519953516,2.7191220150692597,-1.5417792639602856,AM
Syzygium_kunstleri,-0.32573014008931084,2.5197910516415023,-1.4961092271270973,AM
Syzygium_kunstleri,-0.6348782724359695,2.913545602566044,-1.2982834837971773,AM
Syzygium_kunstleri,-0.843970070294529,3.3195172229860503,-1.3625778345025745,AM
Fraxinus_excelsior,-0.7298111649315367,2.6053528028638673,-1.07587280169862,AM
Acer_pseudoplatanus,-1.1488535051048565,3.333560732946344,-0.789658080940789,AM
Acer_platanoides,-0.8301130356331028,2.7287021408330707,-0.5869869847315546,AM
Carpinus_betulus,-0.9834994815676051,3.090769688888743,-0.707246104939447,EcM
Tilia_cordata,-0.7592869830644903,2.3897714546729616,-0.5008752929128226,EcM
Fagus_sylvatica,-0.8891620644859025,3.3755376348815775,-0.4780358009429998,EcM
Fraxinus_excelsior,-0.6462635946610948,2.3906875412155912,-0.991553216374702,AM
Acer_pseudoplatanus,-1.1457038962019601,3.5487261851805267,-0.6753072624316143,AM
Acer_platanoides,-0.9314043696842031,2.923806533982402,-0.707246104939447,AM
Carpinus_betulus,-1.0133524447172864,2.868750811793201,-0.6655320135269719,EcM
Tilia_cordata,-0.5673959752543851,2.0088849482167017,-0.5744756508424468,EcM
Fagus_sylvatica,-0.7765287894989963,2.5274870973231187,-0.7194911558995473,EcM
Fraxinus_excelsior,-0.5327304591540407,2.3882121789614827,-0.9728610833625494,AM
Acer_pseudoplatanus,-1.0133524447172864,2.9689775362451716,-0.616186139423817,AM
Acer_platanoides,-0.7423374247507171,3.1281192615973166,-0.7721903879003982,AM
Carpinus_betulus,-0.6713856887784326,2.4498837800149253,-0.7765287894989963,EcM
Tilia_cordata,-0.4277107170554841,2.0063330698591977,-0.7381445464906811,EcM
Fagus_sylvatica,-0.7787050689215919,2.549210768455459,-0.623621117911335,EcM
Fraxinus_excelsior,-0.6329932577401982,2.4610407786860184,-1.0788096613719298,AM
Acer_pseudoplatanus,-1.0996127890016931,3.108793065838005,-0.7113111511876165,AM
Acer_platanoides,-0.8770700187208739,2.6346906667477494,-0.5516476182862459,AM
Carpinus_betulus,-0.8770700187208739,2.7058477775470102,-0.7174398731289899,EcM
Tilia_cordata,-0.5762534290884459,2.0299886579603057,-0.6443570163905132,EcM
Fagus_sylvatica,-0.7787050689215919,2.508948644268238,-0.6520052372287701,EcM
Fraxinus_excelsior,-0.9843478065341427,3.491128883489728,-0.9921284923263156,AM
Fraxinus_excelsior,-0.7382195576721503,2.7979831848172827,-1.2499571355288495,AM
Fraxinus_excelsior,-0.3498880996141025,1.796539849813431,-1.1387315801419922,AM
Acer_pseudoplatanus,-1.3223499439271242,4.137269697670223,-0.9652210544903232,AM
Acer_pseudoplatanus,-1.1976870180056292,3.1402687488155965,-0.516459435589708,AM
Acer_pseudoplatanus,-0.9199121889410882,2.9666058754223132,-0.6427530462957256,AM
Acer_pseudoplatanus,-0.6874932422351212,2.6438336299109704,-0.6363632537203902,AM
Acer_platanoides,-1.1155014103466747,3.3947978251119246,-0.7581350549082166,AM
Acer_platanoides,-0.8753370284279013,2.9492138455368857,-0.6363632556099865,AM
Acer_platanoides,-0.527739339289076,2.3073624552050327,-0.688662702877731,AM
Carpinus_betulus,-1.3223499439271242,3.718345652310577,-0.7799540882730243,EcM
Carpinus_betulus,-1.0560597523993638,3.0650454520705015,-0.6753291880157896,EcM
Carpinus_betulus,-0.3498880996141025,2.432525063425505,-0.8022597619767132,EcM
Tilia_cordata,-1.163224834945474,3.5012812495682604,-0.574615307130344,EcM
Tilia_cordata,-0.691288668663581,2.4026715011657256,-0.580621322789888,EcM
Tilia_cordata,-0.4895484648450503,1.6787577553134128,-0.45616725410046804,EcM
Tilia_cordata,-0.23100284985006134,1.2087606500782087,-0.5278231822488477,EcM
Acer_saccharum,-1.0671136216087387,4.105576480731792,-2.4534079827286295,AM
Acer_saccharum,-1.00035191950059,3.180235332474294,-1.9661128563728327,AM
Acer_saccharum,-0.08433314846575074,1.641616272868191,-1.171182981502945,AM
Aesculus_hippocastanum,-0.7946263495097992,2.9681133790740706,-1.8325814637483102,AM
Aesculus_hippocastanum,-0.7339691750802004,2.2955116601484873,-1.4271163556401458,AM
Aesculus_parviflora,-1.0286199168480747,3.765795811381385,-2.2633643798407643,AM
Aesculus_parviflora,-0.5438654778441908,2.978210387987943,-1.6607312068216509,AM
Aesculus_parviflora,-0.141909246182693,1.932614634107529,-1.3470736479666092,AM
Asimina_triloba,-0.13620161736069183,2.6063650194187096,-1.7897614665653818,AM
Asimina_triloba,-0.1427163022015952,2.3603584349491626,-1.8325814637483102,AM
Catalpa_bignonioides,-0.8580218237501793,3.6179882480008594,-2.198225077669803,AM
Catalpa_bignonioides,-0.531879032963823,2.897669365467249,-2.0402208285265546,AM
Cercidiphyllum_japonicum,-0.9996723408132061,3.3087824060399065,-1.8325814637483102,AM
Cercidiphyllum_japonicum,-0.7102933393949158,2.6346959540571087,-1.5606477482646683,AM
Chionanthus_virginicus,-0.34213825824783967,2.6306583927992264,-1.8078888511579385,AM
Chionanthus_virginicus,-0.1275493209469752,2.120015582662153,-1.7147984280919266,AM
Cornus_florida,-0.7097848217129685,3.66479496732758,-2.111964733385396,AM
Cornus_florida,-0.5784801055818194,3.228254352669198,-1.8325814637483102,AM
Cornus_florida,-0.08115582696100887,1.617890871300025,-1.1086626245216111,AM
Diospyros_virginiana,-0.40047756659712525,3.193815513985097,-2.0874737133771,AM
Diospyros_virginiana,-0.35489082214523093,2.840446696641256,-1.9661128563728327,AM
Fraxinus_americana,-1.1347577353044629,3.661803344813233,-1.9661128563728327,AM
Fraxinus_americana,-0.8312604826895795,3.133737351807633,-1.6094379124341003,AM
Fraxinus_americana,-0.0423596344161297,1.3245280711295349,-0.9942522733438669,AM
Gleditsia_triacanthos,-0.5481814103097596,3.0040282416539243,-2.0099154790312257,AM
Gleditsia_triacanthos,-0.5070826374871564,2.8455073677820515,-1.8325814637483102,AM
Gleditsia_triacanthos,-0.05924588521070958,1.664848083543434,-1.1394342831883648,AM
Halesia_tetraptera,-1.03469897230532,3.922466893669746,-2.364460496712133,AM
Halesia_tetraptera,-1.0817551716016867,3.413904881626196,-2.120263536200091,AM
Hamamelis_virginiana,-0.7179522994789165,3.1902631465502296,-1.6660082639224947,AM
Hamamelis_virginiana,-0.6033064765601558,2.6422465386774543,-1.4696759700589417,AM
Hamamelis_virginiana,-0.0057414506291139904,1.489636085639465,-1.0788096613719298,AM
Ilex_opaca,-1.0533999458465617,3.7947683653962034,-2.234926444520231,AM
Ilex_opaca,-0.8675005677047231,3.3184687841024374,-1.8971199848858813,AM
Ilex_opaca,-0.04979441826381468,1.7898777716116878,-1.2729656758128873,AM
Juglans_nigra,-0.8278220838865469,3.441410768618393,-1.903808973036678,AM
Juglans_nigra,-0.36456311678773856,2.8259818716378087,-1.5141277326297755,AM
Juglans_nigra,-0.02395122423664779,1.3552985070888592,-1.0216512475319814,AM
Koelreuteria_paniculata,-1.037046933009955,4.580223549111283,-2.7806208939370456,AM
Koelreuteria_paniculata,-0.7123299999767193,3.850090738391243,-2.2072749131897207,AM
Koelreuteria_paniculata,-0.27410795242466307,2.168503804061401,-1.3470736479666092,AM
Liquidambar_styraciflua,-0.7391911190613522,3.4570039683064224,-1.9105430052180221,AM
Liquidambar_styraciflua,-0.45610072407674407,2.7808145533838444,-1.5141277326297755,AM
Liriodendron_tulipifera,-0.15928885768338194,2.720512028970178,-2.047942874620465,AM
Liriodendron_tulipifera,-0.11737686815357248,2.336833696440294,-1.9661128563728327,AM
Magnolia_acuminata,-0.017400514680167335,2.516291906023842,-1.9589953886039688,AM
Magnolia_acuminata,-0.010302892995897034,2.06178591051212,-1.8325814637483102,AM
Magnolia_denudata,-0.21753431254969915,3.0398184388675085,-2.198225077669803,AM
Magnolia_denudata,-0.08229524272683016,2.4296587656057844,-2.0402208285265546,AM
Magnolia_kobus,-0.443946094926446,3.307793404565167,-2.1037342342488805,AM
Magnolia_kobus,-0.4636240222816965,2.666343280428055,-1.7719568419318752,AM
Magnolia_stellata,-0.312658058521958,3.439315137422523,-2.3434070875143007,AM
Magnolia_stellata,-0.22002342397796612,2.907732490069741,-2.2072749131897207,AM
Magnolia_tripetala,-0.1872336011549752,2.890176038744421,-2.0024805005437076,AM
Nyssa_sylvatica,-0.12972911046985044,2.6080681658227656,-1.851509473633829,AM
Platanus_occidentalis,-0.7200046347298279,2.4830207392427712,-1.903808973036678,AM
Platanus_occidentalis,-0.8770700187208739,3.17512023573058,-1.8971199848858813,AM
Populus_deltoides,-1.0861897686695525,4.468838223998952,-2.7181005369557116,EcMAM
Populus_deltoides,-1.0455455677314176,3.8842482719291214,-2.2072749131897207,EcMAM
Populus_deltoides,-0.12465660459955569,2.09358924306722,-1.5606477482646683,EcMAM
Prunus_sargentii,-1.2909841813155656,4.399892411996348,-2.2730262907525014,AM
Prunus_sargentii,-0.9588503549886032,3.4683971772155173,-1.7147984280919266,AM
Prunus_sargentii,-0.07454396102921446,1.6497165388766561,-1.171182981502945,AM
Sassafras_albidum,-0.11400891661186734,3.021134390484182,-2.2730262907525014,NMAM
Sassafras_albidum,-0.07095908894049391,2.501790667508658,-2.2072749131897207,NMAM
Styphnolobium_japonicum,-0.7308490477439569,3.6059764914750314,-1.870802676568508,AM
Styphnolobium_japonicum,-0.2984060358147566,3.0428447931691824,-1.7147984280919266,AM
Syringa_reticulata,-1.194022473472768,4.4989036933904,-2.551046452292545,AM
Syringa_reticulata,-1.2199328239046654,3.7135565617060573,-2.3025850929940455,AM
Ulmus_americana,-1.4146938356415886,4.273461414431382,-2.563949857128453,AM
Ulmus_americana,-0.9768372317421887,3.5756411147256175,-1.7719568419318752,AM
Ulmus_americana,-0.15487177308585492,1.9012850718559773,-1.171182981502945,AM
Acer_fabri,-1.7147984280919266,5.340418542566672,-1.6607312068216509,AM
Schima_superba,-1.6607312068216509,5.190732155868099,-1.5141277326297755,AM
Choerospondias_axillaris,-1.4696759700589417,4.577798989191959,-1.3862943611198906,AM
Acer_coriaceifolium,-1.4271163556401458,4.870606649492553,-1.7147984280919266,AM
Liquidambar_formosana,-1.4271163556401458,4.578826210648489,-1.4696759700589417,AM
Elaeocarpus_glabripetalus,-1.2729656758128873,4.33990170837321,-1.5141277326297755,AM
Alniphyllum_fortunei,-1.2378743560016174,4.450852825603734,-1.6607312068216509,AM
Cinnamomum_parthenoxylon,-1.171182981502945,4.316153890523174,-1.6094379124341003,AM
Cinnamomum_austro-sinensis,-0.9942522733438669,3.824284091120139,-1.5606477482646683,AM
Machilus_oculodracontis,-0.7550225842780328,3.3214324131932926,-1.5141277326297755,AM
Magnolia_yuyuanensis,-0.6733445532637656,3.5779478934066544,-1.9661128563728327,AM
Neolitsea_phanerophlebia,-0.6539264674066639,3.6054978451748854,-1.9661128563728327,AM
Cunninghamia_lanceolata,-0.527632742082372,2.954910279033736,-1.6607312068216509,AM
Taxus_chinensis,-0.23572233352106983,2.7343675094195836,-1.8971199848858813,AM
Acer_fabri,-1.6607312068216509,5.146912912388804,-1.5606477482646683,AM
Schima_superba,-1.4271163556401458,4.628886712605407,-1.4696759700589417,AM
Choerospondias_axillaris,-1.3093333199837622,4.3463994570307305,-1.4271163556401458,AM
Acer_coriaceifolium,-1.2729656758128873,4.441474093317302,-1.6094379124341003,AM
Liquidambar_formosana,-1.2729656758128873,4.400603020246817,-1.6094379124341003,AM
Elaeocarpus_glabripetalus,-1.1086626245216111,4.102643365036796,-1.5606477482646683,AM
Alniphyllum_fortunei,-1.1086626245216111,4.123903364463645,-1.6607312068216509,AM
Cinnamomum_parthenoxylon,-1.0216512475319814,4.067315889834181,-1.7147984280919266,AM
Cinnamomum_austro-sinensis,-0.7765287894989963,3.4468078929142076,-1.5606477482646683,AM
Machilus_oculodracontis,-0.579818495252942,2.928523523860541,-1.3862943611198906,AM
Magnolia_yuyuanensis,-0.4462871026284195,3.202746442938317,-2.0402208285265546,AM
Neolitsea_phanerophlebia,-0.527632742082372,3.2809112157876537,-1.8971199848858813,AM
Cunninghamia_lanceolata,-0.3856624808119846,2.760009940032921,-1.7719568419318752,AM
Taxus_chinensis,-0.06187540371808753,2.1400661634962708,-1.7147984280919266,AM
Acer_fabri,-1.5141277326297755,4.792479284293085,-1.4696759700589417,AM
Schima_superba,-1.2039728043259361,4.183575695950044,-1.5141277326297755,AM
Choerospondias_axillaris,-1.1394342831883648,4.131961425793407,-1.5606477482646683,AM
Acer_coriaceifolium,-0.9675840262617056,3.912023005428146,-1.6607312068216509,AM
Liquidambar_formosana,-0.941608539858445,3.6136169696133895,-1.3862943611198906,AM
Elaeocarpus_glabripetalus,-0.7765287894989963,3.1822118404966093,-1.3862943611198906,AM
Alniphyllum_fortunei,-0.941608539858445,3.6888794541139363,-1.5606477482646683,AM
Cinnamomum_parthenoxylon,-0.6931471805599453,3.5263605246161616,-1.7147984280919266,AM
Cinnamomum_austro-sinensis,-0.5108256237659907,2.9338568698359038,-1.5606477482646683,AM
Machilus_oculodracontis,-0.35667494393873245,2.424802725718295,-0.7765287894989963,AM
Magnolia_yuyuanensis,-0.16251892949777494,2.72785282839839,-2.120263536200091,AM
Neolitsea_phanerophlebia,-0.4462871026284195,2.9496883350525844,-1.6094379124341003,AM
Cunninghamia_lanceolata,-0.19845093872383832,2.4336133554004498,-1.7719568419318752,AM
Magnolia_acuminata,-0.31471074483970024,2.8622008809294686,-1.8971199848858813,AM
Liriodendron_tulipifera,-0.40047756659712525,2.9391619220655967,-1.8971199848858813,AM
Juglans_nigra,-0.8915981192837836,3.7062280924485496,-1.6607312068216509,AM
Fraxinus_americana,-0.8915981192837836,3.4781584227982836,-1.4696759700589417,AM
Acer_rubrum,-1.1086626245216111,4.238444906195857,-1.7719568419318752,AM
Magnolia_acuminata,-0.07257069283483537,3.4372078191851885,-2.120263536200091,AM
Liriodendron_tulipifera,-0.3856624808119846,3.068052935133617,-2.0402208285265546,AM
Juglans_nigra,-0.6733445532637656,3.4657359027997265,-1.8325814637483102,AM
Fraxinus_americana,-0.7985076962177716,3.4339872044851463,-1.5606477482646683,AM
Acer_rubrum,-1.1086626245216111,4.146304301152812,-1.6607312068216509,AM
Ardisia_quinquegona,-0.8675005677047231,3.0007198150650303,-1.0216512475319814,AM
Ardisia_quinquegona,-0.6348782724359695,2.9014215940827497,-1.4271163556401458,AM
Ardisia_quinquegona,-0.3011050927839216,2.3702437414678603,-1.5141277326297755,AM
Magnolia_macclurei,-0.588120720692542,2.8355635214011694,-1.4271163556401458,AM
Magnolia_yunnanensis,-0.3274768169962273,2.847232265235547,-1.5606477482646683,AM
Magnolia_lotungensis,-0.36118509941661847,2.485739636091892,-1.4271163556401458,AM
Magnolia_balansae,-0.5446582123024426,3.0037004432031678,-1.4696759700589417,AM
Magnolia_odora,-0.551612896666826,2.626116818339524,-1.4271163556401458,AM
Magnolia_fulva,-0.40936771337543165,2.9647574692545606,-1.4696759700589417,AM
Magnolia_cavaleriei,-0.29785362777327734,2.7343675094195836,-1.5141277326297755,AM
Manglietia_paruicula,-0.6853972886998859,3.0828269804049246,-1.6607312068216509,AM
Magnolia_champaca,-0.7689057449610968,2.990719731730447,-1.2378743560016174,AM
Magnolia_opipara,-0.5746888174329436,2.5392369943330477,-1.6607312068216509,AM
Magnolia_maudiae,-0.5749020294731245,2.882563575448353,-1.2378743560016174,AM
Liriodendron_chinense,-0.6327861228852524,2.949164637737656,-1.6607312068216509,AM
Magnolia_ernestii,-0.40255434848220273,2.8803214220426634,-1.5141277326297755,AM
Magnolia_grandiflora,-0.5450548153166509,2.2762411176544437,-1.4271163556401458,AM
Magnolia_baillonii,-0.5533852381847867,2.9616582932202395,-1.3093333199837622,AM
Magnolia_dandyi,-0.4720857954500601,2.872999508171694,-2.0402208285265546,AM
Magnolia_chapensis,-0.5502596930113978,3.1540172525197043,-1.7719568419318752,AM
Cryptocarya_chinensis,-0.2771246651807234,1.5953389880545987,-1.171182981502945,AM
Machilus_velutina,-0.7905174809562218,3.0809921175048145,-1.2729656758128873,AM
Machilus_kwangtungensis,-0.8534802654634799,3.475067230228611,-1.2039728043259361,AM
Litsea_cubeba,-0.9015745480384745,3.688629422858727,-0.8675005677047231,AM
Cinnamomum_camphora,-0.8776952141147921,3.566994266123812,-1.3093333199837622,AM
Litsea_verticillata,-0.6474283949149995,2.7466296830696852,-1.0498221244986778,AM
Cryptocarya_concinna,-0.7241219848593758,2.8992213731731473,-0.9942522733438669,AM
Machilus_robusta,-0.7361590711532363,2.8903717578961645,-1.3862943611198906,AM
Cinnamomum_micranthum,-1.1831902651434074,2.89977188240808,-1.1394342831883648,AM
Neolitsea_cassia,-0.6264422577659549,3.1245651453969594,-2.0402208285265546,AM
Litsea_baviensis,-0.34822503093608975,2.5664866367804233,-2.0402208285265546,AM
Cinnamomum_parthenoxylon,-0.8167848210181236,2.6864860231863696,-1.2729656758128873,AM
Ocotea_lancifolia,-1.0273340306674796,3.4035279970004377,-0.8209805520698302,AM
Orophea_creaghii,-0.9179420946233856,3.813527758679047,-0.941608539858445,AM
Helicia_formosana,-1.691407475301351,4.5830268213024015,-0.3285040669720361,NM
Syzygium_hancei,-1.9263428435627845,4.60816569496789,-1.0788096613719298,AM
Syzygium_levinei,-2.1311559773665145,4.777862193806203,-1.2378743560016174,AM
Eucalyptus_urophylla,-1.93489108257288,4.6654182663334485,-0.4620354595965587,EcMAM
Syzygium_globiflorum,-1.629079552689389,3.7106409458954492,-0.9942522733438669,AM
Microtropis_discolor,-0.7789447490587033,4.376888456817758,-1.1086626245216111,AM
Castanea_henryi,-1.7836127440922864,3.7125959807312525,-0.7133498878774648,EcM
Castanopsis_fissa,-1.5911069557493769,4.155909917880256,-0.616186139423817,EcM
Quercus_asymmetrica,-1.0583152319035727,3.810654511039857,-1.5606477482646683,EcM
Castanopsis_hystrix,-1.7868316309917582,4.257171777528256,-0.5978370007556204,EcM
Castanopsis_echinocarpa,-1.8113705148771706,4.402809173856411,-0.6348782724359695,EcM
Castanopsis_wattii,-1.82504741609423,4.52526080275979,-0.6733445532637656,EcM
Lithocarpus_chiungchungensis,-1.5162208307229665,4.326910252115215,-0.843970070294529,EcM
Aporosa_octandra,-1.0034293896909183,3.3724549127965013,-1.0788096613719298,AM
Macaranga_sampsonii,-2.6229281076853876,4.206184043977636,-1.1086626245216111,AM
Aporosa_yunnanensis,-1.351622439588613,3.906608372726647,-1.0216512475319814,AM
Antidesma_maclurei,-0.909985650739561,2.995232148512309,-1.2378743560016174,AM
Engelhardia_roxburghiana,-1.881903019081021,4.639378357317828,-0.916290731874155,EcM
Elaeocarpus_dubius,-1.3556487710055036,4.334672938290411,-1.0216512475319814,AM
Ficus_variolosa,-2.0180078354957436,4.965986542427374,-1.1394342831883648,AM
Artocarpus_styracifolius,-1.262449734084912,3.5421180727185324,-0.527632742082372,AM
Gironniera_subaequalis,-2.080241861850605,4.213312081286144,-0.6539264674066639,AM
Celtis_sinensis,-1.963046135002048,4.727387818712341,-0.4780358009429998,AM
Canarium_album,-1.735965318905859,4.8742808728544365,-2.0402208285265546,AM
Pistacia_chinensis,-1.4309988829043705,4.505128831807865,-0.4307829160924542,AM
Acronychia_pedunculata,-1.260790099882754,4.358246106008478,-0.5978370007556204,AM
Melicope_pteleifolia,-1.3705391291753843,4.576667825515379,-1.5606477482646683,AM
Nephelium_lappaceum,-1.839794918266612,4.068171687918078,-0.6931471805599453,AM
Allophylus_cobbe,-1.8568101214823827,4.318421011584911,-0.5108256237659907,AM
Vaccinium_mandarinorum,-2.549509172973659,4.6701148746284735,-0.6348782724359695,ErM
Barringtonia_racemosa,-0.9927399040375613,3.2850380271218693,-1.0498221244986778,AM
Pentaphylax_euryoides,-2.1147786059695215,4.583333491378917,-0.6348782724359695,AM
Alniphyllum_fortunei,-1.1955748328748936,4.489647094732552,-1.7147984280919266,AM
Polyspora_axillaris,-0.6095048056233026,2.7067159780890733,-0.9675840262617056,AM
Schima_wallichii,-1.4276998591785621,4.58934563564112,-0.9942522733438669,AM
Alstonia_scholaris,-0.6468362776966949,3.248822901236153,-1.7719568419318752,AM
Catunaregam_spinosa,-1.3587181053497872,4.38502214365368,-0.9675840262617056,AM
Wendlandia_uvariifolia,-1.4953505863963323,3.8126445614478675,-0.843970070294529,AM
Adina_metcalfii,-1.8679496075861015,4.604770105966751,-1.2378743560016174,AM
Psychotria_asiatica,-1.6510414622891758,4.394942859940428,-1.6094379124341003,AM
Saprosma_ternatum,-1.9306078290468707,4.761746493030188,-1.0788096613719298,AM
Osmanthus_didymopetalus,-0.32921265129195343,1.4861396960896067,-0.916290731874155,AM
Tetrapilus_roseus,-0.9304910812752964,3.364187556028255,-1.2378743560016174,AM
Heptapleurum_minutistellatum,-1.1007245178543839,3.635214929528243,-1.0498221244986778,AM
Macropanax_undulatus,-1.3329431856228962,3.3568971227655755,-1.1394342831883648,AM
Pterospermum_acerifolium,-1.2703263048759572,3.2449333591874905,-1.4271163556401458,AM
Sterculia_lanceolata,-1.54229341480477,4.27874728521988,-0.916290731874155,AM
Itea_chinensis,-2.126449295287177,4.703475874772215,-0.616186139423817,AM
Garcinia_oblongifolia,-1.6597317064885675,4.5094299137072555,-1.2729656758128873,AM
Cratoxylum_cochinchinense,-2.1126261090708796,3.48216274048526,-0.8915981192837836,AM
Garcinia_cowa,-1.2279581670764472,4.46900676117522,-0.7550225842780328,AM
Eriobotrya_japonica,-1.1430658694224145,3.8318969609488613,-0.941608539858445,AM
Rhaphiolepis_indica,-1.932332740641626,4.463491407656154,-0.6348782724359695,AM
Archidendron_lucidum,-1.3449221180141588,4.07567129695648,-1.171182981502945,AM
Acacia_crassicarpa,-1.487530062200767,4.684720464746101,-1.0216512475319814,EcMAM
Acacia_mangium,-1.3761460300680755,4.597037202757902,-1.2378743560016174,EcMAM
Acacia_auriculiformis,-0.9593809218058567,4.539244035871924,-1.3862943611198906,EcMAM
Archidendron_clypearia,-1.306263961214402,4.2531984503199265,-0.8915981192837836,AM
Millettia_leptobotrya,-1.0741733667910915,3.2433732964685884,-0.843970070294529,AM
Carallia_brachiata,-1.5405650481477249,4.693547296605504,-1.5606477482646683,AM
Alangium_chinense,-2.3735441819345398,5.135268885097667,-1.1394342831883648,AM
Microcos_paniculata,-2.1468642179972703,4.7482310288287435,-0.6539264674066639,AM
Acer_fabri,-1.683407432634275,4.20707783220934,-0.6348782724359695,AM
Decaspermum_gracilentum,-1.8620746431430808,4.158726821151369,-0.8675005677047231,AM
Fagus_sylvatica,-0.9942522733438669,3.005682604407159,-0.5978370007556204,EcM
Fagus_sylvatica,-0.916290731874155,2.995732273553991,-0.6733445532637656,EcM
Fagus_sylvatica,-0.8915981192837836,2.785011242238338,-0.616186139423817,EcM
Fagus_sylvatica,-0.7985076962177716,2.7536607123542622,-0.616186139423817,EcM
Fagus_sylvatica,-0.6539264674066639,2.4932054526026954,-0.5978370007556204,EcM
Fagus_sylvatica,-0.8209805520698302,2.4423470353692043,-0.3856624808119846,EcM
Fagus_sylvatica,-0.916290731874155,2.7212954278522306,-0.4780358009429998,EcM
Fagus_sylvatica,-0.8675005677047231,2.667228206581955,-0.5108256237659907,EcM
Fagus_sylvatica,-0.7985076962177716,2.379546134130174,-0.3011050927839216,EcM
Fagus_sylvatica,-0.9675840262617056,2.8622008809294686,-0.579818495252942,EcM
Fagus_sylvatica,-0.9675840262617056,2.797281334830153,-0.527632742082372,EcM
Fagus_sylvatica,-0.8209805520698302,2.468099531471619,-0.4155154439616658,EcM
Fagus_sylvatica,-0.8675005677047231,2.747270914255491,-0.5447271754416722,EcM
Fagus_sylvatica,-0.7550225842780328,2.7013612129514133,-0.7133498878774648,EcM
Fagus_sylvatica,-0.8675005677047231,2.5649493574615367,-0.4942963218147801,EcM
Fagus_sylvatica,-0.8209805520698302,2.5257286443082556,-0.5447271754416722,EcM
Fagus_sylvatica,-0.7133498878774648,2.2407096892759584,-0.342490308946776,EcM
Fagus_sylvatica,-0.5447271754416722,1.9600947840472698,-0.2484613592984996,EcM
Fagus_sylvatica,-0.9675840262617056,2.8273136219290276,-0.6348782724359695,EcM
Fagus_sylvatica,-0.8915981192837836,2.4423470353692043,-0.2484613592984996,EcM
Fagus_sylvatica,-0.941608539858445,2.5952547069568657,-0.4155154439616658,EcM
Fagus_sylvatica,-1.0498221244986778,3.2068032436339315,-0.7133498878774648,EcM
Fagus_sylvatica,-0.941608539858445,2.580216829592325,-0.40047756659712525,EcM
Fagus_sylvatica,-0.7339691750802004,2.3702437414678603,-0.342490308946776,EcM
Fagus_sylvatica,-0.9675840262617056,2.803360380906535,-0.5108256237659907,EcM
Fagus_sylvatica,-0.8915981192837836,2.4932054526026954,-0.37106368139083207,EcM
Fagus_sylvatica,-0.7550225842780328,2.302585092994046,-0.342490308946776,EcM
Fagus_sylvatica,-0.941608539858445,2.766319109226186,-0.527632742082372,EcM
Fagus_sylvatica,-0.8915981192837836,2.740840023925201,-0.4942963218147801,EcM
Fagus_sylvatica,-0.9675840262617056,2.6100697927420065,-0.3285040669720361,EcM
Fagus_sylvatica,-0.9675840262617056,2.9069010598473755,-0.6539264674066639,EcM
Fagus_sylvatica,-0.8675005677047231,2.5257286443082556,-0.4780358009429998,EcM
Fagus_sylvatica,-0.8915981192837836,2.5494451709255714,-0.342490308946776,EcM
Fagus_sylvatica,-0.9942522733438669,5.262690188904886,-0.5978370007556204,EcM
Fagus_sylvatica,-0.941608539858445,2.785011242238338,-0.5447271754416722,EcM
Fagus_sylvatica,-0.9675840262617056,2.8094026953624978,-0.4307829160924542,EcM
Arenaria_serpyllifolia,-1.565421027017326,6.481577129276431,-2.703062659591171,NMAM
Brachypodium_phoenicoides,-1.324258970200438,4.727387818712341,-1.973281345851445,AM
Bromus_madritensis,-1.5511690043101247,6.056784013228625,-2.396895772465287,AM
Bromus_erectus,-1.3862943611198906,5.0689042022202315,-2.353878387381596,AM
Crepis_foetida,-1.3625778345025745,5.707110264748875,-2.631089159966082,AM
Clinopodium_nepeta,-1.3167682984712803,4.867534450455582,-1.973281345851445,AM
Daucus_carota,-1.3704210119636004,5.953243334287785,-2.551046452292545,AM
Dactylis_glomerata,-1.546463113272712,5.659482215759621,-2.0249533563957662,AM
Geranium_rotundifolium,-1.4653375684603434,5.459585514144159,-2.0874737133771,AM
Inula_conyza,-1.0966142860054366,5.288267030694535,-2.6036901857779675,AM
Medicago_minima,-1.3586791940869172,5.342334251964811,-2.0955709236097197,AM
Bituminaria_bituminosa,-1.0700248318161971,4.897839799950911,-2.396895772465287,AM
Picris_hieracioides,-1.324258970200438,5.298317366548036,-2.137070654516472,AM
Rubia_peregrina,-1.0966142860054366,4.663439094112067,-1.9449106487222299,AM
Trifolium_angustifolium,-1.2006450142332614,5.0369526024136295,-2.312635428847547,AM
Teucrium_chamaedrys,-1.241328590869705,4.897839799950911,-2.1715568305876416,AM
Tordylium_maximum,-1.3783261914707137,5.6131281063880705,-2.375155785828881,AM
Veronica_persica,-1.4696759700589417,6.220590170099739,-2.5257286443082556,AM
Acer_negundo,-1.0216512475319814,4.428433007488037,-2.145581344184381,AM
Acer_saccharum,-0.8675005677047231,3.871201010907891,-1.8451602459551701,AM
Betula_lenta,-1.3093333199837622,4.697749367281185,-1.6928195213731514,EcM
Carya_glabra,-1.1086626245216111,3.927896354584436,-1.3509272172825992,EcM
Carya_ovata,-1.1394342831883648,4.428433007488037,-1.9310215365615626,EcM
Cercis_canadensis,-0.5978370007556204,3.299533727885655,-1.8388510767619055,AM
Fagus_grandifolia,-1.0788096613719298,4.298645025734831,-1.8018098050815563,EcM
Fraxinus_americana,-0.7339691750802004,3.5115454388310208,-1.7544636844843582,AM
Hamamelis_virginiana,-0.7339691750802004,3.2268439945173775,-1.487220279709851,AM
Juglans_nigra,-0.7133498878774648,3.4339872044851463,-1.731605546408308,AM
Lindera_benzoin,-0.2613647641344075,3.1179499062782403,-2.3025850929940455,AM
Liriodendron_tulipifera,-0.2613647641344075,2.517696472610991,-1.7147984280919266,AM
Pinus_pungens,-0.7339691750802004,3.4468078929142076,-1.7372712839439852,EcM
Pinus_strobus,-0.6733445532637656,3.616308761279101,-1.9310215365615626,EcM
Pinus_virginiana,-0.916290731874155,3.3978584803966405,-1.2207799226423173,EcM
Populus_grandidentata,-1.0788096613719298,4.465908118654584,-1.995100393246085,EcMAM
Prunus_serotina,-0.8915981192837836,3.462606009790799,-1.410587053688935,AM
Quercus_alba,-0.843970070294529,3.7864597824528,-1.851509473633829,EcM
Quercus_rubra,-0.916290731874155,3.8691155044168695,-1.7957674906255938,EcM
Rhus_typhina,-0.7985076962177716,4.3294166844015844,-2.4079456086518722,AM
Sassafras_albidum,-0.7339691750802004,3.56953269648137,-1.7147984280919266,NMAM
Tilia_americana,-0.8209805520698302,3.6712245188752153,-1.760260802168684,EcM
Tsuga_canadensis,-0.6931471805599453,2.9601050959108397,-1.3019532126861397,EcM
Ulmus_rubra,-0.9942522733438669,4.370712874773608,-2.1037342342488805,AM
Achillea_millefolium,-0.941608539858445,4.31748811353631,-2.2072749131897207,AM
Agastache_foeniculum,-0.8675005677047231,3.6888794541139363,-1.7147984280919266,AM
Elymus_repens,-1.2039728043259361,4.890349128221754,-2.2072749131897207,AM
Poa_nemoralis,-1.3862943611198906,5.1298987149230735,-2.120263536200091,AM
Agrostis_scabra,-1.5606477482646683,4.941642422609304,-1.6094379124341003,AM
Ambrosia_artemisiifolia,-1.0216512475319814,4.859812404361672,-2.5257286443082556,AM
Andropogon_gerardii,-1.171182981502945,4.02535169073515,-1.4271163556401458,AM
Anemone_cylindrica,-1.0216512475319814,3.9512437185814275,-1.6607312068216509,AM
Artemisia_ludoviciana,-1.0788096613719298,4.672828834461906,-2.2072749131897207,AM
Asclepias_incarnata,-1.0216512475319814,4.248495242049359,-1.9661128563728327,AM
Asclepias_syriaca,-0.843970070294529,3.871201010907891,-1.9661128563728327,AM
Asclepias_tuberosa,-0.6931471805599453,3.1354942159291497,-1.5141277326297755,AM
Symphyotrichum_oolentangiense,-1.0498221244986778,4.465908118654584,-2.120263536200091,AM
Symphyotrichum_ericoides,-0.916290731874155,3.9512437185814275,-1.8971199848858813,AM
Symphyotrichum_laeve,-1.2039728043259361,4.48863636973214,-1.8325814637483102,AM
Aster_lanceolatus,-1.0216512475319814,4.219507705176107,-1.8971199848858813,AM
Symphyotrichum_novae-angliae,-0.7765287894989963,3.9512437185814275,-2.120263536200091,AM
Symphyotrichum_puniceum,-1.2729656758128873,4.955827057601261,-2.120263536200091,AM
Astragalus_canadensis,-0.8675005677047231,3.5263605246161616,-1.5141277326297755,AM
Baptisia_alba,-1.4271163556401458,5.765191102784844,-2.659260036932778,AM
Berteroa_incana,-1.6607312068216509,5.4680601411351315,-1.8971199848858813,NM
Bouteloua_curtipendula,-1.1394342831883648,4.174387269895637,-1.6607312068216509,AM
Calamagrostis_canadensis,-1.5141277326297755,5.517452896464707,-2.2072749131897207,AM
Sporobolus_rigidus,-0.7339691750802004,3.4965075614664802,-1.7147984280919266,AM
Carex_lasiocarpa,-1.4696759700589417,5.529429087511423,-2.4079456086518722,NMAM
Chamaecrista_fasciculata,-1.0788096613719298,4.248495242049359,-1.8325814637483102,AM
Chenopodium_album,-1.3862943611198906,4.969813299576001,-1.9661128563728327,NMAM
Coreopsis_palmata,-1.1086626245216111,4.727387818712341,-2.3025850929940455,AM
Crepis_tectorum,-1.0788096613719298,4.77912349311153,-2.4079456086518722,AM
Desmodium_canadense,-1.0788096613719298,4.836281906951478,-2.4079456086518722,AM
Elymus_canadensis,-1.4696759700589417,5.662960480135946,-2.4079456086518722,AM
Eragrostis_trichodes,-1.5606477482646683,4.290459441148391,-0.941608539858445,NMAM
Erigeron_canadensis,-1.0498221244986778,4.77912349311153,-2.4079456086518722,AM
Festuca_ovina,-1.6094379124341003,5.135798437050262,-1.7147984280919266,AM
Festuca_rubra,-1.5141277326297755,5.062595033026967,-1.7719568419318752,AM
Gentiana_andrewsii,-1.171182981502945,4.859812404361672,-2.2072749131897207,AM
Hedeoma_hispida,-1.5141277326297755,5.111987788356544,-1.8971199848858813,AM
Helianthus_giganteus,-0.916290731874155,4.110873864173311,-2.0402208285265546,AM
Helianthus_pauciflorus,-1.0216512475319814,3.9512437185814275,-1.6607312068216509,AM
Heliopsis_helianthoides,-0.9675840262617056,4.1588830833596715,-1.9661128563728327,AM
Iris_versicolor,-1.2729656758128873,4.77912349311153,-1.9661128563728327,AM
Koeleria_pyramidata,-1.3470736479666092,4.189654742026425,-1.2378743560016174,AM
Lespedeza_capitata,-0.9942522733438669,4.290459441148391,-2.0402208285265546,AM
Liatris_aspera,-0.7985076962177716,4.382026634673881,-2.5257286443082556,AM
Lupinus_perennis,-1.0788096613719298,4.762173934797756,-1.1394342831883648,NM
Melilotus_officinalis,-1.2378743560016174,4.605170185988092,-1.8971199848858813,AM
Monarda_fistulosa,-1.171182981502945,4.795790545596741,-2.2072749131897207,AM
Oenothera_biennis,-1.1394342831883648,4.553876891600541,-2.0402208285265546,AM
Panicum_capillare,-1.6094379124341003,5.384495062789089,-1.9661128563728327,AM
Panicum_virgatum,-0.8209805520698302,3.58351893845611,-1.6607312068216509,AM
Penstemon_bradburyi,-0.8915981192837836,3.9318256327243257,-1.8971199848858813,AM
Dalea_purpurea,-0.8675005677047231,3.6888794541139363,-1.4271163556401458,AM
Phleum_pratense,-1.5141277326297755,4.955827057601261,-1.6607312068216509,AM
Physalis_virginiana,-1.2039728043259361,3.9889840465642745,-1.3093333199837622,AM
Poa_pratensis,-1.5606477482646683,5.648974238161206,-2.3025850929940455,AM
Fallopia_convolvulus,-1.3862943611198906,5.303304908059076,-2.3025850929940455,NMAM
Drymocallis_arguta,-0.843970070294529,3.044522437723423,-1.1394342831883648,AM
Pycnanthemum_virginianum,-1.0788096613719298,4.430816798843313,-2.0402208285265546,AM
Ratibida_pinnata,-0.8209805520698302,4.02535169073515,-2.120263536200091,AM
Echinacea_serotina,-0.8915981192837836,3.5553480614894135,-1.5141277326297755,AM
Rumex_acetosella,-1.0788096613719298,4.844187086458591,-2.4079456086518722,NMAM
Schizachyrium_scoparium,-1.1394342831883648,4.060443010546419,-1.5141277326297755,AM
Cenchrus_americanus,-1.5141277326297755,4.997212273764115,-1.7147984280919266,AM
Solidago_nemoralis,-0.8675005677047231,3.7376696182833684,-1.7719568419318752,AM
Solidago_ptarmicoides,-0.941608539858445,3.5263605246161616,-1.4271163556401458,AM
Solidago_rigida,-0.941608539858445,3.7612001156935624,-1.5606477482646683,AM
Solidago_speciosa,-0.9675840262617056,3.828641396489095,-1.6607312068216509,AM
Sorghastrum_nutans,-1.3093333199837622,4.672828834461906,-1.7719568419318752,AM
Sporobolus_heterolepis,-1.0498221244986778,3.9512437185814275,-1.6094379124341003,AM
Trifolium_pratense,-1.2378743560016174,4.718498871295094,-1.9661128563728327,AM
Verbascum_thapsus,-1.1086626245216111,4.0943445622221,-1.6607312068216509,AM
Verbena_hastata,-1.1394342831883648,4.5217885770490405,-2.0402208285265546,AM
Vernonia_fasciculata,-1.171182981502945,4.812184355372417,-2.2072749131897207,AM
Veronicastrum_virginicum,-1.2039728043259361,4.875197323201151,-2.2072749131897207,AM
Vicia_villosa,-0.843970070294529,4.0943445622221,-2.120263536200091,AM
Zizia_aurea,-1.171182981502945,4.605170185988092,-2.0402208285265546,AM
Agrostis_capillaris,-2.0402208285265546,5.556828061699537,-1.4696759700589417,AM
Brachypodium_pinnatum,-1.8971199848858813,4.875197323201151,-1.2378743560016174,AM
Brachypodium_sylvaticum,-2.0402208285265546,5.081404364984463,-1.171182981502945,AM
Bromus_erectus,-1.7147984280919266,4.605170185988092,-1.3470736479666092,AM
Dactylis_glomerata,-2.120263536200091,5.529429087511423,-1.3862943611198906,AM
Deschampsia_cespitosa,-1.7147984280919266,4.852030263919617,-1.4271163556401458,AM
Festuca_rubra,-1.9661128563728327,5.231108616854587,-1.2039728043259361,AM
Holcus_lanatus,-2.0402208285265546,5.616771097666572,-1.5141277326297755,AM
Lolium_arundinaceum,-1.6094379124341003,4.59511985013459,-1.4271163556401458,AM
Lolium_perenne,-1.8971199848858813,5.272999558563747,-1.5141277326297755,AM
Phleum_pratense,-2.2072749131897207,5.293304824724492,-1.2378743560016174,AM
Chamaecyparis_obtusa,-0.8209805520698302,3.250374491927572,-0.6931471805599453,AM
Chamaecyparis_obtusa,-0.941608539858445,3.202746442938317,-0.4620354595965587,AM
Chamaecyparis_obtusa,-0.8675005677047231,2.8273136219290276,-0.2231435513142097,AM
Bromus_erectus,-1.2039728043259361,4.8122656528806935,-2.0402208285265546,AM
Carex_humulis,-1.2729656758128873,5.097546666085552,-1.9661128563728327,NMAM
Munroa_christianii-bernardii,-1.4696759700589417,5.943350404384552,-2.659260036932778,AM
Potentilla_pusilla,-1.3093333199837622,4.753934959253203,-2.120263536200091,AM
Hakea_oldfieldii,-0.616186139423817,4.499809670330265,-3.036554268074246,NM
Hakea_tuberculata,-0.579818495252942,4.343805421853684,-2.8134107167600364,NM
Hakea_ceratophylla,-0.4942963218147801,3.9889840465642745,-2.7488721956224653,NM
Hakea_varia,-0.5447271754416722,4.02535169073515,-2.659260036932778,NM
Hakea_linearis,-0.527632742082372,3.8066624897703196,-2.4651040224918206,NM
Hakea_lissocarpha,-0.4942963218147801,4.060443010546419,-2.8134107167600364,NM
Hakea_cyclocarpa,-0.4942963218147801,4.1588830833596715,-2.8824035882469876,NM
Adiantum_pedatum,-0.9985176816018435,5.34801714736697,-2.9817441254699566,AM
Adiantum_pedatum,-0.8969959540999519,5.109606304874498,-2.8275924031849113,AM
Adiantum_pedatum,-0.8953809823698824,4.74188188719089,-2.5762778077351998,AM
Adiantum_pedatum,-0.6561983789366383,3.104277487622183,-1.4776676008528944,AM
Athyrium_monomachii,-1.4987590025403477,4.919563036334691,-2.331155065588809,AM
Athyrium_monomachii,-1.3866677308136806,4.4355084438212815,-1.9701427655601083,AM
Athyrium_monomachii,-1.0389579765086927,3.1042794357561703,-1.0846254195685665,AM
Athyrium_monomachii,-0.06025231950454213,1.5638630144918866,-0.5991181501680825,AM
Athyrium_sinense,-1.3262144109042224,4.755675483475596,-2.2477732290389634,AM
Athyrium_sinense,-0.8651029419270022,4.6699088202267,-2.1344449606019635,AM
Athyrium_sinense,-0.40523324499049473,3.832514403011666,-1.5154075512483587,AM
Athyrium_sinense,-0.11281634361642442,1.5638669636261109,-0.8222614720977217,AM
Cystopteris_sudetica,-1.0793671726348102,5.5278101436016644,-3.068747839523755,AM
Cystopteris_sudetica,-0.8571432310522182,5.24433887867417,-2.8275879572555227,AM
Cystopteris_sudetica,-0.344048921544136,4.63960356002119,-2.208552483480672,AM
Equisetum_hyemale,-0.7367031130518447,4.454200748655468,-2.6940574626902385,NMAM
Equisetum_hyemale,-0.5514997924074738,4.048736835372838,-2.6940574478986683,NMAM
Equisetum_hyemale,-0.30372421428475344,3.1042808384282337,-2.134444783102549,NMAM
Equisetum_pratense,-1.413391453656634,5.540388917685265,-3.2694158241064306,NMAM
Equisetum_pratense,-0.95206906860966,5.448821804192136,-3.1640565864337273,NMAM
Equisetum_pratense,-0.8548572913574167,4.80902141708931,-2.8275877036860013,NMAM
Matteuccia_struthiopteris,-1.5396379973611154,5.565081510794234,-2.9817369466205195,AM
Matteuccia_struthiopteris,-1.3709685949306583,5.277399709837546,-2.8275876698767366,AM
Matteuccia_struthiopteris,-1.2490501037162587,4.525659571486205,-2.3756056289286023,AM
Matteuccia_struthiopteris,-0.4033624103274141,2.767812524344107,-1.6599883617467541,AM
Onoclea_sensibilis,-1.3859732726743033,4.997815198049815,-2.694057314774544,AM
Onoclea_sensibilis,-1.3330310582738762,4.624099434941592,-2.288594686722421,AM
Onoclea_sensibilis,-0.6999965701649714,3.3555933826733426,-1.6380095056768407,AM
Athyrium_spinulosum,-1.7369169717199753,5.462427447342916,-2.9016949216333217,AM
Athyrium_spinulosum,-1.6973252657062234,4.454200786684296,-1.9701423065713952,AM
Athyrium_spinulosum,-0.974425417406386,2.256995833832833,-0.9023040703508921,AM
Juglans_mandshurica,-1.546916713786454,5.256250811946574,-2.6860706215575743,AM
Juglans_mandshurica,-1.3909124842543015,4.9630023402006636,-2.273385549452938,AM
Fraxinus_mandshurica,-1.3798624939952056,4.724018035861876,-2.3025846229941562,AM
Fraxinus_mandshurica,-1.1633344554675131,4.567342803658432,-2.1774216176871537,AM
Phellodendron_amurense,-0.6489758362591614,3.476052864764702,-2.170906936551369,AM
Phellodendron_amurense,-0.7316674697873452,3.7791103349555906,-2.107993175925386,AM
Chenopodium_album,-2.0527423348664056,4.593390003903858,-0.24634084123823233,NMAM
Chenopodium_album,-1.707877985247353,4.2079021591244645,-0.5505816969989096,NMAM
Chenopodium_album,-1.3318061758358208,3.9855073204910636,-1.080330476048079,NMAM
Chenopodium_album,-0.9056334381068808,2.8755424981465607,-0.8227111304753758,NMAM
Chenopodium_album,-0.16989903679539747,1.3447076672603597,-0.7633451013987326,NMAM
Euonymus_alatus,-2.0153254072349656,4.598070856981147,-0.3258555510000217,AM
Euonymus_alatus,-1.9553888927431904,4.31063833460702,-0.1582960560390638,AM
Euonymus_alatus,-1.9740810252220098,3.917803368294654,0.27192317599953025,AM
Euonymus_alatus,-1.4031028353693946,2.840247370713596,0.2075227920464077,AM
Euonymus_alatus,-0.8266785731844679,1.3552037739445963,0.5397178644872803,AM
Cornus_officinalis,-0.9043839670766713,3.379880541003345,-1.3295481135421203,AM
Cornus_officinalis,-0.9175499143117178,2.8322004765732043,-0.7555361565592352,AM
Cornus_officinalis,-0.6443570163905132,2.1115770904315734,-0.5812985650160188,AM
Cornus_officinalis,-0.13077023099937107,1.0755542229778081,-0.5724492683979148,AM
Cornus_bretschneideri,-1.0980283481945388,4.028012433531753,-1.5903912619929006,AM
Cornus_bretschneideri,-0.9874517950479671,3.5421209679083194,-1.3256529036804698,AM
Cornus_bretschneideri,-0.9122007472756911,3.070501098724819,-1.00453512872043,AM
Cornus_bretschneideri,-0.7057259627668054,2.43932508256151,-0.7863086810299449,AM
Cornus_bretschneideri,-0.23889190828234896,1.253020078296953,-0.5336717845149255,AM
Sambucus_williamsii,-1.0529325482837868,4.639775022934034,-2.2923454376626076,AM
Sambucus_williamsii,-0.9888614247089905,4.219620565571838,-2.0003332224112107,AM
Sambucus_williamsii,-0.8197187212405808,3.4059479843259663,-1.524946049255446,AM
Sambucus_williamsii,-0.37066118559154065,2.355123237084591,-1.372236371330198,AM
Ardisia_depressa,-1.4508328822574619,4.163815965105749,-1.0205857070885516,AM
Ardisia_depressa,-1.1192315766208454,3.919818694528805,-1.4397910496193886,AM
Ardisia_depressa,-0.9662691016803965,3.7070413918520413,-1.5329386955149538,AM
Ardisia_depressa,-0.7321326271505748,2.9033133903204775,-1.1974836445394972,AM
Eurya_japonica,-1.739216953941945,4.842998700292426,-1.1935304493219836,AM
Eurya_japonica,-1.3186357126460757,4.41054467354305,-1.5317087543383132,AM
Eurya_japonica,-0.9772641860880368,3.5286338489493123,-1.3325409836197348,AM
Eurya_japonica,-0.3656436139214928,2.4324430805449997,-1.45959136066235,AM
Diospyros_strigosa,-1.032480649404884,3.6889593264240585,-1.382433535707149,AM
Diospyros_strigosa,-0.9808292530117262,3.6829913114759183,-1.4797683138215527,AM
Diospyros_strigosa,-0.7521455206147188,2.462247487377407,-0.7163919531267038,AM
Diospyros_strigosa,-0.277925897739426,1.6032934999347948,-0.8058772134150909,AM
Barringtonia_racemosa,-0.723273886628346,2.79153956775519,-1.103427304272599,AM
Barringtonia_racemosa,-0.5439193121959037,2.5563501283054184,-1.226947011970168,AM
Barringtonia_racemosa,-0.3701582942760194,2.0642772968786156,-1.082396214784082,AM
Barringtonia_racemosa,-0.09262148937406743,1.1161565982755408,-0.6893491263079649,AM
Myrsine_seguinii,-1.264814462401369,4.033761541634073,-1.1364566613326477,AM
Myrsine_seguinii,-0.8575861097250589,3.4007327624100117,-1.4466878421514149,AM
Myrsine_seguinii,-0.36865113450352033,3.05367751845562,-2.074810752354505,AM
Myrsine_seguinii,-0.02852808361453805,3.079348487411156,-2.6914966994438148,AM
Betula_utilis,-1.5585694665318883,4.046792440037325,-0.6880890166671034,EcM
Betula_utilis,-1.6111059678653483,4.2490308128914025,-0.7852543817811581,EcM
Betula_utilis,-1.155182640156504,3.21139995002205,-0.6594701765598732,EcM
Betula_utilis,-0.6655320135269719,1.863613572994261,-0.2909850532922076,EcM
Betula_utilis,-0.13353139262452263,0.5534819331096816,-0.044854655403070536,EcM
Carpinus_cordata,-1.9205402575773922,4.15396636985902,-0.0713213595982106,EcM
Carpinus_cordata,-1.8904754421672127,4.034576640812223,-0.01206126449668436,EcM
Carpinus_cordata,-1.6152688342653614,3.264716134300616,0.20738602381513255,EcM
Carpinus_cordata,-0.8472978593872036,1.683955133576887,0.25220507964431244,EcM
Betula_dahurica,-1.3523412629060882,3.8595724271194944,-0.9133254053039784,EcM
Betula_dahurica,-1.1996419194944055,3.7505372340386836,-1.1096889055132932,EcM
Betula_dahurica,-1.0357922761334404,3.044133105276714,-0.7309840599729625,EcM
Betula_dahurica,-0.5248118651773502,1.8856912890760518,-0.5945030645024314,EcM
Betula_dahurica,-0.11179140624618127,0.8062097474248624,-0.3410624429173445,EcM
Lithocarpus_fenestratus,-0.5181440045736706,2.6272016132388893,-1.349349111794995,EcM
Lithocarpus_fenestratus,-0.3856624808119846,2.003639828263554,-0.990750374318164,EcM
Lithocarpus_fenestratus,-0.12260232165754971,1.3478133743016092,-0.8610442380612625,EcM
Quercus_aliena,-1.9301808486593746,4.487003801637986,-0.3850776151145696,EcM
Quercus_aliena,-1.4570309133635013,3.9569963710708773,-0.8013700533004552,EcM
Quercus_aliena,-1.2648502912350537,3.3771488051277,-0.6058837326761862,EcM
Quercus_aliena,-0.6745145119083554,2.0047506490455937,-0.41415713203664906,EcM
Quercus_aliena,-0.011524485514756995,0.751200520167679,-0.4865870557016507,EcM
Quercus_variabilis,-1.968788933876298,4.384073327019456,-0.20493097178797023,EcM
Quercus_variabilis,-1.3248857342451656,3.926096732692603,-1.0347607753413715,EcM
Quercus_variabilis,-0.679775444049464,2.34695794471237,-0.7458425647846492,EcM
Quercus_variabilis,-0.2102067598721792,1.6787775847653534,-1.016799572077293,EcM
Quercus_variabilis,-0.02105340885740682,1.3441708882731829,-1.0604995775840123,EcM
Quercus_wutaishanica,-2.033316861998086,4.364031506843398,-0.0558332919665802,EcM
Quercus_wutaishanica,-1.8921324433748423,4.2847867926058,-0.2589574134802777,EcM
Quercus_wutaishanica,-1.6797904060026891,3.7867783926889005,-0.18563309308272308,EcM
Quercus_wutaishanica,-1.40649706843741,3.2235958507991427,-0.16903722159815296,EcM
Quercus_wutaishanica,-1.0563368047355577,2.542834580760717,-0.18859647699144447,EcM
Aidia_oxyodonta,-2.5966569634591274,5.251540174989108,0.18333824479151714,AM
Aidia_oxyodonta,-1.7346010567214396,3.9691591967989552,-0.25839259320581043,AM
Aidia_oxyodonta,-1.454573201873185,3.5573460641520867,-0.40663516786117887,AM
Aidia_oxyodonta,-0.9320390888422942,2.4336133554004498,-0.3279706856340449,AM
Aidia_oxyodonta,-0.38016292524594614,1.451613827240533,-0.449723484606563,AM
Ginkgo_biloba,-0.390084006069862,2.9920254116226643,-1.973281345851445,AM
Ginkgo_biloba,-0.2930296787783762,2.6932749155200555,-1.8643301620628905,AM
Ginkgo_biloba,-0.21815600980317063,2.4599306637178233,-1.783791299578878,AM
Fraxinus_chinensis,-1.1461532329876716,3.864517664519703,-1.3306467043433672,AM
Fraxinus_chinensis,-0.8911848095860538,3.520285606965619,-1.4963514930782658,AM
Fraxinus_chinensis,-0.6610159016261639,2.600457541990673,-1.0368612436222413,AM
Fraxinus_chinensis,-0.10125373337730405,1.8188486300776217,-1.3747766691201815,AM
Fraxinus_chinensis,-0.8615658321849086,3.5877931244287153,-1.6230969842728546,AM
Fraxinus_chinensis,-0.781978394266561,3.32862668882732,-1.5231054254214642,AM
Fraxinus_chinensis,-0.531879032963823,2.5877640352277083,-1.2824414941934794,AM
Syringa_reticulata,-1.2518943613438078,4.661887953035278,-1.916534737415205,AM
Syringa_reticulata,-0.922961869513132,3.943908282240459,-1.8564200458140894,AM
Syringa_reticulata,-0.13353139262452263,3.142701594179534,-2.6340743194577696,AM
Syringa_reticulata,-0.03390155133085373,1.7034668619951971,-1.3940992683211062,AM
Cryptocarya_concinna,-0.8261073078161759,3.4994657849389528,-1.605686677123287,AM
Cryptocarya_concinna,-0.6520052372287701,3.1014563594621434,-1.5558813920756542,AM
Cryptocarya_concinna,-0.30772282281700836,1.8993433308694159,-1.042333190979986,AM
Cryptocarya_concinna,-0.2231435513142097,1.3342448516632597,-0.6463932557384848,AM
Machilus_breviflora,-0.815454322570031,3.347952866987093,-1.4754797271485236,AM
Machilus_breviflora,-0.7060136902323323,3.0294018513758183,-1.3758099788381704,AM
Machilus_breviflora,-0.5719356856810734,2.7543919474844474,-1.368956085492533,AM
Machilus_breviflora,-0.35667494393873245,2.303874584242732,-1.3489602033166879,AM
Machilus_shweliensis,-0.9159902970092291,3.6154750805305236,-1.541929994945798,AM
Machilus_shweliensis,-0.6611641347068946,3.1424266527047946,-1.57853388919459,AM
Machilus_shweliensis,-0.42227222574657947,2.6397713603489157,-1.553662416885007,AM
Machilus_shweliensis,-0.24518705900847196,2.2371928742269938,-1.505254264012937,AM
Ocotea_lancifolia,-1.0798087073109992,3.634063628945781,-1.2328817192899715,AM
Ocotea_lancifolia,-0.9002169082276044,3.389352346399686,-1.3473540411192493,AM
Ocotea_lancifolia,-0.6780444116889638,2.895572069473199,-1.2979187517851865,AM
Ocotea_lancifolia,-0.18232155719395463,1.8463310194083873,-1.2401234142726643,AM
Ocotea_lancifolia,-0.025317807984289897,1.4166350782173904,-1.1244349686942279,AM
Cinnamomum_camphora,-0.889314144175953,4.282022209934434,-2.261829433473908,AM
Cinnamomum_camphora,-0.7130948183696414,3.9296552186867246,-2.2619010855935753,AM
Cinnamomum_camphora,-0.5172565143543456,2.6197967242986224,-1.343719203488558,AM
Cinnamomum_camphora,-0.09019826791814885,1.5252953066190593,-1.1033342787360545,AM
Lindera_communis,-0.9288695140810151,3.6575779940959783,-1.5582744714771417,AM
Lindera_communis,-0.7026925934034767,2.6697880170530928,-1.022838337956208,AM
Lindera_communis,-0.37383820072542345,2.2558203991040604,-1.266579507293042,AM
Goniothalamus_griffithii,-0.48672807274248575,2.8085239973722764,-1.5935033594421417,AM
Goniothalamus_griffithii,-0.20307598852830108,2.0590801076077283,-1.411363637939327,AM
Goniothalamus_griffithii,-0.01624230598849193,1.5449540347102173,-1.2709049291819603,AM
Liriodendron_chinense,-0.5361434317502807,3.14819581668046,-1.8325814637483102,AM
Liriodendron_chinense,-0.2744368457017603,2.6279963822558337,-1.8388510767619055,AM
Liriodendron_chinense,-0.046043938501406846,2.11130351482858,-1.7778565640590636,AM
Magnolia_championii,-0.6106459590482015,3.4469034297516927,-1.9805015938249322,AM
Magnolia_championii,-0.33128570993391293,2.7942278973432626,-1.8904754421672127,AM
Magnolia_championii,-0.1660545843300827,2.392882730974826,-1.820158943749753,AM
Magnolia_macclurei,-0.7233609583711659,3.3242003406780403,-1.7972816242994605,AM
Magnolia_macclurei,-0.6481738149172142,3.031771890554836,-1.6721689959715542,AM
Magnolia_macclurei,-0.4780358009429998,2.574583600283415,-1.495362862869065,AM
Magnolia_macclurei,-0.16462197935771156,2.090306404963285,-1.7690752623788586,AM
Magnolia_maudiae,-0.5395680926316447,3.320095780225114,-2.0024805005437076,AM
Magnolia_maudiae,-0.355247391947547,2.9666638510566434,-2.017406150760383,AM
Magnolia_maudiae,-0.11428914640212766,2.3794535372506225,-1.9105430052180221,AM
Magnolia_ernestii,-0.20702416943432653,2.637484665054937,-1.9805015938249322,AM
Magnolia_ernestii,-0.07364654016829848,2.314019470619709,-1.9241486572738007,AM
Magnolia_odora,-0.5259392615760389,2.917770732084279,-1.6245515502441485,AM
Magnolia_odora,-0.390084006069862,2.8226875535402454,-1.8018098050815563,AM
Magnolia_odora,-0.17316361900918903,2.250765344264249,-1.6607312068216509,AM
Knema_erratica,-0.1646799239417102,1.563217773907763,-0.9922934336641618,AM
Knema_erratica,-0.03837401306498915,1.5292452685540259,-1.2109327520017412,AM
Populus_cathayana,-1.9310215365615626,4.706588341345654,-0.6029807764069409,EcMAM
Populus_cathayana,-2.0794415416798357,4.539255223910171,-0.1388076487581891,EcMAM
Populus_cathayana,-1.8410295485383383,3.904454435928194,0.0191691531643912,EcMAM
Populus_cathayana,-1.176574911219487,3.6946102516800567,-1.0998959371924673,EcMAM
Populus_cathayana,-0.6931471805599453,2.5898243174031053,-0.9619654636716358,EcMAM
Salix_caprea,-2.1647526195430937,4.840606305943966,-0.2695365769174399,EcMAM
Salix_caprea,-1.8857469965229814,4.470557074345022,-0.45749859215797983,EcMAM
Salix_caprea,-1.5575300514313042,4.305927291074769,-0.9493026922845397,EcMAM
Salix_caprea,-0.6580558604728132,2.686685378654347,-1.129009164074884,EcMAM
Alchornea_tiliifolia,-1.8971199848858813,5.63645607098297,-1.5994875815809322,AM
Alchornea_tiliifolia,-1.584745299843729,4.867014315208695,-1.4567168254164364,AM
Alchornea_tiliifolia,-1.07587280169862,3.8942255663975653,-1.5005835075220182,AM
Alchornea_tiliifolia,-1.0876723486297752,3.198428189599096,-0.780886094867952,AM
Alchornea_tiliifolia,-0.27971390280260405,1.9176576361034294,-1.1147416705979933,AM
Macaranga_sampsonii,-1.5832681961767303,5.071630295000162,-1.663529412888002,AM
Macaranga_sampsonii,-1.3465295306406786,4.5679680281964545,-1.6333444756672304,AM
Macaranga_sampsonii,-1.1622210086048221,3.892201075197666,-1.3261945640587014,AM
Macaranga_sampsonii,-0.5875009909108196,3.398706172843319,-1.9821396956509862,AM
Macaranga_sampsonii,-0.3792492659772715,2.4570855659222777,-1.4570225416707858,AM
Sterculia_monosperma,-1.387284951592667,4.567675981560511,-1.5515415878617,AM
Sterculia_monosperma,-0.9425705408946359,3.6063941824749928,-1.4796886078966278,AM
Sterculia_monosperma,-0.5520817402813425,2.867614770773548,-1.5218867973792696,AM
Sterculia_monosperma,-0.12300497993072883,1.9423323277074294,-1.4547578741703167,AM
Tilia_mandshurica,-1.0373290602512113,4.327336062118889,-2.011113450043386,EcM
Tilia_mandshurica,-1.3493611045093228,4.266715788122609,-1.3264290825904337,EcM
Tilia_mandshurica,-1.2275033011012095,3.899906709270782,-1.2033356140414566,EcM
Tilia_mandshurica,-1.0374762889217772,3.5782969944749583,-1.2617799238240273,EcM
Tilia_mandshurica,-0.8821577252362403,2.703276922445246,-0.6973969781709493,EcM
Tilia_mongolica,-1.679311455527048,4.22991586656124,-0.6297284667976848,EcM
Tilia_mongolica,-1.5233739520185199,4.120560289406259,-0.8322478884987873,EcM
Tilia_mongolica,-1.4852343105747943,3.7565910883335145,-0.544557977687454,EcM
Tilia_mongolica,-1.0246318768641491,2.5681452482348717,-0.27731700517141145,EcM
Tilia_mongolica,-0.2076393647782445,2.3195886909737005,-1.66274547093233,EcM
Memecylon_nigrescens,-1.5957335476830126,4.477906235168379,-1.0448746491776266,AM
Memecylon_nigrescens,-1.3751418304263472,4.4080249338746205,-1.4161767824004279,AM
Memecylon_nigrescens,-1.170585788890214,4.358686902596586,-1.7759508308268779,AM
Memecylon_nigrescens,-0.8277373346174557,2.6511885133523676,-0.754149350763804,AM
Memecylon_nigrescens,-0.4722283244460204,1.6391702223407658,-0.45314908130748993,AM
Syzygium_hancei,-2.01185888113976,4.485272374919663,-0.2199901260899794,AM
Syzygium_hancei,-1.6386092897343802,4.3760941787787,-0.8573111070295285,AM
Syzygium_hancei,-1.2385131289391345,3.634268406802637,-0.9156776548442888,AM
Syzygium_hancei,-0.7758896068632261,2.57639181901209,-0.7830481115653445,AM
Syzygium_hancei,-0.2484613592984996,1.5632571672976057,-0.8247699568947385,AM
Syzygium_levinei,-1.7486999797676082,4.840186970668104,-1.0996127890016931,AM
Syzygium_levinei,-1.3662368643449117,3.8496794070176437,-0.8746690571833357,AM
Syzygium_levinei,-0.9861768593383216,3.2298553289112086,-1.016111067156366,AM
Syzygium_levinei,-0.5954048952687893,2.428424477833193,-0.9942522733438669,AM
Syzygium_levinei,-0.08338160893905101,0.9876807279608281,-0.5780343734594406,AM
Syzygium_hancei,-1.6347557204183902,4.083806472419144,-0.3943228814094944,AM
Syzygium_hancei,-1.3186357126460757,3.5346845943940943,-0.655848677130156,AM
Syzygium_hancei,-0.9298963829025364,2.984070333703509,-0.8827130743131765,AM
Syzygium_hancei,-0.4766926179334449,2.242241963042558,-1.0472922359385668,AM
Larix_gmelinii,-1.132513841033446,3.731148401293103,-1.2245562269634795,EcM
Larix_gmelinii,-0.9924347989245115,3.4660483539817717,-1.2396142618637904,EcM
Larix_gmelinii,-0.7614260213132397,3.034087227430455,-1.2696706923807946,EcM
Larix_gmelinii,-0.3925136272933094,1.9889696385157603,-0.9623778912048565,EcM
Picea_meyeri,-1.2763853806295908,3.881446682632099,-1.0871114258576775,EcM
Picea_meyeri,-1.0850508175207254,3.6522855808737136,-1.2406194548228635,EcM
Picea_meyeri,-0.848489046901576,3.0163801508786374,-1.077837566362362,EcM
Picea_meyeri,-0.323501170410285,1.6550682482667145,-0.7665014146917064,EcM
Picea_wilsonii,-1.3316569104612996,4.1970957847334915,-1.2922174687747299,EcM
Picea_wilsonii,-1.3186357126460757,3.864018869507554,-0.9851829512838397,EcM
Picea_wilsonii,-1.145132304874431,3.3141860046725258,-0.7823569030504435,EcM
Picea_wilsonii,-0.6703325018915184,2.697936334611152,-1.1157068374412096,EcM
Picea_wilsonii,-0.11653381625595151,1.114497099044809,-0.6398649740700029,EcM
Pinus_armandii,-1.3165436930999403,3.7615258351993437,-0.8868739542807403,EcM
Pinus_armandii,-1.1357738999474685,3.4236876665178837,-0.9105753756824979,EcM
Pinus_armandii,-0.6766178792644724,2.161618721860683,-0.566818471847579,EcM
Pinus_armandii,-0.2602830986960989,1.272440603666632,-0.5103099150999003,EcM
Pinus_tabuliformis,-1.1571371807731894,3.621417977300512,-1.0655791222297717,EcM
Pinus_tabuliformis,-1.0878013717897006,3.575676921449354,-1.1585096829161246,EcM
Pinus_tabuliformis,-0.9787480868079016,3.3021521650506904,-1.103091499371149,EcM
Pinus_tabuliformis,-0.5606585814556426,2.2647256819364756,-0.9018440273521785,EcM
Pinus_tabuliformis,-0.11934675763256625,1.3408319869849938,-0.8605739786721406,EcM
Dacrycarpus_imbricatus,-0.7139503089104293,3.647729825198227,-1.978264713450332,AM
Dacrycarpus_imbricatus,-1.530269711645654,4.2215817964374525,-0.9194778779326657,AM
Dacrycarpus_imbricatus,-1.2531418267530954,3.502412442382501,-0.7545642935645853,AM
Dacrycarpus_imbricatus,-0.6831968497067772,2.3009280918255537,-0.6929699002750237,AM
Ulmus_macrocarpa,-1.503093628335168,4.177724226979262,-0.9299724765509312,AM
Ulmus_macrocarpa,-1.2745903699138732,3.9983515251571498,-1.207606290783428,AM
Ulmus_macrocarpa,-1.0981407018826397,3.438572975680866,-1.00072707891915,AM
Ulmus_macrocarpa,-0.4960543071494905,2.110998849219433,-0.8773257437234175,AM
Ulmus_davidiana,-1.3674907817255242,4.112731579027457,-1.1361855254960767,AM
Ulmus_davidiana,-1.3917144271761863,3.8501476017100584,-0.8251542521237768,AM
Ulmus_davidiana,-1.0923817379236849,3.3238791337752915,-0.8975511645240656,AM
Ulmus_davidiana,-0.41703174447962976,2.2819658057558936,-1.2063378254516461,AM
Malus_baccata,-1.4443581616398693,4.268713712142645,-1.1384328972426734,AM
Malus_baccata,-1.2378743560016174,3.818415808125619,-1.101102603930746,AM
Malus_baccata,-0.7404000652492005,3.143394128417942,-1.4210295056548201,AM
Malus_baccata,-0.3617900452208874,2.0104486702375275,-1.0453040890661243,AM
Malus_baccata,0.0,1.4243728698020872,-1.182808375943739,AM
Pyrus_betulifolia,-0.7421504359316949,2.872843822791624,-1.1469784596853432,AM
Pyrus_betulifolia,-0.5737634551356964,2.4981084709907506,-1.1090170691478687,AM
Pyrus_betulifolia,-0.4398738878850305,2.0836698777788083,-0.9623576104292588,AM
Pyrus_betulifolia,-0.23319388716771114,0.8867959667941878,-0.17884369995521288,AM
Sanguisorba_officinalis,-0.9260254609710522,3.902578546600146,-1.8089631353116526,AM
Sanguisorba_officinalis,-0.746284278973074,3.2722270003651954,-1.5380939509265554,AM
Sanguisorba_officinalis,-0.4038414269920669,2.8487971654302933,-1.799549821375701,AM
Sanguisorba_officinalis,-0.1723712255447469,2.4336133554004498,-1.847306408073926,AM
Sorbus_aucuparia,-1.6193553480283234,4.090652672911127,-0.610377483120555,AM
Sorbus_aucuparia,-1.481128465466122,3.982557897283677,-0.7787364768222222,AM
Sorbus_aucuparia,-1.300702429065737,3.5062876819150874,-0.6633183274067902,AM
Sorbus_aucuparia,-0.8788892157260004,2.4043677871749556,-0.40502486602893084,AM
Sorbus_aucuparia,-0.05129329438755058,0.7687367775296242,-0.4245856970453926,AM
Aphanamixis_polystachya,-1.7514081723485555,5.14913363092185,-0.9243989523299883,AM
Aphanamixis_polystachya,-1.4762190686478776,4.499235471064971,-1.0349294134911584,AM
Aphanamixis_polystachya,-1.1056369036050742,3.4678535396482606,-0.9798827384313472,AM
Aphanamixis_polystachya,-0.6780444116889638,2.1068309485519134,-0.7531934900062192,AM
Aphanamixis_polystachya,-0.2620865258404345,1.2344757784638707,-0.5506413053445555,AM
Prasoxylon_excelsum,-0.12044771501308699,2.208367212623428,-1.7259072869462408,AM
Acronychia_pedunculata,-1.2241755116434554,4.512692989494372,-1.820158943749753,AM
Acronychia_pedunculata,-1.0646080016698822,3.952588967174808,-1.579879110192556,AM
Acronychia_pedunculata,-0.780886094867952,3.3823882606751012,-1.579879110192556,AM
Acronychia_pedunculata,-0.6367668471238376,3.286497089465677,-1.7719568419318752,AM
Acronychia_pedunculata,-0.17078832098028163,1.814824742159051,-1.2310014767138553,AM
Canarium_album,-1.5533484436012386,4.354205237246382,-1.0059438542934693,AM
Canarium_album,-1.3256697393034558,4.323778499509147,-1.4308745295707703,AM
Canarium_album,-0.9202046311952914,4.035538084423435,-1.9535643266771467,AM
Canarium_album,-0.5706614156447521,3.225824106751472,-1.842936782973199,AM
Canarium_album,-0.16042029317628345,2.8460129752197383,-2.2836078945058063,AM
Acer_davidii,-1.4321503131033884,4.684939045399384,-1.5790739247326515,AM
Acer_davidii,-1.3653611496455151,4.225041025583441,-1.2527542315335354,AM
Acer_davidii,-1.2438426966837801,3.4682495194542686,-0.7389996358247567,AM
Acer_davidii,-0.6841874391884735,2.418716600294601,-0.8087772300552365,AM
Acer_davidii,-0.1479201300766222,1.225774232981194,-0.688369479969445,AM
Acer_truncatum,-1.3578264410526426,4.081728383535411,-1.124511013043966,AM
Acer_truncatum,-1.2616811222766158,4.015894562737455,-1.2509678267269362,AM
Acer_truncatum,-1.06289420738182,3.8806261512736655,-1.5132732478059376,AM
Acer_truncatum,-0.751482756866195,2.8183982582710754,-1.0738682520341234,AM
Acer_truncatum,-0.2452613565678288,2.0646692161744915,-1.332582010808866,AM
Rhodoleia_championii,-1.1874435023747254,3.8406558890797298,-1.2241755116434554,AM
Rhodoleia_championii,-1.0272222925814367,3.057062528705597,-0.7614260213132397,AM
Rhodoleia_championii,-0.6831968497067772,2.2499224404107396,-0.6405547304407747,AM
Rhodoleia_championii,-0.27049724769768,1.3407738458180813,-0.5568695622673976,AM
Dicranopteris_linearis,-1.625567294363984,4.318820558770089,-0.5108256237659907,AM
Dicranopteris_linearis,-1.3641806808747794,3.407179453339703,-0.7550225842780328,AM
Dicranopteris_linearis,-0.885907027239715,2.58851563240702,-0.6931471805599453,AM
Dicranopteris_linearis,-0.4726952484047233,1.9139771019523042,-0.6931471805599453,AM
Acacia_auriculiformis,-1.2501214603519162,4.110217911378391,-1.5141277326297755,EcMAM
Acacia_auriculiformis,-1.0160281976619605,3.6579046498145056,-1.3093333199837622,EcMAM
Acacia_auriculiformis,-0.6736387141719024,3.0878555624297968,-1.0788096613719298,EcMAM
Acacia_auriculiformis,-0.5934104487724091,1.8500283773520307,-1.1086626245216111,EcMAM
Acacia_auriculiformis,-0.15925367800316162,0.9042181506398859,-1.0498221244986778,EcMAM
Polyspora_axillaris,-0.6163713417578957,2.8724340572094973,-1.0216512475319814,AM
Polyspora_axillaris,-0.4610359592634751,2.425687290128029,-0.9942522733438669,AM
Polyspora_axillaris,-0.415712433059714,1.925707441737794,-0.843970070294529,AM
Polyspora_axillaris,-0.3746934494414107,1.308332819650179,-0.5108256237659907,AM
Cunninghamia_lanceolata,-0.5832350392841311,3.8852682681193262,-1.5606477482646683,AM
Cunninghamia_lanceolata,-0.7163543968977635,3.4154289639088797,-1.3862943611198906,AM
Cunninghamia_lanceolata,-0.6310929928246728,2.71336936257981,-1.4271163556401458,AM
Cunninghamia_lanceolata,-0.25721753164796124,1.979621206397625,-1.171182981502945,AM
Magnolia_baillonii,-0.5542551816933267,2.9616582932202395,-1.2729656758128873,AM
Magnolia_baillonii,-0.2941160595610599,2.1644717908644115,-1.4271163556401458,AM
Magnolia_baillonii,-0.14355864072146035,1.9213246735826988,-1.5606477482646683,AM
Endospermum_chinense,-0.2891631687335792,1.8825138324965192,-1.2729656758128873,AM
Cryptocarya_chinensis,-0.017929782165982636,2.0162354657760435,-1.6094379124341003,AM
Olea_europaea,-0.05129329438755058,1.264126727145683,-0.6931471805599453,AM
Olea_europaea,-0.7985076962177716,2.8094026953624978,-0.941608539858445,AM
Olea_europaea,-0.843970070294529,2.8273136219290276,-0.8209805520698302,AM
Olea_europaea,-0.030459207484708574,1.5496879080283263,-1.0788096613719298,AM
Olea_europaea,-0.10536051565782628,1.3532545070416904,-0.7985076962177716,AM
Olea_europaea,-0.8209805520698302,2.803360380906535,-0.8915981192837836,AM
Olea_europaea,-0.7339691750802004,2.760009940032921,-0.916290731874155,AM
Acer_negundo,-1.4271163556401458,3.6712245188752153,-0.5978370007556204,AM
Acer_negundo,-1.2378743560016174,3.2684276036974484,-0.579818495252942,AM
Acer_negundo,-0.941608539858445,2.658159431488745,-0.527632742082372,AM
Acer_negundo,-1.5141277326297755,3.824284091120139,-0.579818495252942,AM
Acer_negundo,-1.3862943611198906,3.671478939433769,-0.6931471805599453,AM
Acer_negundo,-1.171182981502945,2.8920370372152258,-0.3011050927839216,AM
Acer_negundo,-1.5141277326297755,3.8809450498572846,-0.616186139423817,AM
Acer_negundo,-1.4271163556401458,3.7096619932964647,-0.616186139423817,AM
Acer_negundo,-1.3093333199837622,3.266141017335315,-0.40047756659712525,AM
Acer_rubrum,-1.4271163556401458,3.7436043538031827,-0.6348782724359695,AM
Acer_rubrum,-1.2378743560016174,3.332561589272017,-0.579818495252942,AM
Acer_rubrum,-0.843970070294529,2.528125768907977,-0.579818495252942,AM
Acer_rubrum,-1.3093333199837622,3.8422441108202294,-0.941608539858445,AM
Acer_rubrum,-1.3093333199837622,3.578506396632566,-0.7339691750802004,AM
Acer_rubrum,-1.1394342831883648,2.922085733385692,-0.4155154439616658,AM
Acer_rubrum,-1.3470736479666092,3.906206120106581,-0.941608539858445,AM
Acer_rubrum,-1.2729656758128873,3.5473158897921495,-0.7550225842780328,AM
Acer_rubrum,-1.1086626245216111,3.147594622863237,-0.6733445532637656,AM
Acer_saccharum,-1.4696759700589417,3.687878953780353,-0.5447271754416722,AM
Acer_saccharum,-1.2729656758128873,3.1523085805960878,-0.3856624808119846,AM
Acer_saccharum,-1.0216512475319814,2.3693087250369538,-0.05129329438755058,AM
Acer_saccharum,-1.6094379124341003,3.914819092730147,-0.4620354595965587,AM
Acer_saccharum,-1.4271163556401458,3.6312503412773,-0.527632742082372,AM
Acer_saccharum,-1.171182981502945,3.259249719006474,-0.6733445532637656,AM
Acer_saccharum,-1.4271163556401458,3.8104331496665127,-0.7133498878774648,AM
Acer_saccharum,-1.3470736479666092,3.6027767550605247,-0.6733445532637656,AM
Acer_saccharum,-1.1394342831883648,2.920469789053444,-0.37106368139083207,AM
Carya_glabra,-1.7147984280919266,4.595220855134423,-0.916290731874155,EcM
Carya_glabra,-1.6094379124341003,3.6498787167642037,-0.18632957819149348,EcM
Carya_glabra,-1.3093333199837622,3.043569602968151,-0.1743533871447778,EcM
Carya_glabra,-1.8325814637483102,4.397899983830172,-0.5447271754416722,EcM
Carya_glabra,-1.8971199848858813,4.163715140146772,-0.15082288973458366,EcM
Carya_glabra,-1.6607312068216509,3.5452977256359124,-0.020202707317519466,EcM
Carya_glabra,-1.9661128563728327,4.528721013824685,-0.3011050927839216,EcM
Carya_glabra,-1.8971199848858813,4.104624871629657,-0.01005033585350145,EcM
Carya_glabra,-1.6094379124341003,3.41213732170049,0.04879016416943204,EcM
Juglans_nigra,-1.1394342831883648,2.663052835171474,-0.16251892949777494,AM
Juglans_nigra,-1.2039728043259361,2.67827804276854,-0.05129329438755058,AM
Juglans_nigra,-0.7985076962177716,1.840549633397487,0.0,AM
Juglans_nigra,-1.3862943611198906,3.2136622578153133,-0.18632957819149348,AM
Juglans_nigra,-1.5141277326297755,3.5956670723917576,-0.3285040669720361,AM
Juglans_nigra,-1.3093333199837622,3.4553698605505483,-0.616186139423817,AM
Juglans_nigra,-1.3093333199837622,3.0619880693310564,-0.21072103131565253,AM
Juglans_nigra,-1.4271163556401458,3.393165209964891,-0.2744368457017603,AM
Juglans_nigra,-1.1086626245216111,2.6511270537025893,-0.16251892949777494,AM
Liriodendron_tulipifera,-0.4155154439616658,2.322387720290225,-1.2729656758128873,AM
Liriodendron_tulipifera,-0.37106368139083207,2.5556757206762075,-1.5606477482646683,AM
Liriodendron_tulipifera,-0.3856624808119846,2.0215475632609334,-1.0216512475319814,AM
Liriodendron_tulipifera,-0.2744368457017603,1.927164106234258,-1.1394342831883648,AM
Liriodendron_tulipifera,-0.18632957819149348,1.5686159179138452,-0.9675840262617056,AM
Pinus_strobus,-1.6607312068216509,4.072439726834051,-0.4942963218147801,EcM
Pinus_strobus,-1.4696759700589417,3.6315151367243654,-0.4462871026284195,EcM
Pinus_strobus,-1.0788096613719298,2.6905648867611904,-0.2744368457017603,EcM
Pinus_strobus,-1.2729656758128873,3.1612467120315646,-0.40047756659712525,EcM
Pinus_strobus,-1.1394342831883648,3.0022112396517002,-0.4942963218147801,EcM
Pinus_strobus,-0.7133498878774648,2.200552367428894,-0.527632742082372,EcM
Pinus_strobus,-1.171182981502945,2.8914822521801917,-0.3011050927839216,EcM
Pinus_strobus,-1.0216512475319814,2.668616131856803,-0.37106368139083207,EcM
Pinus_strobus,-0.7550225842780328,2.0451088625993306,-0.31471074483970024,EcM
Pinus_virginiana,-1.4696759700589417,3.5698143469549963,-0.37106368139083207,EcM
Pinus_virginiana,-1.3470736479666092,3.1962211343033946,-0.23572233352106983,EcM
Pinus_virginiana,-1.1394342831883648,2.8690346205080335,-0.342490308946776,EcM
Pinus_virginiana,-1.5606477482646683,3.5354368568703585,-0.1743533871447778,EcM
Pinus_virginiana,-1.4271163556401458,3.3734835430946397,-0.3011050927839216,EcM
Pinus_virginiana,-1.1394342831883648,2.8015405441895487,-0.2876820724517809,EcM
Pinus_virginiana,-1.3862943611198906,3.3884498088396526,-0.37106368139083207,EcM
Pinus_virginiana,-1.2729656758128873,3.3046864812813115,-0.5108256237659907,EcM
Pinus_virginiana,-0.916290731874155,2.5128460184772416,-0.4307829160924542,EcM
Populus_tremuloides,-1.7719568419318752,4.120824195026479,-0.3856624808119846,EcMAM
Populus_tremuloides,-1.5141277326297755,4.278470046515581,-1.0216512475319814,EcMAM
Populus_tremuloides,-1.0216512475319814,2.826721730819709,-0.527632742082372,EcMAM
Populus_tremuloides,-1.8325814637483102,4.1726935286330775,-0.31471074483970024,EcMAM
Populus_tremuloides,-1.6607312068216509,3.7459684210980635,-0.21072103131565253,EcMAM
Populus_tremuloides,-1.3470736479666092,3.032064202801381,-0.09431067947124129,EcMAM
Populus_tremuloides,-1.7719568419318752,4.2336716274432,-0.4942963218147801,EcMAM
Populus_tremuloides,-1.6607312068216509,3.9158158036668422,-0.3856624808119846,EcMAM
Populus_tremuloides,-1.4696759700589417,3.517497837358316,-0.3011050927839216,EcMAM
Quercus_alba,-1.5606477482646683,3.6357423557008075,-0.3011050927839216,EcM
Quercus_alba,-1.4696759700589417,3.4226326623822203,-0.2613647641344075,EcM
Quercus_alba,-1.1394342831883648,2.6651427000909336,-0.12783337150988489,EcM
Quercus_alba,-1.8325814637483102,4.395929539842873,-0.4942963218147801,EcM
Quercus_alba,-1.7719568419318752,4.024815832903268,-0.18632957819149348,EcM
Quercus_alba,-1.6094379124341003,3.632309102625542,-0.13926206733350766,EcM
Quercus_alba,-1.8971199848858813,4.524285457247627,-0.4620354595965587,EcM
Quercus_alba,-1.8971199848858813,4.174387269895637,-0.13926206733350766,EcM
Quercus_alba,-1.6094379124341003,3.5655812377694427,-0.05129329438755058,EcM
Quercus_rubra,-1.8971199848858813,4.252487263318897,-0.15082288973458366,EcM
Quercus_rubra,-1.7719568419318752,3.955274047422461,-0.1743533871447778,EcM
Quercus_rubra,-1.4271163556401458,3.119718253334982,-0.06187540371808753,EcM
Quercus_rubra,-1.8971199848858813,4.210199814972569,-0.19845093872383832,EcM
Quercus_rubra,-1.7719568419318752,4.161847435323687,-0.4155154439616658,EcM
Quercus_rubra,-1.5606477482646683,3.762129915853529,-0.35667494393873245,EcM
Quercus_rubra,-1.6094379124341003,4.006241680667128,-0.5621189181535413,EcM
Quercus_rubra,-1.6094379124341003,3.755369195382769,-0.3011050927839216,EcM
Quercus_rubra,-1.4271163556401458,3.3061538329752613,-0.23572233352106983,EcM
Sassafras_albidum,-0.8209805520698302,2.644044871126298,-0.7765287894989963,NMAM
Sassafras_albidum,-0.5978370007556204,2.3135250330323798,-0.8675005677047231,NMAM
Sassafras_albidum,-0.2744368457017603,1.5851452198650557,-0.7985076962177716,NMAM
Sassafras_albidum,-0.579818495252942,2.7180005319553784,-1.3093333199837622,NMAM
Sassafras_albidum,-0.5621189181535413,2.5400259490090797,-1.2039728043259361,NMAM
Sassafras_albidum,-0.4307829160924542,2.086913556518537,-0.9675840262617056,NMAM
Sassafras_albidum,-0.4780358009429998,2.498973906999436,-1.3093333199837622,NMAM
Sassafras_albidum,-0.4620354595965587,2.3389170222414357,-1.171182981502945,NMAM
Sassafras_albidum,-0.3285040669720361,1.8309801823813363,-0.916290731874155,NMAM
Acer_platanoides,-0.8915981192837836,3.9531649487593215,-1.9449106487222299,AM
Acer_pseudoplatanus,-0.7765287894989963,3.893859034800475,-2.017406150760383,AM
Fagus_sylvatica,-1.0216512475319814,4.507557357121091,-1.7544636844843582,EcM
Quercus_robur,-0.7765287894989963,4.220977213155467,-2.017406150760383,EcM
Tilia_cordata,-0.843970070294529,3.824284091120139,-1.5417792639602856,EcM
Abies_alba,-0.4780358009429998,4.11251186617755,-1.8773173575897015,EcM
Larix_decidua,-0.6348782724359695,3.258096538021482,-1.8643301620628905,EcM
Picea_abies,-0.616186139423817,3.711130063048756,-1.6296406197516198,EcM
Pinus_nigra,-0.7985076962177716,3.5085558999826545,-1.3983669423541598,EcM
Pinus_sylvestris,-0.5447271754416722,3.686376323895818,-1.3943265328171548,EcM
Pseudotsuga_menziesii,-0.5621189181535413,3.2068032436339315,-1.6713133161521878,EcM
Pinus_elliottii,-1.171182981502945,3.9169442098135536,-1.3343346234550024,EcM
Pinus_elliottii,-1.160487693450027,3.7534179753296324,-1.1086626245216111,EcM
Pinus_elliottii,-1.1499055820030286,3.8631128339881298,-1.284941865654784,EcM
Pinus_elliottii,-1.160487693450027,3.861080526760722,-1.29706322861146,EcM
Pinus_elliottii,-1.171182981502945,3.8754281748894397,-1.284941865654784,EcM
Pinus_elliottii,-1.0498221244986778,3.688295950658902,-1.3470736479666092,EcM
Pinus_elliottii,-1.0886619568248426,3.7032753343976688,-1.284941865654784,EcM
Pinus_elliottii,-1.05939157455329,3.6299253112702656,-1.2494351772399026,EcM
Pinus_elliottii,-1.05939157455329,3.6345992472888473,-1.2611312193423552,EcM
Pinus_elliottii,-1.05939157455329,3.6999018173132523,-1.3470736479666092,EcM
Pinus_elliottii,-0.8209805520698302,3.19812875185954,-1.284941865654784,EcM
Pinus_elliottii,-0.8595953889850114,3.2026109325376853,-1.2151461038004658,EcM
Pinus_elliottii,-0.8517522099553338,3.192942442841696,-1.2039728043259361,EcM
Pinus_elliottii,-0.8362480249698494,3.0731561705187946,-1.160487693450027,EcM
Pinus_elliottii,-0.8517522099553338,3.1382440546980805,-1.1819938965202041,EcM
Pinus_elliottii,-0.43592431507740903,2.4561641809223462,-1.2611312193423552,EcM
Pinus_elliottii,-0.5052854439428615,2.486849205970099,-1.2151461038004658,EcM
Pinus_elliottii,-0.5108256237659907,2.447262471317256,-1.160487693450027,EcM
Pinus_elliottii,-0.467340511294337,2.3608540011180215,-1.160487693450027,EcM
Pinus_elliottii,-0.4780358009429998,2.3138546849226787,-1.0986122896681096,EcM
Agathis_australis,-0.4620354595965587,2.6390573296152584,-1.4271163556401458,AM
Dacrydium_cupressinum,-0.6733445532637656,3.3250360206965914,-1.5606477482646683,AM
Dacrycarpus_dacrydioides,-0.5108256237659907,2.8791984572980396,-1.5606477482646683,AM
Halocarpus_biformis,-0.4462871026284195,2.3978952727983707,-1.2039728043259361,AM
Halocarpus_kirkii,-0.4307829160924542,2.6602595372658615,-1.5141277326297755,AM
Phyllocladus_trichomanoides,-0.5108256237659907,2.517696472610991,-1.3093333199837622,AM
Phyllocladus_trichomanoides,-0.2744368457017603,2.803360380906535,-1.8971199848858813,AM
Podocarpus_laetus,-0.10536051565782628,2.128231705849268,-1.6607312068216509,AM
Podocarpus_totara,-0.12783337150988489,2.3978952727983707,-1.8971199848858813,AM
Pectinopitys_ferruginea,-0.07257069283483537,1.9021075263969205,-1.4696759700589417,AM
Prumnopitys_taxifolia,-0.2876820724517809,2.3978952727983707,-1.5606477482646683,AM
Ackama_rosifolia,-1.0216512475319814,3.9512437185814275,-1.6094379124341003,AM
Alectryon_excelsus,-0.843970070294529,3.7999735016195233,-1.7719568419318752,AM
Aristotelia_serrata,-0.9942522733438669,4.410371107683024,-2.120263536200091,AM
Carpodetus_serratus,-0.6348782724359695,3.427514689979529,-1.8971199848858813,AM
Coprosma_linariifolia,-0.579818495252942,3.104586678466073,-1.6094379124341003,AM
Corynocarpus_laevigatus,-0.527632742082372,3.169685580677429,-1.8325814637483102,AM
Dracophyllum_longifolium,-1.5141277326297755,4.871373226762748,-1.4696759700589417,ErM
Didymocheton_spectabilis,-0.01005033585350145,1.9600947840472698,-1.6607312068216509,AM
Elaeocarpus_dentatus,-0.6539264674066639,3.6375861597263857,-1.8971199848858813,AM
Elaeocarpus_hookerianus,-0.8675005677047231,3.5085558999826545,-1.5606477482646683,AM
Fuchsia_excorticata,-1.0788096613719298,4.430816798843313,-2.0402208285265546,AM
Nothofagus_solandri,-1.2378743560016174,4.356708826689592,-1.4271163556401458,EcM
Nothofagus_fusca,-1.171182981502945,4.012772908528289,-1.3093333199837622,EcM
Nothofagus_solandri,-1.4271163556401458,4.642465970731788,-1.4271163556401458,EcM
Nothofagus_fusca,-1.2729656758128873,4.186619838331271,-1.2039728043259361,EcM
Hoheria_lyallii,-0.616186139423817,3.6375861597263857,-2.120263536200091,AM
Hoheria_sexstylosa,-0.2484613592984996,3.173878458937465,-2.4079456086518722,AM
Knightia_excelsa,-0.916290731874155,3.7773481021015445,-1.6607312068216509,NM
Kunzea_ericoides,-0.616186139423817,3.676300671907076,-2.0402208285265546,EcMAM
Leptospermum_scoparium,-0.9942522733438669,4.575741375297279,-2.0402208285265546,EcMAM
Nothofagus_obliqua,-1.0216512475319814,3.5667118201397288,-1.171182981502945,EcM
Melicytus_ramiflorus,-0.616186139423817,3.8897773964808264,-2.3025850929940455,AM
Metrosideros_excelsa,-0.7133498878774648,3.190476350346503,-1.4271163556401458,AM
Metrosideros_robusta,-0.843970070294529,3.8628327612373745,-1.8325814637483102,AM
Metrosideros_umbellata,-0.916290731874155,3.7495040759303713,-1.5606477482646683,AM
Myrsine_australis,-0.8915981192837836,3.696351468952637,-1.6094379124341003,AM
Myrsine_divaricata,-1.0216512475319814,3.728100167267218,-1.3862943611198906,AM
Myrsine_coriacea,-0.7339691750802004,3.3775875160230218,-1.6094379124341003,AM
Nestegis_lanceolata,-0.2876820724517809,2.3978952727983707,-1.5141277326297755,AM
Olearia_rani,-0.7550225842780328,4.087655574071304,-2.2072749131897207,AM
Pennantia_corymbosa,-0.6931471805599453,3.5380565643793527,-1.8971199848858813,AM
Pittosporum_eugenioides,-0.8675005677047231,3.901972669574645,-1.8971199848858813,AM
Pittosporum_tenuifolium,-0.843970070294529,3.9357395320454622,-1.9661128563728327,AM
Plagianthus_regius,-0.8209805520698302,4.065602093356446,-2.120263536200091,AM
Neopanax_arboreus,-0.2484613592984996,2.884800712846709,-2.0402208285265546,AM
Pseudopanax_crassifolius,-0.07257069283483537,2.3702437414678603,-1.8971199848858813,AM
Quintinia_serrata,-0.8915981192837836,3.6375861597263857,-1.6094379124341003,AM
Schefflera_digita,-0.4620354595965587,3.7977338590260183,-2.659260036932778,AM
Sophora_microphylla,-0.7133498878774648,3.449987545831587,-1.7147984280919266,AM
Syzygium_maire,-1.171182981502945,4.373238128640803,-1.7147984280919266,AM
Vitex_lucens,-0.579818495252942,3.5553480614894135,-2.0402208285265546,AM
Pterophylla_racemosa,-0.9942522733438669,3.7999735016195233,-1.4271163556401458,AM
Weinmannia_silvicola,-0.9675840262617056,3.673765816303888,-1.4271163556401458,AM
Beilschmiedia_tarairi,-0.09431067947124129,2.0794415416798357,-1.5606477482646683,AM
Beilschmiedia_tawa,-0.3011050927839216,2.2082744135228043,-1.3093333199837622,AM
Pseudowintera_colorata,-0.4620354595965587,3.332204510175204,-2.120263536200091,AM
Rhopalostylis_sapida,-0.6733445532637656,3.104586678466073,-1.3470736479666092,AM
Alsophila_tricolor,-0.5447271754416722,2.990719731730447,-1.5606477482646683,AM
Sphaeropteris_medullaris,-0.7550225842780328,3.342861804649192,-1.5606477482646683,AM
Alsophila_smithii,-0.4780358009429998,2.7013612129514133,-1.5141277326297755,AM
Dicksonia_squarrosa,-0.37106368139083207,2.7536607123542622,-1.6607312068216509,AM
Helianthus_agrestis,-0.5993274928054119,5.544903969588713,-3.4112477175156566,AM
Helianthus_agrestis,-0.7009673989144548,5.26129024571096,-3.146555163288575,AM
Helianthus_angustifolius,-0.661071712827807,5.844268792289402,-3.506557897319982,AM
Helianthus_angustifolius,-0.6357134324057457,5.742265736471895,-3.473768074496991,AM
Helianthus_angustifolius,-0.5054427375284054,5.758239093785499,-3.473768074496991,AM
Helianthus_annuus,-0.5516614204648288,5.470167623474696,-3.4112477175156566,AM
Helianthus_annuus,-0.7474515510589879,5.440554503968522,-3.2968373663379125,AM
Helianthus_annuus,-0.3436082998629716,5.5675808534758,-3.473768074496991,AM
Helianthus_argophyllus,-0.6280706291866027,5.708305563383786,-3.4420193761824103,AM
Helianthus_argophyllus,-0.9207654284126605,5.566281308133714,-3.4420193761824103,AM
Helianthus_atrorubens,-0.6416097839677622,5.60285655606624,-3.4112477175156566,AM
Helianthus_carnosus,-0.42171324708938757,5.69093361378729,-3.4420193761824103,AM
Helianthus_carnosus,-0.5817448852655766,5.614003635409415,-3.3813947543659757,AM
Helianthus_carnosus,-0.43024827442340075,5.4869522853985835,-3.506557897319982,AM
Helianthus_cusickii,-0.5052754544899883,5.266929893306404,-3.3813947543659757,AM
Helianthus_cusickii,-0.5278581573169855,5.084876590695212,-3.3524072174927233,AM
Helianthus_debilis,-0.8116420645202245,5.774240938304763,-3.3813947543659757,AM
Helianthus_floridanus,-0.4485711152505419,5.566969513093012,-3.506557897319982,AM
Helianthus_floridanus,-0.36550469744470726,5.4405978738048075,-3.2441936328524905,AM
Helianthus_giganteus,-0.6147346378066033,5.451381742274873,-3.3242363405260273,AM
Helianthus_giganteus,-0.7610990512191835,5.423583445380434,-3.3242363405260273,AM
Helianthus_grosseserratus,-0.6094841848138753,5.337345753515515,-3.3242363405260273,AM
Helianthus_grosseserratus,-0.7485939730010759,5.3793903125745155,-3.3242363405260273,AM
Helianthus_heterophyllus,-0.39401040444093033,5.647459006269912,-3.611918412977808,AM
Helianthus_heterophyllus,-0.5288813517795998,5.558795237508936,-3.506557897319982,AM
Helianthus_longifolius,-0.7941436989871485,5.914232469244718,-3.540459448995663,AM
Helianthus_longifolius,-0.7630078927974836,5.907919881397637,-3.473768074496991,AM
Helianthus_longifolius,-0.7354720121076139,5.73492578142496,-3.4420193761824103,AM
Helianthus_maximiliani,-0.5950244687253613,5.469914959979016,-3.3242363405260273,AM
Helianthus_maximiliani,-0.6897212756793548,5.694068782468562,-3.3524072174927233,AM
Pappobolus_microphyllus,-0.8343969001269332,5.611923000978106,-3.3242363405260273,AM
Pappobolus_microphyllus,-0.6651795659163021,5.664452422192262,-3.3524072174927233,AM
Helianthus_mollis,-0.8511227292141557,5.634611015794902,-3.4112477175156566,AM
Helianthus_mollis,-0.7340098217395981,5.681195975983405,-3.3242363405260273,AM
Helianthus_neglectus,-1.0267933063968786,5.582443122797041,-3.473768074496991,AM
Helianthus_neglectus,-0.8427314655891112,5.6108993471761455,-3.540459448995663,AM
Helianthus_niveus,-0.5583792527602542,5.549348421349137,-3.079113882493042,AM
Helianthus_occidentalis,-0.7811273685135821,5.692788933181335,-3.3242363405260273,AM
Helianthus_petiolaris,-0.8075732645887229,5.725380874208697,-3.4112477175156566,AM
Helianthus_petiolaris,-0.78999135232856,5.663099359380666,-3.506557897319982,AM
Helianthus_porteri,-0.7112306859932551,6.002775338253849,-3.473768074496991,AM
Helianthus_porteri,-0.9594392326959957,6.043131521668399,-3.506557897319982,AM
Helianthus_porteri,-0.6646882645249291,5.8706519268912345,-3.2188758248682006,AM
Helianthus_praecox,-0.8292986425705315,5.948844061271341,-3.3813947543659757,AM
Helianthus_radula,-0.5274888710763693,5.631928370888217,-3.2968373663379125,AM
Helianthus_radula,-0.6145298451700797,5.490424224076788,-3.146555163288575,AM
Helianthus_salicifolius,-0.9038778909347855,5.4275457645558225,-3.2188758248682006,AM
Helianthus_salicifolius,-0.9128515277224765,5.592180298074899,-3.3524072174927233,AM
Helianthus_silphioides,-0.7259584922804876,5.394036553606581,-3.101092789211817,AM
Helianthus_silphioides,-0.4996706722250973,5.513469067932694,-3.4112477175156566,AM
Helianthus_verticillatus,-0.649696675602,5.564328818089423,-3.1941832122778293,AM
Helianthus_verticillatus,-0.5660010755635966,5.2807642073004475,-3.170085660698769,AM
Pinus_sylvestris,-1.2687602453303757,3.6147549205538443,-0.7532547393265218,EcM
Pinus_sylvestris,-1.2735015336447686,3.6148308759271273,-0.8318280099484078,EcM
Pinus_sylvestris,-1.1413632267794205,3.367401255463496,-0.8476318081415484,EcM
Pinus_sylvestris,-0.8889674362252648,3.0033495646882153,-0.9930778659329957,EcM
Pinus_sylvestris,-0.7274074172450594,2.626663480036058,-0.938419778085522,EcM
Pinus_sylvestris,-0.6185593235693727,2.4666310308708645,-0.9861667843220505,EcM
Pinus_sylvestris,-0.5087610897171116,2.161419321431628,-0.9159274478697804,EcM
Pinus_sylvestris,-0.43625942328157485,1.874831576096281,-0.8526985880979049,EcM
Pinus_sylvestris,-1.2046396933136396,3.4585328045387835,-0.7765627139874688,EcM
Pinus_sylvestris,-1.2234388204820028,3.521729163459486,-0.841281645488699,EcM
Pinus_sylvestris,-1.0997929854162722,3.256225408935401,-0.8204855973074229,EcM
Pinus_sylvestris,-0.9100104939170046,2.8962342907305327,-0.8339114284755221,EcM
Pinus_sylvestris,-0.7100899012902573,2.585525419365865,-0.9114480764804932,EcM
Pinus_sylvestris,-0.5026921238692685,2.2823933789834463,-1.0395387345472495,EcM
Pinus_sylvestris,-0.42031482135850046,2.0772791768281884,-1.0362992351726585,EcM
Pinus_sylvestris,-0.32607646043909255,1.3960999787798374,-1.1067795198887265,EcM
Pinus_sylvestris,-1.413747781234602,3.681228474622642,-0.5907998975311805,EcM
Pinus_sylvestris,-1.3770798018703738,3.602678683221666,-0.6090003506371663,EcM
Pinus_sylvestris,-1.1718929108625242,3.3345195523246205,-0.7510868839977305,EcM
Pinus_sylvestris,-0.9472139645276652,3.0482373322834877,-0.9184705158780551,EcM
Pinus_sylvestris,-0.7749647957837201,2.7815810361729323,-1.0038067998352143,EcM
Pinus_sylvestris,-0.5559973424127117,2.3602383116201353,-1.0198098938646685,EcM
Pinus_sylvestris,-0.39390221674371145,1.971388659297732,-0.9010504176878978,EcM
Pinus_sylvestris,-0.12386398722238602,1.5681571627017623,-1.0864014355138432,EcM
Pinus_sylvestris,-1.2878074144052367,3.529351566985785,-0.7127692829917189,EcM
Pinus_sylvestris,-1.274752986386983,3.5637533303247126,-0.7848232830294981,EcM
Pinus_sylvestris,-1.0722138148135787,3.258519528548374,-0.881886466996599,EcM
Pinus_sylvestris,-0.9080745771028146,3.0196021038493854,-0.9870417506753022,EcM
Pinus_sylvestris,-0.7050679514556389,2.685629023233003,-1.0440879250612105,EcM
Pinus_sylvestris,-0.5752752599650561,2.487111625374944,-1.084354964064586,EcM
Pinus_sylvestris,-0.4732087601946839,2.1700366453493554,-0.9566581422334481,EcM
Pinus_sylvestris,-0.2594834180931022,1.5021372058224718,-0.7414374726862271,EcM
Pinus_sylvestris,-0.3849274568906163,2.0609454889332577,-1.0065541455530937,EcM
Pinus_sylvestris,-1.2419343106130547,3.500666685458356,-0.7832466998655268,EcM
Pinus_sylvestris,-1.1996488328458814,3.5464703780699534,-0.9248779088688541,EcM
Pinus_sylvestris,-1.0192467323636671,3.3044050143604387,-1.0313197623490191,EcM
Pinus_sylvestris,-0.8449007357874821,2.9802155489316116,-1.0607789605654634,EcM
Pinus_sylvestris,-0.6443570163905132,2.6395093681447315,-1.1272735104055847,EcM
Pinus_sylvestris,-0.5303482902548545,2.443556013825366,-1.1411622283510974,EcM
Pinus_sylvestris,-0.36528331847533263,2.1477155720290604,-1.1651523956427734,EcM
Pinus_sylvestris,-0.3693984020717707,2.0920202815741953,-1.1350746595476398,EcM
Pinus_sylvestris,-0.16623169564500678,1.70685461650289,-1.0527084860352751,EcM
Pinus_sylvestris,-1.2989430419171628,3.501221017175807,-0.6530406041301953,EcM
Pinus_sylvestris,-1.2594855142561947,3.5142980847331833,-0.7691979411671342,EcM
Pinus_sylvestris,-1.0626386000518206,3.2574069341455307,-0.8970388419903007,EcM
Pinus_sylvestris,-0.8792358239231439,2.955325617768661,-0.9732031418578867,EcM
Pinus_sylvestris,-0.692107720985283,2.653441303188664,-1.0507468261892494,EcM
Pinus_sylvestris,-0.5341966100892309,2.3847326847670103,-1.0959968778386948,EcM
Pinus_sylvestris,-0.4275880251959351,2.1351992317627566,-1.0151527530054247,EcM
Pinus_sylvestris,-0.2664099371762413,1.8596990051963243,-1.1004028457591033,EcM
Pinus_sylvestris,-0.12098189656078312,1.6531893597544867,-1.0054551978244435,EcM
Pinus_sylvestris,-1.0184618944852812,3.1988946179156232,-1.0116720337075915,EcM
Pinus_sylvestris,-0.9772167380085313,3.129933132598354,-0.8874535102976809,EcM
Pinus_sylvestris,-0.6082776790821905,2.6822125595663304,-0.8910726012949928,EcM
Pinus_sylvestris,-0.2555232731984204,1.916430621909987,-0.9129293675942691,EcM
Pinus_sylvestris,-1.0578542961959418,3.2836169538544153,-0.8896650206308403,EcM
Pinus_sylvestris,-1.011480918877904,3.238397467593874,-0.9369860349868602,EcM
Pinus_sylvestris,-0.7186701377910312,2.705837580394732,-0.987951629021207,EcM
Pinus_sylvestris,-0.4797218085521594,2.222093788749445,-1.0211260715721315,EcM
Pinus_sylvestris,-0.19612437897141569,1.743399546016707,-1.0770035874234474,EcM
Pinus_sylvestris,-1.210158563413022,3.3927563481664897,-0.7224272896400368,EcM
Pinus_sylvestris,-1.2214581186669555,3.436197531846337,-0.7467609441021631,EcM
Pinus_sylvestris,-0.896757748771841,2.954703380027446,-0.8987754489488646,EcM
Pinus_sylvestris,-0.5453595598372998,2.3654500457469516,-1.007563793318262,EcM
Pinus_sylvestris,-0.2717431086502784,1.8827025110426348,-1.1008888159911752,EcM
Pinus_sylvestris,-1.085656577507894,3.1522725012791404,-0.7187215876168077,EcM
Pinus_sylvestris,-1.1020782883112843,3.2914091574131494,-0.8390767505078819,EcM
Pinus_sylvestris,-0.8938654951558694,2.9140118351937363,-0.880089744178985,EcM
Pinus_sylvestris,-0.4712644237131584,2.164763204197355,-0.9717683631384935,EcM
Pinus_sylvestris,-0.1210383283770561,1.3960158142974133,-0.98196655549509,EcM
Pinus_sylvestris,-1.074876230991526,3.1247206414386914,-0.7035062004150877,EcM
Pinus_sylvestris,-1.0501078796084948,3.024640594375449,-0.6958677339115072,EcM
Pinus_sylvestris,-0.7898508307933815,2.6741331099954477,-0.8485368215827511,EcM
Pinus_sylvestris,-0.4678938563824783,2.1439611259193554,-0.9668073121927161,EcM
Pinus_sylvestris,-0.1740161428275595,1.6698208178865475,-0.9779821578363367,EcM
Pinus_sylvestris,-1.1554207637437703,3.0582052571556484,-0.5106417706680073,EcM
Pinus_sylvestris,-1.043953663364311,3.123190592340395,-0.804485299878634,EcM
Pinus_sylvestris,-0.737015477016606,2.5798533104969614,-0.8937668057706484,EcM
Pinus_sylvestris,-0.3964805905322277,1.9964796745281785,-0.9802748520536748,EcM
Pinus_sylvestris,-0.21565381206683015,1.6727877982370036,-1.026139524238104,EcM
Pinus_sylvestris,-0.0168579674057844,1.274411438793744,-1.0397487941381234,EcM
Pinus_sylvestris,-1.1185429227968144,3.0534333620083207,-0.5552426194412,EcM
Pinus_sylvestris,-1.149926635908849,3.323378526228523,-0.7447536650390245,EcM
Pinus_sylvestris,-0.900269755819976,2.7978802639728664,-0.7480165668118726,EcM
Pinus_sylvestris,-0.5681369904791043,2.3036802730653614,-0.904118075187601,EcM
Pinus_sylvestris,-0.2718874665531401,1.8207282809545642,-1.0234572774226063,EcM
Pinus_sylvestris,-0.03237857406402172,1.3496877293567189,-1.0124457374432914,EcM
Pinus_sylvestris,-1.2426751337299595,3.2868661129229695,-0.5544360631514783,EcM
Pinus_sylvestris,-1.1652650432228864,3.336586334516859,-0.7645789222459537,EcM
Pinus_sylvestris,-0.7953128053212524,2.73088768587647,-0.8723420018899574,EcM
Pinus_sylvestris,-0.36209778384980296,2.0879684383964947,-1.0576403098760578,EcM
Pinus_sylvestris,-0.15779063024967724,1.6141897624904984,-1.0236337196652538,EcM
Pinus_sylvestris,-1.3678259568368476,3.6479141941233406,-0.6598266392380954,EcM
Pinus_sylvestris,-1.2384952383643588,3.40329088275872,-0.6974956655311196,EcM
Pinus_sylvestris,-1.0020120322796329,3.001551596402185,-0.7773408147544566,EcM
Pinus_sylvestris,-0.7628402971612902,2.5367084015558525,-0.7667263516305312,EcM
Pinus_sylvestris,-0.3746207248131833,1.746281450494037,-0.8103407874635915,EcM
Pinus_sylvestris,-0.19203861485733573,1.3732075567270523,-0.8011591014213991,EcM
Pinus_sylvestris,-0.14240877394539095,1.3534018114373432,-0.8249637540418941,EcM
Pinus_sylvestris,-1.25955598890297,3.506466450338834,-0.7646720290827993,EcM
Pinus_sylvestris,-1.139934408230047,3.3577111474551202,-0.8600880890823179,EcM
Pinus_sylvestris,-0.9193453926033838,2.9153889855440442,-0.8710383516223356,EcM
Pinus_sylvestris,-0.6891153194465748,2.4514861048238332,-0.8716107362200383,EcM
Pinus_sylvestris,-0.4621942023542537,1.9957550395264418,-0.8800356980614458,EcM
Pinus_sylvestris,-0.2792730846332962,1.6922506062436242,-0.8974868948696443,EcM
Pinus_sylvestris,-1.2426443349742053,3.6057122281714693,-0.8688140156141901,EcM
Pinus_sylvestris,-1.0291235401484986,3.165511192635545,-0.8955519497704031,EcM
Pinus_sylvestris,-0.8425756940518745,2.7492775483359524,-0.8731258696131262,EcM
Pinus_sylvestris,-0.5246203347881799,1.9172912039496508,-0.8731242079122197,EcM
Pinus_sylvestris,-0.22869392618623335,1.2822430957974602,-0.8334516484754746,EcM
Pinus_sylvestris,-0.0588303976497202,1.2317136419639736,-0.8036728191954661,EcM
Pinus_sylvestris,-1.1445096410551472,3.4237935934611117,-0.8816544052117432,EcM
Pinus_sylvestris,-0.992308218298071,2.9784694446376445,-0.7689606998711592,EcM
Pinus_sylvestris,-0.7151065319143723,2.426484970128381,-0.7871283538847396,EcM
Pinus_sylvestris,-0.5283787830135799,2.0377304958205325,-0.8319779156432278,EcM
Pinus_sylvestris,-0.18901390065507956,1.4605222553326749,-0.903190890692104,EcM
Pinus_sylvestris,-1.0519386484704378,3.484155059448425,-1.0858283643543305,EcM
Pinus_sylvestris,-1.0673462067941109,3.2478400216290746,-0.8728862971249034,EcM
Pinus_sylvestris,-0.7564278264876881,2.640088225202616,-0.9063739362367514,EcM
Pinus_sylvestris,-0.4282630167841685,1.9792386003403333,-0.9080361548307935,EcM
Pinus_sylvestris,-0.21614311166946532,1.5657758111260007,-0.9177423299330163,EcM
Pinus_sylvestris,-0.02747397700075509,1.221646121543707,-0.8906381582426377,EcM
Pinus_sylvestris,-0.8583048826755019,3.286406868939238,-1.3233772687878285,EcM
Pinus_sylvestris,-1.0202633222571333,3.275451120016375,-1.0053346239329133,EcM
Pinus_sylvestris,-0.7915541504728291,2.844796494889552,-1.050039965367134,EcM
Pinus_sylvestris,-0.39162137628751414,1.9950522708722223,-1.0146579466519634,EcM
Pinus_sylvestris,-0.13599155921134842,1.8258960392958614,-0.9732480418192005,EcM
Pinus_sylvestris,-0.3017809968312825,1.775088374371928,-0.9672707858529211,EcM
Pinus_sylvestris,-0.9517624811824078,3.3208181733230644,-1.1607372511829779,EcM
Pinus_sylvestris,-0.9547717186924366,3.17833779752545,-0.9728373164492176,EcM
Pinus_sylvestris,-0.5562763700033749,2.4875384444097492,-1.1021667021179176,EcM
Pinus_sylvestris,-0.29445160075860044,1.8603757085980341,-1.021490860394686,EcM
Pinus_sylvestris,-0.11014974350098737,1.4257047995434253,-0.9794450115162014,EcM
Pinus_sylvestris,-0.9353206577809607,3.2589336291014237,-1.1433901222124876,EcM
Pinus_sylvestris,-0.9014513816775153,2.9723584333009954,-0.8865828873419064,EcM
Pinus_sylvestris,-0.6251895113767185,2.5991840344909596,-1.0771338780461783,EcM
Pinus_sylvestris,-0.3012064492716682,1.9034001434432473,-1.1046517847644075,EcM
Pinus_sylvestris,-0.13547613956244986,1.4813086294194517,-1.0275360205598627,EcM
Pinus_sylvestris,-0.033798107371055514,1.2893212289263805,-1.0340700144125814,EcM
Pinus_sylvestris,-1.0565878174128778,3.5402472195365844,-1.1741240764793412,EcM
Pinus_sylvestris,-1.0701414566924154,3.292096131506293,-0.9059367300318374,EcM
Pinus_sylvestris,-0.7105375197640276,2.6291177394329805,-0.9601926415508931,EcM
Pinus_sylvestris,-0.44995005304770874,2.123898605084446,-0.9587597225733173,EcM
Pinus_sylvestris,-0.05087233037375655,1.3297977153807694,-1.0630046419006849,EcM
Pinus_sylvestris,-1.0069268521335994,3.3561097438746113,-1.0796052071463351,EcM
Pinus_sylvestris,-0.9417111092210664,3.0602509507446722,-0.9361485190916152,EcM
Pinus_sylvestris,-0.6191906484441158,2.578242638977961,-1.0807848342716746,EcM
Pinus_sylvestris,-0.3587843099449296,1.8992192488885176,-0.982403491475132,EcM
Pinus_sylvestris,-0.06485857234849643,1.326862366122533,-1.0422998592387502,EcM
Pinus_sylvestris,-0.9824305343787001,3.25441195288246,-1.0279325084121549,EcM
Pinus_sylvestris,-0.8545490871013965,2.8865270620714787,-0.9324520299637604,EcM
Pinus_sylvestris,-0.5740760859189306,2.3634257677046673,-0.995306377365002,EcM
Pinus_sylvestris,-0.20187141603867,1.7206006498399897,-1.0089401875464346,EcM
Pinus_sylvestris,-0.09772308852861494,1.4175862994480088,-1.047889727067536,EcM
Pinus_sylvestris,-1.0737050649620097,3.618822709414512,-1.1695146642409917,EcM
Pinus_sylvestris,-1.0499364167440732,3.325980142499209,-0.9757459442788854,EcM
Pinus_sylvestris,-0.8072121368479179,2.7966828533368013,-0.9625022577159652,EcM
Pinus_sylvestris,-0.5458916462781925,2.2986578119112173,-0.9754675911110222,EcM
Pinus_sylvestris,-0.35948842377826873,2.262349797165783,-0.8256119353877289,EcM
Pinus_sylvestris,-0.9635920049921681,3.4365616245943382,-1.2241570016106855,EcM
Pinus_sylvestris,-1.0678697213335957,3.3567880980072613,-0.9791512483160622,EcM
Pinus_sylvestris,-0.7877655996858696,2.797779208431496,-0.9616278050804642,EcM
Pinus_sylvestris,-0.5602259740611176,2.2918110175264226,-0.9320140326482668,EcM
Pinus_sylvestris,-0.43016772074853626,2.3045169956677714,-1.17712553905796,EcM
Pinus_sylvestris,-0.09387121561007059,1.7549903202673875,-1.3470736479666092,EcM
Pinus_sylvestris,-1.1406850650900175,3.6211820406587694,-1.0551350531423684,EcM
Pinus_sylvestris,-1.0971533534318656,3.425071630215713,-0.9951900372313326,EcM
Pinus_sylvestris,-0.831627943995446,2.946233500680703,-1.0572720348673985,EcM
Pinus_sylvestris,-0.6348405372988921,2.613615427484722,-1.100888605512582,EcM
Pinus_sylvestris,-0.2774677500448093,1.8912589618974456,-1.0543091906255602,EcM
Pinus_sylvestris,-0.1338743085563278,1.5716321976982015,-1.0986122986681097,EcM
Pinus_sylvestris,-0.9098614441092513,3.3347248343455056,-1.2575593929704314,EcM
Pinus_sylvestris,-0.9128466694716,3.2900094432139517,-1.1902575893534741,EcM
Pinus_sylvestris,-0.6824446574268096,2.9477643702354297,-1.2425214196542351,EcM
Pinus_sylvestris,-0.3398740161177026,2.24262965984592,-1.2819640255153657,EcM
Pinus_sylvestris,-0.06688794554163173,1.3188341921227213,-0.8676830248252017,EcM
Pinus_sylvestris,-0.7489559173885239,3.0599659222851927,-1.3271909258388905,EcM
Pinus_sylvestris,-0.8297919862575379,2.9928394142685324,-1.0992044279479747,EcM
Pinus_sylvestris,-0.5057385847174335,2.2621267263115072,-1.011457156511749,EcM
Pinus_sylvestris,-0.21472905271319137,1.6880242953197493,-1.0208098793592486,EcM
Pinus_sylvestris,-0.05940505329253965,1.4131819892415352,-1.0255167422730043,EcM
Pinus_sylvestris,-0.24258124520668492,1.5879913665639172,-0.8783595035954106,EcM
Pinus_sylvestris,-0.7787050689215919,3.2726061472891685,-1.4696759700589417,EcM
Larix_decidua,-0.7678707267558817,3.3250360206965914,-1.5141277326297755,EcM
Acer_campestre,-0.8843076860211043,3.778034365424829,-1.7719568419318752,AM
Prunus_avium,-1.0133524447172864,4.095344062555184,-1.6607312068216509,AM
Fraxinus_excelsior,-0.7721903879003982,3.3751955791231545,-1.5606477482646683,AM
Quercus_robur,-0.8746690571833357,4.012592060349841,-1.8325814637483102,EcM
Acer_platanoides,-0.8770700187208739,3.6171148878846253,-1.5606477482646683,AM
Acer_pseudoplatanus,-0.9493305859523552,4.326646051321076,-2.120263536200091,AM
Carpinus_betulus,-0.9649559038554361,3.9891692146047997,-1.7719568419318752,EcM
Picea_abies,-0.818710403535291,3.226447090364519,-1.3470736479666092,EcM
Abies_alba,-0.7011793522572096,3.096482176654134,-1.4271163556401458,EcM
Tilia_cordata,-0.8533159327127666,3.9446837876676946,-1.8971199848858813,EcM
Fagus_sylvatica,-0.8232558659069656,3.966511190712216,-2.0402208285265546,EcM
Pinus_sylvestris,-0.6386589952758756,2.468099531471619,-0.941608539858445,EcM
Larix_decidua,-0.6539264674066639,2.733717947850788,-1.1086626245216111,EcM
Acer_campestre,-0.8462983600541201,2.9019708937395166,-0.941608539858445,AM
Prunus_avium,-1.0700248318161971,3.22207071576472,-0.7339691750802004,AM
Fraxinus_excelsior,-0.7874578600311866,2.9507349076232554,-1.1086626245216111,AM
Quercus_robur,-1.0244328904938582,3.1497400860333387,-0.7765287894989963,EcM
Acer_platanoides,-0.9213032736976993,3.092405160814252,-0.9675840262617056,AM
Acer_pseudoplatanus,-1.0788096613719298,3.522824869783854,-1.0788096613719298,AM
Carpinus_betulus,-1.0700248318161971,3.151025157960026,-0.7339691750802004,EcM
Picea_abies,-0.6273594400219421,2.413231613081109,-0.8675005677047231,EcM
Abies_alba,-0.6106459590482015,2.554121718809473,-1.0788096613719298,EcM
Tilia_cordata,-0.791863153499103,2.8207834710894493,-0.8675005677047231,EcM
Fagus_sylvatica,-0.9063404010209869,3.265759410767051,-1.1086626245216111,EcM
Fraxinus_nigra,-0.5084950084277082,2.8845918228742935,-1.6272955297890617,AM
Acer_rubrum,-0.45696895097528,3.6091669744299684,-2.453742655004218,AM
Quercus_palustris,-0.7370990680891282,3.3085213895370447,-1.5900198247500756,EcM
Acer_rubrum,-0.5742980467215641,3.2753386433711307,-1.885691288607713,AM
Fraxinus_nigra,-0.3859566417201215,2.1109290921561,-1.0992494346024786,AM
Acer_rubrum,-0.4182464424728975,2.7309706935204403,-1.6498788805957858,AM
Acer_rubrum,-0.4464433648367224,3.960520609853768,-2.8258332411335934,AM
Fraxinus_nigra,-0.43278491876312725,2.5028139150263287,-1.39793206526699,AM
Liriodendron_tulipifera,-0.15268508766564828,2.084074053384206,-1.5372296060032868,AM
Carya_cordiformis,-0.44722504235639604,2.6292589757201505,-1.492983781602948,EcM
Acer_rubrum,-0.8942846516115405,3.6903948715387074,-1.656505421725821,AM
Acer_rubrum,-0.683394889117267,2.8400079518682757,-1.2302634990863421,AM
Quercus_palustris,-0.6382802791191052,3.8726942136505804,-2.355694920489812,EcM
Carya_cordiformis,-0.4708039494165046,2.816129772575045,-1.632142706545394,EcM
Acer_saccharum,-0.6176687193840398,2.0681562364948243,-0.5881438712927259,AM
Acer_saccharum,-0.5320492602176173,2.3301229350530845,-1.0277862364841126,AM
Carya_cordiformis,-0.6382802791191052,4.182028569278732,-2.6635984341835504,EcM
Acer_saccharum,-0.7188753291326765,3.8532971233514766,-2.179352453439663,AM
Carya_cordiformis,-0.6430245711567348,3.5339175479565568,-2.0112332947302254,EcM
Cornus_florida,-0.29008495706809134,2.092915533502908,-1.2709402783158754,AM
Quercus_rubra,-0.3859566417201215,1.7901809840756044,-0.7758973432509734,EcM
Quercus_rubra,-0.4568110354597525,2.0918746134745745,-0.9332402899956206,EcM
Quercus_rubra,-0.3508348874570496,1.4481673163849806,-0.5029880347320383,EcM
Quercus_rubra,-0.41566697059276103,2.4808994290929522,-1.408767218790131,EcM
Quercus_bicolor,-0.7062324201086008,2.884265432738362,-1.235063389781932,EcM
Quercus_bicolor,-0.7329280505717899,3.937906603732902,-2.2341823662749345,EcM
Quercus_bicolor,-0.7306413849875258,3.9166397826922275,-2.2137895968252934,EcM
Quercus_bicolor,-0.623621117911335,3.123000579684501,-1.63734669974929,EcM
Quercus_bicolor,-0.5755419384856819,2.5787649670588877,-1.1901794810977098,EcM
Quercus_bicolor,-0.6700167631710908,3.7642593848424046,-2.169053702869523,EcM
Quercus_bicolor,-0.8193909071341958,3.0136583004502975,-1.1368335025272684,EcM
Quercus_bicolor,-0.6396064136319155,3.535099954307517,-2.014091664780388,EcM
Fraxinus_americana,-0.3396773675701613,2.034266118318319,-1.113607883699288,AM
Fagus_grandifolia,-0.22966476830447533,3.096044928724375,-2.3970372769820734,EcM
Fraxinus_americana,-0.7554482067573246,3.3486475904937456,-1.5956445892058742,AM
Acer_saccharum,-0.5748309537419031,3.647655534822324,-2.257183434760458,AM
Fagus_grandifolia,-0.4698436420443704,2.961162395321999,-1.7828817966354313,EcM
Fagus_grandifolia,-0.3265615105126984,2.8634019895952836,-1.9675353318973114,EcM
Acer_saccharum,-0.5381968205621227,3.356583601148942,-2.0402208285265546,AM
Prunus_serotina,-0.18910450909078697,1.808043684590624,-1.185766839906683,AM
Prunus_serotina,-0.37658614855778766,2.50352800285704,-1.504658962352756,AM
Carya_cordiformis,-0.7524726466447601,3.93804748327746,-2.1892564076870427,EcM
Prunus_serotina,-0.2745684333063978,2.6714813021130417,-1.8813716304177421,AM
Carya_cordiformis,-0.583396316600826,3.7955382176332013,-2.389596466347312,EcM
Prunus_serotina,-0.012983927558294786,1.822184028794198,-1.553986606819048,AM
Fagus_grandifolia,-0.3787744928551199,1.3818807652692755,-0.3788980801616449,EcM
Acer_saccharum,-0.8498009906053222,2.9918824063160905,-1.0566480884731873,AM
Acer_saccharum,-0.6774707011749377,3.707996155285197,-2.113095049638145,AM
Fagus_grandifolia,-0.6745217164367805,2.8246495462510968,-1.2259517106002666,EcM
Acer_rubrum,-0.4202234790837097,3.2081815823573567,-2.1240586033663615,AM
Acer_rubrum,-0.4464433648367224,3.2196661556745165,-2.0845454565219885,AM
Acer_rubrum,-0.5066676136173269,3.294553430160188,-2.039235122187017,AM
Acer_saccharum,-0.5301783522818057,3.251795193880367,-1.9522520554996257,AM
Carpinus_caroliniana,-0.46840490788203853,3.4461314039560587,-2.2648447635297173,EcM
Carpinus_caroliniana,-0.48906413198447807,3.2330462662383015,-2.0123157005432053,EcM
Acer_rubrum,-0.5256009093481451,3.639489381660508,-2.3451447108911023,AM
Carpinus_caroliniana,-0.6360109891891362,4.316034884243275,-2.804677033313021,EcM
Quercus_rubra,-0.4183983835200636,3.3277467508994136,-2.2485178675132436,EcM
Carya_ovata,-0.5399112046610873,2.849033903491224,-1.529885278673323,EcM
Carya_ovata,-0.5015355768588979,3.204574040157341,-1.9605803390100036,EcM
Carya_ovata,-0.4951163300608108,2.9591226938227724,-1.7279976446411736,EcM
Carya_ovata,-0.7111075059369382,4.1752652385222095,-2.511676896666559,EcM
Carya_ovata,-0.5916742116293116,3.637144885800419,-2.210211776098325,EcM
Carya_ovata,-0.35924968431120136,2.2659513956119315,-1.3045775023888406,EcM
Fagus_grandifolia,-0.2287844312042955,1.9056441567823958,-1.2039728043259361,EcM
Carya_ovata,-0.6033064765601558,3.396200067528364,-1.9195928384652126,EcM
Acer_saccharum,-0.4561796226526657,2.797281334830153,-1.6365889022339961,AM
Acer_rubrum,-0.4809432492841212,4.148784919657892,-2.9492122651918256,AM
Acer_rubrum,-0.5673959752543851,3.189924582512765,-1.8197333182917377,AM
Acer_rubrum,-0.6113828787573057,3.3653657489225943,-1.9072723596152055,AM
Acer_saccharum,-0.4206802739146448,3.3605928343318796,-2.2759168430171473,AM
Fagus_grandifolia,-0.41430405677536863,1.82486190995517,-0.7550225842780328,EcM
Fagus_grandifolia,-0.518521830400461,2.9953269779328155,-1.7129008962114698,EcM
Fagus_grandifolia,-0.15163717466295976,1.4987840282549219,-0.9527763348537486,EcM
Fagus_grandifolia,-0.373675785618757,2.0834064969705435,-1.093769665119858,EcM
Acer_saccharum,-0.6143360001356555,3.706553230985777,-2.2374861945221856,AM
Acer_saccharum,-0.6350669694834206,3.4193312349763048,-1.9098128124142273,AM
Acer_saccharum,-0.4856453252356925,3.38916094788522,-2.1758333830691874,AM
Fagus_grandifolia,-0.46856466505148126,2.261607175276734,-1.0818419364275922,EcM
Fagus_grandifolia,-0.3581045367483269,2.520125829011114,-1.5642556919300241,EcM
Acer_rubrum,-0.5250935955636955,2.5515481105410025,-1.2566165364600066,AM
Acer_rubrum,-0.5902296465532589,3.127317604891489,-1.706325910338997,AM
Acer_rubrum,-0.6243676651651197,3.572472435717673,-2.0794415416798357,AM
Carya_ovata,-0.32337833711005504,2.420256136601776,-1.5331065926790164,EcM
Carya_ovata,-0.6529653909271136,3.5858142818609604,-2.038198582337706,EcM
Acer_rubrum,-0.4741723061179553,2.9129275623078965,-1.725971728690052,AM
Acer_rubrum,-0.5688079063043378,1.883667881394343,-0.5060974823970887,AM
Prunus_serotina,-0.4772296743374751,2.9769079617311327,-1.779964891529188,AM
Fagus_grandifolia,-0.1033625129951532,2.1707260918857787,-1.7210778860177147,EcM
Fagus_grandifolia,-0.21778294507211374,2.7566035429457343,-2.0784164272891807,EcM
Fagus_grandifolia,-0.5240797394444067,2.888155585109454,-1.5991814106342581,EcM
Fagus_grandifolia,-0.2039538569210685,1.6406325357962503,-0.988155292358701,EcM
Fagus_grandifolia,-0.37775266954162856,1.7009131736014411,-0.7077994567933101,EcM
Acer_rubrum,-0.7715412479879573,3.484849835279475,-1.697406683943276,AM
Acer_rubrum,-0.6038550730811836,3.984672117992074,-2.535961825159713,AM
Populus_grandidentata,-0.7724068615455774,3.800059254765883,-2.014903023042265,EcMAM
Populus_grandidentata,-0.5150009951764712,2.71060268673733,-1.439729442232863,EcMAM
Acer_saccharum,-0.5866273371822726,3.356234690165122,-1.9403699662487588,AM
Populus_grandidentata,-0.4539728121732079,3.75021238125821,-2.6043717693546413,EcMAM
Populus_grandidentata,-0.5354599047243516,3.464917837025148,-2.1506346376006187,EcMAM
Acer_saccharum,-0.1709069519787006,1.4576730710628008,-0.8754687365539,AM
Acer_saccharum,-0.6729524732744261,2.898621855392544,-1.3087806801247108,AM
Prunus_serotina,-0.4631471884492492,2.4386404623328346,-1.2712664417577204,AM
Acer_saccharum,-0.8282798545514417,2.9341731230140846,-1.0363573936459567,AM
Acer_saccharum,-0.518521830400461,2.995184006282955,-1.7164706699537449,AM
Prunus_serotina,-0.6939475007307144,2.986679479888789,-1.3559890104305319,AM
Fagus_grandifolia,-0.7867987366414007,3.002085352940422,-1.181088511940312,EcM
Acer_saccharum,-0.5825006604728816,2.793062705621122,-1.3862943611198906,AM
Acer_rubrum,-0.3668695903488015,3.1112112266273546,-2.130115836108449,AM
Acer_rubrum,-0.6564295976247825,3.679441263437097,-2.1241774355212275,AM
Acer_rubrum,-0.6818116708961997,3.927508543765619,-2.322585759498695,AM
Acer_rubrum,-0.6241809760952225,3.3696187567982445,-1.8770332280236894,AM
Acer_rubrum,-0.6449286082894709,3.112329420989481,-1.5766480879982063,AM
Acer_rubrum,-0.6741291747241833,3.7770875505407973,-2.1886408293371358,AM
Acer_rubrum,-0.6099095819898896,2.7042906588713267,-1.2438187128731357,AM
Acer_rubrum,-0.4851578770174128,2.6220041449495546,-1.4119481352780856,AM
Acer_rubrum,-0.683394889117267,3.256330273324723,-1.6455429192453344,AM
Fagus_grandifolia,-0.45004415150613186,2.1067426664592315,-0.9680902280444231,EcM
Acer_saccharum,-0.753746802688875,3.668008091408465,-1.922121289116615,AM
Acer_saccharum,-0.6451192115493638,3.903463218961847,-2.3700263723942294,AM
Carya_ovata,-0.6007503312939777,3.1220519768459374,-1.6728075276751009,EcM
Carya_ovata,-0.6957505664300603,3.30340329748664,-1.675687298934205,EcM
Acer_saccharum,-0.7601420493842237,3.393966508798891,-1.6288559990755158,AM
Acer_saccharum,-0.7298111649315367,3.1791504509230806,-1.4816045421242154,AM
Carya_ovata,-0.7569393136477247,3.2784900073273917,-1.5282124721569046,EcM
Carya_ovata,-0.6360109891891362,3.125745625937969,-1.614553012280358,EcM
Carya_ovata,-0.5982007032509918,2.4319263463584577,-0.9938164494099971,EcM
Carya_ovata,-0.6352557021441676,3.2633851765633577,-1.7470592919494923,EcM
Acer_rubrum,-0.5504330783607702,4.510159031241318,-3.1663577845382425,AM
Acer_rubrum,-0.7068405076919477,3.913099902766004,-2.25649398705504,AM
Acer_saccharum,-0.5400828048331086,3.752243313262423,-2.4285375073407875,AM
Acer_saccharum,-0.6504709062795089,4.622934982434349,-3.0802896604055836,AM
Acer_saccharum,-0.6839892427751796,3.9922063624716344,-2.379876772384978,AM
Acer_saccharum,-0.6564295976247825,3.0452658013601996,-1.4933657394690176,AM
Nyssa_sylvatica,-0.10914544726079799,2.74059731899087,-2.2793821943547488,AM
Nyssa_sylvatica,-0.19893886261739238,2.644999026294276,-2.008345622349047,AM
Nyssa_sylvatica,-0.25980753568580117,2.835204554398064,-2.0711427362205126,AM
Prunus_serotina,-0.39630717032339885,3.067106434319755,-2.030651377510404,AM
Acer_rubrum,-0.6245543890943336,2.9158442689966435,-1.4250088737742652,AM
Acer_saccharum,-0.9033745066076088,3.8493547031937756,-1.8053124351649223,AM
Acer_rubrum,-0.30543879404103996,3.403050735473801,-2.551481136497627,AM
Prunus_serotina,-0.22164467519047384,2.7266989616429265,-2.040744250103115,AM
Liriodendron_tulipifera,-0.20285084804644732,2.482041811722053,-1.8366002219002748,AM
Prunus_serotina,-0.5796399397663503,2.6907887192393614,-1.2909841813155656,AM
Acer_saccharum,-0.6113828787573057,2.195424843675615,-0.7303913539555308,AM
Carya_ovata,-0.5222236687183601,2.9490403874835542,-1.6624924780021695,EcM
Carya_ovata,-0.6919478999844632,2.7114360918325913,-1.085068063201608,EcM
Carya_ovata,-1.0951183994138538,3.4476246729528244,-1.0112386583001587,EcM
Carya_ovata,-0.3581045367483269,2.614191907933542,-1.657293931552912,EcM
Acer_saccharum,-0.6723646413774169,4.027987864936899,-2.445685932788565,AM
Acer_saccharum,-0.5817847127064847,3.1452752113094142,-1.7404661776405044,AM
Acer_saccharum,-0.5593158329264247,3.1631683703950593,-1.804831547769092,AM
Prunus_serotina,-0.5918549290780729,3.332100337963753,-1.9126241693385133,AM
Prunus_serotina,-0.4709640903408601,3.1187633275738085,-1.9393203386291313,AM
Acer_saccharum,-0.5261084806305082,2.8576786384157735,-1.5617224398245413,AM
Carya_ovata,-0.4854828160941957,3.134600513217561,-1.9226532895921955,EcM
Carya_ovata,-0.5173468407562563,2.7948588389305336,-1.520490427162285,EcM
Carya_ovata,-0.4395908228375403,2.647331519612303,-1.5244972378697075,EcM
Acer_saccharum,-0.5249245481454923,3.48563167955638,-2.195721951843576,AM
Prunus_serotina,-0.5730557003021249,2.420869256398275,-1.0365768968088074,AM
Acer_rubrum,-0.5969283228194024,3.178311513394817,-1.741115738261152,AM
Fagus_grandifolia,-0.5217180649324142,2.5341230270839663,-1.2486729829009857,EcM
Acer_rubrum,-0.6977577931176286,3.1735615543352,-1.539057117225699,AM
Prunus_serotina,-0.6135969018019363,2.832851580392338,-1.3650343610134297,AM
Acer_rubrum,-0.6521971942309911,3.661276319579572,-2.1176627545000337,AM
Prunus_serotina,-0.6373341157407326,3.0504571732432377,-1.5304495018749638,AM
Acer_rubrum,-0.6979587375571674,4.109363782770813,-2.4696391731117573,AM
Acer_rubrum,-0.6430245711567348,3.6091176523368107,-2.080902464307815,AM
Acer_rubrum,-0.6911491778972723,3.624321179714604,-2.0024805005437076,AM
Acer_rubrum,-0.6639768032601654,3.8170296175799505,-2.2485178675132436,AM
Prunus_serotina,-0.6887568322586525,3.8909072900169814,-2.264118808581344,AM
Acer_rubrum,-0.8594379202813722,3.776873781620215,-1.8155701181627373,AM
Acer_saccharum,-0.740867916771357,3.9865638173932,-2.2636696764390285,AM
Fagus_grandifolia,-0.6537341782031103,3.67210289939828,-2.123536862692601,EcM
Prunus_serotina,-0.2670954388433926,3.228535684627834,-2.4535561216076283,AM
Quercus_rubra,-0.7084638846718386,2.9114024967675824,-1.2503988996095783,EcM
Prunus_serotina,-0.23736925857819188,3.201804621921831,-2.4863675684101314,AM
Quercus_rubra,-0.9165407631293644,3.773493863462199,-1.696449291241912,EcM
Carya_ovata,-0.45287123050543465,2.389361928064203,-1.2434145365688036,EcM
Acer_saccharum,-0.45981570285824586,2.77334891384591,-1.6114808127346574,AM
Liriodendron_tulipifera,-0.19079737527499832,2.6244874163315193,-1.9992777016508119,AM
Carya_ovata,-0.6453098511457852,3.347794460769591,-1.8178391796940334,EcM
Carya_ovata,-0.6949488025065735,3.0961681377469077,-1.4649374883299129,EcM
Acer_rubrum,-0.7402387880937958,3.4320009554559796,-1.7131163435896142,AM
Acer_saccharum,-0.4135476843015204,2.57674890434532,-1.5063826849122928,AM
Carya_ovata,-0.6390378549129133,3.493973039246562,-1.9740810252220098,EcM
Acer_rubrum,-0.7488713293323069,3.1597639293541757,-1.4180430594344708,AM
Acer_saccharum,-0.44613086483417935,3.9042917469197085,-2.7689589498413762,AM
Acer_saccharum,-0.4669682407022142,2.752944532391726,-1.5769147219285404,AM
Acer_saccharum,-0.518521830400461,3.928192168897934,-2.6491499310084,AM
Acer_saccharum,-0.44238846221276223,3.85348209482685,-2.72514463696151,AM
Acer_saccharum,-0.4733692867220372,4.016793347007506,-2.8244605586873623,AM
Prunus_serotina,-0.42633130078954923,3.411634392747153,-2.315007613992603,AM
Acer_saccharum,-0.6632001041919932,3.3888388729148344,-1.8177349580523683,AM
Carya_ovata,-0.32725484757160417,2.9169723513009784,-2.02117263355586,EcM
Carya_ovata,-0.5412848312506993,3.3410661110238458,-2.0163326144248206,EcM
Carya_ovata,-0.16393169168236368,3.157342015991441,-2.5890645155858354,EcM
Fraxinus_americana,-0.35724653583769006,2.8286310844632467,-1.872200659785351,AM
Acer_saccharum,-0.7454936609321545,3.654506029054554,-1.924306128575865,AM
Acer_saccharum,-0.5673959752543851,3.597709303674215,-2.2238042180197195,AM
Acer_saccharum,-0.6700167631710908,3.2574957252619448,-1.675687298934205,AM
Acer_saccharum,-0.6239943218716286,3.372213866937677,-1.881615798349916,AM
Acer_saccharum,-0.7048149854276274,3.6724717717750943,-2.020180077246283,AM
Acer_saccharum,-0.571992059003478,3.263596897119753,-1.8801704237149652,AM
Fraxinus_americana,-0.31539591101929665,2.2914117924071564,-1.413693336308005,AM
Fraxinus_americana,-0.4324766573550142,2.63198314216489,-1.5275207887302586,AM
Acer_saccharum,-0.7254637820364884,3.663902438566127,-1.972518004177322,AM
Acer_saccharum,-0.9800295728411619,2.470177115865583,-0.2711527705005704,AM
Acer_saccharum,-0.8189371866182451,3.6450431876433282,-1.7659277768549682,AM
Acer_saccharum,-0.9861768593383216,2.715870699795658,-0.5054636813732685,AM
Acer_saccharum,-0.5436932273916075,3.3937523043923012,-2.065584507385382,AM
Acer_saccharum,-0.6437857510222212,2.635139436112476,-1.1056369036050742,AM
Fraxinus_nigra,-0.30720473894064476,3.5989776763011796,-2.741419349701978,AM
Acer_saccharum,-0.47497597087229343,3.179907757429303,-1.9872004156978471,AM
Fraxinus_nigra,-0.335612606209331,3.9492620305649004,-3.037484075210957,AM
Acer_saccharum,-0.6345009851272119,3.986355079412034,-2.4787146756882272,AM
Platanus_occidentalis,-0.5279717826009612,2.710239823461875,-1.4152818974049077,AM
Carya_ovata,-0.5712835928031048,3.1054416819047344,-1.7204762274427716,EcM
Carya_ovata,-0.5686313058623776,3.2218239887591427,-1.8425871036309944,EcM
Acer_rubrum,-0.4249537846920267,3.3934924272568066,-2.3025850929940455,AM
Carya_ovata,-0.4877603508349946,2.737869540274847,-1.521145307401098,EcM
Fraxinus_nigra,-0.5399112046610873,3.259778741554169,-1.9376113465711968,AM
Fraxinus_nigra,-0.5005453143584343,2.799973426799058,-1.5563026589951736,AM
Fraxinus_nigra,-0.46155938246307265,3.1126960052280643,-1.9472443697320014,AM
Fraxinus_nigra,-0.48939034304592566,2.7977810099717337,-1.5785198741783313,AM
Carya_ovata,-0.46569293365865094,2.2303787734446203,-1.0569906139772902,EcM
Fraxinus_nigra,-0.45051477666188866,1.58654417591056,-0.44430494184522046,AM
Carya_ovata,-0.5675723576518791,3.2877300200733743,-1.908816024335347,EcM
Fraxinus_nigra,-0.46155938246307265,3.681055447996698,-2.5169949691221096,AM
Carya_ovata,-0.7614260213132397,2.431273572874535,-0.6660185131716926,EcM
Carya_ovata,-0.6180397080731398,1.9729696496442293,-0.4916311764718207,EcM
Carya_ovata,-0.5591409007122115,2.9415598764195945,-1.5801102971083665,EcM
Carya_ovata,-0.38728143767453577,2.051213520180422,-1.0334729858484994,EcM
Carya_ovata,-0.667284521034218,2.1128722428061266,-0.5385282269613939,EcM
Fraxinus_nigra,-0.5188577954632551,3.1292546572629334,-1.8486675983918264,AM
Acer_rubrum,-0.4867836292857527,3.9233939004654266,-2.711552838179728,AM
Quercus_bicolor,-0.3982412630188448,3.024246548913821,-1.986387847643882,EcM
Quercus_bicolor,-0.355390055475858,3.8591171977448218,-2.906434129876143,EcM
Fraxinus_nigra,-0.5495664520824212,3.4558245964225938,-2.113095049638145,AM
Liriodendron_tulipifera,-0.062407460128617046,2.598741159525206,-2.2335922228404277,AM
Fraxinus_nigra,-0.3563892704615717,3.004335782007323,-2.0499943417821065,AM
Quercus_bicolor,-0.5905905922348531,3.2745114705071554,-1.8530599935401266,EcM
Acer_rubrum,-0.49347698543137763,3.460953027754015,-2.2330590303454354,AM
Fraxinus_nigra,-1.1435050575588463,3.175648980179049,-0.6434915909791363,AM
Fraxinus_nigra,-0.5693378948336589,3.211686794804531,-1.8332879257338246,AM
Fraxinus_nigra,-0.5088276211033177,3.601017960786878,-2.3436465849415202,AM
Fraxinus_nigra,-0.908818717035454,3.1493202336556267,-1.087051467232551,AM
Fraxinus_nigra,-0.5614174098820508,3.166216736735167,-1.7981800370309777,AM
Acer_rubrum,-0.6352557021441676,2.7947423613142517,-1.284941865654784,AM
Acer_rubrum,-0.3189663624915473,3.1353657150645717,-2.256882939444462,AM
Acer_rubrum,-0.7217524375702797,2.3352302024433356,-0.655238516227938,AM
Acer_rubrum,-0.27102163155867376,2.688865022185541,-1.9074827735880946,AM
Acer_rubrum,-0.5672196239621546,2.4027349001594347,-1.028264402428438,AM
Acer_rubrum,-0.5323898016818311,1.7911696726655852,-0.48405538232402734,AM
Acer_rubrum,-0.38199275192302223,2.6544877186150657,-1.6523016148220873,AM
Acer_rubrum,-0.6189677823856938,3.416083468044341,-1.9348603159456514,AM
Acer_rubrum,-0.5104923459758703,2.609232765326395,-1.3470736479666092,AM
Acer_rubrum,-0.5252626715637602,2.907557269631244,-1.6157075254476958,AM
Acer_rubrum,-0.5168436960915537,3.0386670536101907,-1.7662803835497116,AM
Acer_saccharum,-0.43278491876312725,3.7872489224738155,-2.6703098764526962,AM
Acer_saccharum,-0.5535591663528919,4.069834508770962,-2.7181005369557116,AM
Acer_saccharum,-0.3531098777742362,2.3769229363682114,-1.4259180322498335,AM
Acer_saccharum,-0.5771435048036392,3.9074647330719183,-2.513894186073017,AM
Acer_saccharum,-0.5695146201146702,3.347133499756674,-1.964472167325209,AM
Acer_saccharum,-0.6788498758591209,4.094236812250615,-2.494956985641502,AM
Fraxinus_americana,-0.7522604450524519,3.576371931560494,-1.8325814637483102,AM
Fraxinus_americana,-0.693547260581285,3.6760424773118974,-2.0493891991134343,AM
Acer_saccharum,-0.5237420156992175,3.2860982410102646,-1.9962108846134456,AM
Acer_saccharum,-0.4484769987014555,3.771180156443863,-2.629798007750849,AM
Acer_saccharum,-0.5176824112292039,3.3295645922275625,-2.0552754754955735,AM
Acer_saccharum,-0.6269849783062765,3.860523948188661,-2.368543063740389,AM
Acer_saccharum,-0.6042209713655439,3.9223445545000173,-2.474435353670705,AM
Acer_saccharum,-0.6286711613755805,3.735944200606032,-2.237202331452713,AM
Acer_saccharum,-0.6432148118117363,3.6312038785983503,-2.0989861390685958,AM
Acer_saccharum,-0.49955603150775985,3.419217794960633,-2.1799827732094057,AM
Acer_saccharum,-0.2980018048586358,1.7359392758069003,-0.8992492660193034,AM
Acer_saccharum,-0.4249537846920267,2.897606266175647,-1.8050046972580756,AM
Acer_saccharum,-0.4320144433417009,3.509867953534482,-2.405239251918994,AM
Acer_saccharum,-0.5751863829263806,3.967597642544477,-2.5745188109776875,AM
Acer_saccharum,-0.7646431822650153,4.00374355986575,-2.234265849676946,AM
Quercus_rubra,-0.5474896081375821,2.492230282237272,-1.1553888042640061,EcM
Quercus_rubra,-0.8782726646866342,3.1736240989756497,-1.1801621545341783,EcM
Quercus_rubra,-0.6005679992668521,3.231708864049017,-1.7900659859806052,EcM
Quercus_rubra,-0.6335583891482879,3.439183119085198,-1.9337541149313333,EcM
Acer_saccharum,-0.6407445017668969,3.1463090421332476,-1.6274564201185968,AM
Acer_saccharum,-0.8409513753283395,3.4205770051257423,-1.497519994112468,AM
Carya_ovata,-0.7985076962177716,2.8776217115166975,-1.038216578697051,EcM
Carya_ovata,-0.353679434958934,2.4158371950114805,-1.464986630046433,EcM
Acer_rubrum,-0.5393965807540269,2.493402363792927,-1.1713168420747748,AM
Acer_rubrum,-0.3087014396758563,1.9630947694469145,-1.1029695939497293,AM
Carya_ovata,-1.117183674253545,3.9306576715113284,-1.4395388757949528,EcM
Acer_rubrum,-0.7244314705997117,1.9725394115392392,-0.2818036920346782,AM
Carya_ovata,-0.758646162792641,3.620131368378794,-1.8643301620628905,EcM
Acer_rubrum,-0.7358459350930605,3.633496983323757,-1.9252908641382918,AM
Carya_ovata,-0.6397960050629508,2.643242283325067,-1.1210851442928955,EcM
Acer_rubrum,-0.649513143539884,3.785064114630342,-2.246843110708702,AM
Acer_saccharum,-0.5659860349432663,3.710444038545694,-2.3345878209907887,AM
Acer_rubrum,-0.7417073711753224,3.8433018966532204,-2.1176627545000337,AM
Carya_ovata,-0.672560546951557,3.111765806834281,-1.525112540779214,EcM
Acer_saccharum,-0.6643653791344933,3.3421028881229735,-1.7710085270187508,AM
Acer_saccharum,-0.7107003398075344,4.100240607833707,-2.4373176867718946,AM
Carya_ovata,-0.6929472005572791,3.4373911618624233,-1.8108596376262678,EcM
Carya_ovata,-0.5998390034262935,3.3798550170185915,-1.9421436691545733,EcM
Carya_ovata,-0.37731506469181836,2.9190557023724484,-1.9244039432811582,EcM
Carya_ovata,-0.6213848143330545,3.8232655264893944,-2.3380917804871,EcM
Carya_ovata,-0.6614547338274556,3.5320367861775512,-1.972343404560969,EcM
Carya_ovata,-0.5359725061879467,2.9364657568139725,-1.6204877476206854,EcM
Carya_ovata,-0.568454736602627,3.6856467064112572,-2.3025850929940455,EcM
Carya_ovata,-0.8094563029603284,3.4512489873399184,-1.5913105258056155,EcM
Acer_saccharum,-0.4481638626412796,2.9664671101313487,-1.8310298743359612,AM
Carya_ovata,-0.1870527311698561,2.3020650801107796,-1.6887746531109884,EcM
Carya_ovata,-0.5949321330629903,3.1352501757189772,-1.7066016635408094,EcM
Acer_rubrum,-0.7058272337173198,4.039126048441086,-2.3818344687718978,AM
Acer_rubrum,-0.7599282142502966,3.5763890614614424,-1.80856658686647,AM
Carya_ovata,-0.4206802739146448,1.9322017094235306,-0.8534898304612116,EcM
Carya_ovata,-0.5898688311064436,2.388453108261372,-0.965080895918587,EcM
Acer_rubrum,-0.6230615729932576,3.16689056186242,-1.6784307821353375,AM
Fagus_grandifolia,-0.4206802739146448,2.6198654086571387,-1.5404450422804823,EcM
Fraxinus_americana,-0.17721461942580993,2.671537591856505,-2.0744540001687968,AM
Fraxinus_americana,-0.2519289027459631,2.8094026953624978,-2.0635681925235456,AM
Carya_ovata,-0.6324284455252395,1.789884493225292,-0.28125118169414004,EcM
Fraxinus_americana,-0.44269979471839027,3.0235926799685817,-1.8971199848858813,AM
Carya_ovata,-0.6067860149119018,2.447686929246349,-0.9920025545087279,EcM
Acer_rubrum,-0.2358489238117636,2.0084356306555513,-1.2933179059701971,AM
Acer_saccharum,-0.6405547304407747,3.334983895175206,-1.8116747770324448,AM
Acer_rubrum,-0.5423162908573614,3.656531012634534,-2.332216890299665,AM
Fraxinus_americana,-0.30734071011496533,3.8106109684805616,-2.953885166241441,AM
Acer_rubrum,-0.707651866762827,3.174419379977314,-1.5146755280968645,AM
Acer_rubrum,-0.6405547304407747,3.8721487847533327,-2.3527748386208422,AM
Carya_ovata,-0.505672258525196,3.4726295624580477,-2.2217329929668925,EcM
Acer_rubrum,-0.4997208440338849,2.9139097572937227,-1.6719582687702732,AM
Acer_rubrum,-0.6277340420117132,4.044651077631599,-2.5506580277391304,AM
Carya_ovata,-0.5603660693261269,3.213261790425441,-1.8493885841833355,EcM
Fagus_grandifolia,-0.3529675391504104,1.2500109468695464,-0.3049095055287146,EcM
Acer_rubrum,-0.650854268369694,3.6299748107081022,-2.087740345694531,AM
Acer_rubrum,-0.6468362776966949,2.586238031626627,-1.0529325482837868,AM
Prunus_serotina,-0.3859566417201215,2.7999112741158934,-1.7888440133028654,AM
Prunus_serotina,-0.14606677613478347,2.515037211682996,-1.9798117014206498,AM
Fagus_grandifolia,-0.6309238373798134,2.9171818879387788,-1.4133230348776729,EcM
Carya_ovata,-0.5317088346824148,2.2146635034866566,-0.9123920914584978,EcM
Acer_rubrum,-0.5942072327050416,3.1714980535422446,-1.7418957672209143,AM
Hamamelis_virginiana,-0.3463003749401927,2.874375872023669,-1.9403699662487588,AM
Fagus_grandifolia,-0.97233212275778,3.834668036712736,-1.6462518873068166,EcM
Hamamelis_virginiana,-0.5443824072948333,3.0694653841344635,-1.7371156312857616,AM
Acer_rubrum,-0.8979597751894316,3.50244946937585,-1.461801912843722,AM
Prunus_serotina,-0.5835755441306545,3.399084791380572,-1.9875040466244205,AM
Acer_saccharum,-0.8594379202813722,3.5191993948226967,-1.554833777433065,AM
Quercus_rubra,-0.7011793522572096,3.543222268891498,-1.905088153255058,EcM
Quercus_rubra,-0.5390536452225451,3.3584732413618927,-2.041571270732534,EcM
Carya_ovata,-0.617854196524514,2.37873004844504,-0.8984103062165598,EcM
Quercus_rubra,-0.7575790407193342,2.6507691618617213,-0.8925366449270808,EcM
Acer_saccharum,-0.7102933393949158,3.4847998995323652,-1.8245492894510458,AM
Quercus_rubra,-0.4099250388302578,2.490706083847293,-1.427627732204189,EcM
Fagus_grandifolia,-0.6432148118117363,2.340861628821398,-0.8150369977615748,EcM
Quercus_rubra,-0.6154456728960933,2.344252851035481,-0.8689230432292019,EcM
Fraxinus_americana,-0.46808547008983176,3.7078372854547914,-2.5319591889026416,AM
Acer_saccharum,-0.46760650464601416,2.111967645135157,-0.9375430076531459,AM
Acer_rubrum,-0.5076639604284119,3.8573918765585287,-2.5978143741115125,AM
Prunus_serotina,-0.5225608799844117,3.3273252283163774,-2.0377425097893154,AM
Acer_rubrum,-0.5624698569183292,3.5699233962046306,-2.2048209266791345,AM
Acer_rubrum,-0.5528636351128893,2.937961966427876,-1.5893703496481917,AM
Acer_rubrum,-0.37425718098397126,2.2863270143684633,-1.2947016571197951,AM
Acer_rubrum,-0.7929675158421562,3.9298483706018605,-2.0977906781258104,AM
Acer_rubrum,-0.42159449003804794,2.454317920169958,-1.3723788919272626,AM
Quercus_rubra,-0.5565205830281202,3.034734548909166,-1.6820086052689358,EcM
Acer_rubrum,-0.8153148145341529,3.788969701397875,-1.9135137920169296,AM
Prunus_serotina,-0.45114262160481694,2.1849887175905534,-1.0399046881044895,AM
Prunus_serotina,-1.018877320649256,3.3078054865726534,-1.0178705256983647,AM
Prunus_serotina,-0.4433227506644045,3.3008258584079955,-2.172422599994683,AM
Acer_rubrum,-0.19128157816546576,2.064922587416562,-1.441300991941626,AM
Quercus_rubra,-0.6533497106858792,2.119854860823684,-0.5687792666579392,EcM
Acer_rubrum,-0.4206802739146448,3.4142806995819646,-2.3304075940792384,AM
Prunus_serotina,-0.3668695903488015,3.1055660292387866,-2.129908499682621,AM
Prunus_serotina,-0.23294139379432077,2.1337829358875924,-1.4255150758731718,AM
Acer_rubrum,-0.10558276257506509,2.3760404891234863,-1.923387912466948,AM
Fagus_grandifolia,-0.3648511352229093,3.032173228198302,-2.059136272102005,EcM
Fagus_grandifolia,-0.5373407294217456,3.114490251577356,-1.7947049769799357,EcM
Fraxinus_americana,-0.13124828660995402,2.2773102428562852,-1.7732648852829902,AM
Acer_saccharum,-0.6018450221531594,3.65877891735074,-2.2106475942899815,AM
Fraxinus_americana,-0.23041996028498593,2.331038332870361,-1.6278760856213077,AM
Acer_saccharum,-0.7170301210232773,2.877462633087188,-1.2039728043259361,AM
Acer_saccharum,-0.5380255436926452,2.9672142554836505,-1.6519975251137657,AM
Acer_saccharum,-0.5247555292994887,3.360589144155353,-2.0695892433544714,AM
Acer_saccharum,-0.5823216254710607,2.8212367066592945,-1.4160315241867814,AM
Acer_saccharum,-0.3364522368212102,3.2115843493522953,-2.296154205548371,AM
Acer_saccharum,-0.47997316028322595,2.6106891420820717,-1.410157625414653,AM
Acer_saccharum,-0.6051363032372319,2.7946267554034887,-1.3421231412018149,AM
Acer_saccharum,-0.3097913580398819,2.257049293849641,-1.3946046602006676,AM
Acer_saccharum,-0.7217524375702797,3.958146799323026,-2.271813434327292,AM
Carya_cordiformis,-0.40721664114697076,2.554111706317669,-1.495937536509632,EcM
Acer_saccharum,-0.5681016915857209,3.844690659219956,-2.466214521220292,AM
Acer_saccharum,-0.6309238373798134,4.006668933029453,-2.49929538897923,AM
Acer_saccharum,-0.6923475003893811,3.4679668165226403,-1.8449342335232208,AM
Fraxinus_americana,-0.029119898573852124,1.8727363971511604,-1.5710770448035896,AM
Acer_saccharum,-0.6449286082894709,2.8220126938441727,-1.291941577655035,AM
Acer_saccharum,-0.5061698122297966,3.029044540685636,-1.7805861676965966,AM
Acer_saccharum,-0.5954761533864992,3.80562298856499,-2.3776202825733233,AM
Acer_saccharum,-0.5622943721411833,2.7978797033329834,-1.4329814760484263,AM
Acer_saccharum,-0.5572186633357012,3.4496799588490217,-2.094945728840801,AM
Fraxinus_americana,-0.34164559539521033,2.753614303634082,-1.8292973872356448,AM
Fraxinus_americana,-0.5518212444695104,3.613585258328921,-2.2651275294297335,AM
Acer_saccharum,-0.2685332536130201,2.2591445681136224,-1.4802818884148168,AM
Platanus_occidentalis,-0.2436013932166059,3.2307597137075796,-2.50286045105677,AM
Carpinus_caroliniana,-0.4788425779129398,2.540436086500032,-1.343033236816701,EcM
Carya_ovata,-0.5563461390678,3.396933035917007,-2.040592505282111,EcM
Carya_ovata,-0.3868396439849994,3.2621998866060093,-2.2479969032408924,EcM
Carpinus_caroliniana,-0.4123386770513366,2.4731507441152343,-1.40649706843741,EcM
Carpinus_caroliniana,-0.31814127993648944,2.411578726778361,-1.533572160723314,EcM
Carpinus_caroliniana,-0.21890255705695522,2.0805452268951763,-1.4035274291230118,EcM
Carpinus_caroliniana,-0.45224229966709334,2.5687201851000907,-1.4201959114162617,EcM
Carpinus_caroliniana,-0.2965210211189854,2.2631933415425487,-1.428689918040332,EcM
Acer_rubrum,-0.43509991323785513,3.1397311513412673,-2.025265806718436,AM
Carpinus_caroliniana,-0.48694634997604747,2.247136725179835,-1.0337516547269383,EcM
Acer_rubrum,-0.4527139607087749,2.432888676217241,-1.2847967195626564,AM
Acer_rubrum,-0.7811044593190873,2.169105508513172,-0.3646431142279092,AM
Acer_rubrum,-0.7287743582030964,3.4818606232262455,-1.7812881671732597,AM
Acer_rubrum,-0.7135539903376079,3.180057540329661,-1.5134739236821606,AM
Carya_ovata,-0.4484769987014555,2.9566468656065474,-1.8199303464233227,EcM
Carya_ovata,-0.49380463943168784,2.7506608650790665,-1.5195185826405733,EcM
Carya_ovata,-0.4547603998330418,2.767853390105658,-1.616310791652897,EcM
Carya_ovata,-0.6361999001181952,3.052429102741244,-1.5360553683396991,EcM
Carya_ovata,-0.7648580281139458,3.15149552420404,-1.3826645927069932,EcM
Acer_rubrum,-0.5089939689370208,3.3592771551391727,-2.100285066521952,AM
Acer_rubrum,-0.5325601159119969,3.2319479447939945,-1.9262129439825275,AM
Carya_ovata,-0.6266106567597011,3.032593179069341,-1.5380669202523953,EcM
Carya_ovata,-0.5010403230311937,2.753568288975073,-1.5062536781596538,EcM
Quercus_alba,-0.2664425694593618,1.150635349328135,-0.3764876311140839,EcM
Carya_ovata,-0.31512178821056264,2.9730819590025233,-2.1019143993500764,EcM
Acer_rubrum,-0.6983607476128327,2.9398862972087,-1.3071570416481233,AM
Acer_saccharum,-0.44894688672012545,3.765300225951257,-2.62305699049104,AM
Carya_ovata,-0.6102777027376507,3.66483950675377,-2.2059582530944475,EcM
Carya_ovata,-0.28448718155526176,2.0828780590840736,-1.2710711394379384,EcM
Carpinus_caroliniana,-0.3127947732668561,2.251299317420334,-1.3862943611198906,EcM
Ilex_verticillata,-0.44926026810783587,3.423506973046555,-2.282938095454607,AM
Acer_saccharum,-0.5766093643119938,3.6622184757621143,-2.2678995327334284,AM
Fraxinus_americana,-0.28861584161187204,2.8060187352585824,-1.9876430114147525,AM
Fraxinus_americana,-0.33827385856784115,2.538782156103191,-1.6208666068784128,AM
Fagus_grandifolia,-0.6045870035804651,3.3699951016038177,-1.9236870104244492,EcM
Carya_cordiformis,-0.20493533166554098,2.17197352849101,-1.5211872241247506,EcM
Acer_saccharum,-0.5958389980929474,3.188530391117201,-1.7560413850470284,AM
Carpinus_caroliniana,-0.3426311639367969,2.6713671508503873,-1.742969305058623,EcM
Nyssa_sylvatica,-0.3960099493374092,2.744037111017281,-1.7099084424725317,AM
Acer_saccharum,-0.3423494737940892,2.7916962256403752,-1.8658036083422256,AM
Acer_saccharum,-0.321721564675305,2.5814636845213053,-1.6990500703425375,AM
Acer_saccharum,-0.5631721041381998,3.078271758606236,-1.7088828430513394,AM
Acer_saccharum,-0.6608736200096497,3.223519028494789,-1.6582280791035324,AM
Acer_saccharum,-0.7750082070402657,3.323749788458765,-1.5293952032221023,AM
Acer_saccharum,-0.5794614161561289,3.849896979243042,-2.44716631647182,AM
Acer_saccharum,-0.8488657555593659,3.9902182178096837,-2.0478836980768573,AM
Acer_saccharum,-0.8792358239231439,4.2140446304560415,-2.219893373974329,AM
Carya_cordiformis,-0.40346710544549125,4.36203211397484,-3.3141860146725257,EcM
Acer_saccharum,-0.6941476808935289,3.3025230377314063,-1.6716802238801287,AM
Acer_saccharum,-0.6635883783184009,3.6931543945214265,-2.126853343027907,AM
Acer_saccharum,-0.5855491699619272,3.3467481430436545,-1.932664920660556,AM
Acer_saccharum,-0.5677487711656117,3.4277690569761505,-2.0531242359598654,AM
Acer_saccharum,-0.8677386912919894,3.5050262703780435,-1.5240780643011254,AM
Fagus_grandifolia,-0.7554482067573246,3.3668894653625876,-1.6192902072929536,EcM
Fraxinus_americana,-0.38507441846043033,2.5645863854413165,-1.553594178518327,AM
Acer_saccharum,-0.38610375462954455,3.0730924225359866,-2.0614230383200147,AM
Quercus_rubra,-0.6449286082894709,3.4358581338499596,-1.9059306113821954,EcM
Fraxinus_americana,-0.37775266954162856,2.889527066800624,-1.8921571932665247,AM
Quercus_rubra,-0.6014799920341214,3.52024721340826,-2.072797001610174,EcM
Acer_saccharum,-0.5518212444695104,2.426600155391003,-1.0792210989419366,AM
Acer_saccharum,-0.51015917922283,2.4101612445169494,-1.1499055820030286,AM
Acer_saccharum,-0.6570081339440722,3.6561510778780653,-2.1013950542321567,AM
Quercus_rubra,-0.7442299707892613,3.459069532472004,-1.7264944664172095,EcM
Quercus_rubra,-0.6187820986046386,3.2145105798345384,-1.73204023409165,EcM
Acer_saccharum,-0.7599282142502966,3.2471526822743275,-1.4879580163724055,AM
Acer_saccharum,-0.4052651281054982,3.5553100861969327,-2.502680248555509,AM
Prunus_serotina,-0.7457044312986214,3.505160922004182,-1.7749523534116738,AM
Acer_saccharum,-0.6907500559602239,3.4207417654856407,-1.7999562391482828,AM
Fraxinus_americana,-0.522729528268815,2.598593064257058,-1.3126066455473107,AM
Acer_saccharum,-0.5084950084277082,4.039959339413214,-2.7806208939370456,AM
Quercus_rubra,-0.5141645250315053,3.168356580300462,-1.8971199848858813,EcM
Fagus_grandifolia,-0.4287849134297812,1.596669016764416,-0.495979115606891,EcM
Acer_saccharum,-0.568278198514076,2.5215204253624846,-1.146264487266037,AM
Acer_saccharum,-0.5727010274840783,3.4652174990767333,-2.0794415416798357,AM
Acer_saccharum,-0.8365557638553016,3.814865869630186,-1.9026910277006999,AM
Fagus_grandifolia,-0.8872174843884479,2.573487535565194,-0.5541760638484653,EcM
Carpinus_caroliniana,-0.8404877684586545,3.192104203275511,-1.2702221890452188,EcM
Carpinus_caroliniana,-0.41324529542712674,2.6233254884291006,-1.554209153904225,EcM
Platanus_occidentalis,-0.5188577954632551,2.6974196208452037,-1.4183826763235652,AM
Platanus_occidentalis,-0.5580919495670804,3.0525056185977992,-1.6959299461239925,AM
Acer_rubrum,-0.6506625689537899,3.335813040519674,-1.7968356211148775,AM
Acer_rubrum,-0.6921476802268619,3.6091522269003726,-1.984131361875511,AM
Platanus_occidentalis,-0.6614547338274556,4.146282583353691,-2.5754520794646076,AM
Carya_cordiformis,-0.5448996040997423,2.4253113857093953,-1.0977036096419732,EcM
Acer_rubrum,-0.7457044312986214,3.2295596601065872,-1.497885428639464,AM
Carya_cordiformis,-0.3748389145664035,1.8335091075936842,-0.8416471888783893,EcM
Acer_rubrum,-0.8241674429983492,3.416797576389187,-1.5276484773313814,AM
Carya_cordiformis,-0.48288625507674926,2.7101928965565225,-1.5005835075220182,EcM
Acer_rubrum,-0.7400291664600757,2.816554705643367,-1.0954552214534041,AM
Carya_cordiformis,-0.5835755441306545,2.6064182508821876,-1.1991881059400697,EcM
Carya_cordiformis,-0.6243676651651197,2.497792808791439,-1.0083654103127173,EcM
Fagus_grandifolia,-0.5266163096723148,2.389610385886849,-1.0953707959866572,EcM
Acer_rubrum,-0.6704076935904559,2.9051266778190885,-1.323290758617454,AM
Acer_saccharum,-0.8780320197570647,3.298946381630871,-1.2946271725940668,AM
Acer_saccharum,-0.5247555292994887,2.015572607652106,-0.7301884518629359,AM
Acer_saccharum,-0.42541274591786044,1.5972885341214564,-0.5032094406599841,AM
Fagus_grandifolia,-0.4668087383492164,2.3947430762064363,-1.2147837189084125,EcM
Acer_saccharum,-0.5688079063043378,3.169343718888001,-1.7904358436070704,AM
Acer_saccharum,-0.613042936318284,2.497765713170755,-1.0356374895067213,AM
Acer_saccharum,-0.5530374725753,1.7776443337638077,-0.4307829160924542,AM
Fagus_grandifolia,-0.43494541343067256,2.464546724330044,-1.3521029970438803,EcM
Acer_saccharum,-0.6753072624316143,3.667499366966928,-2.070391703277035,AM
Acer_rubrum,-0.735219956981853,2.2221227570888966,-0.5108256237659907,AM
Acer_rubrum,-0.5469710704023439,3.776423083557095,-2.4425983274404124,AM
Acer_rubrum,-0.5487005761949172,2.1982297593048443,-0.8584711605358907,AM
Acer_rubrum,-0.6913487986185659,3.183225727169641,-1.5587636195884806,AM
Acer_rubrum,-0.7250507295729536,3.5931457568637573,-1.8971199848858813,AM
Acer_rubrum,-0.6766834545292802,3.383153340366775,-1.791759467228055,AM
Acer_rubrum,-0.5617681025035653,3.014185952212238,-1.6538896740958433,AM
Acer_rubrum,-0.7070432857520567,3.6685201947468657,-2.014903023042265,AM
Acer_rubrum,-0.6180397080731398,3.4659848414994174,-1.988927536062081,AM
Acer_rubrum,-0.4085699230616432,2.7070368671861096,-1.6471782383015627,AM
Acer_rubrum,-0.34291293345119983,3.131801586120994,-2.2022371151396634,AM
Acer_rubrum,-0.6445475107238829,3.2171586886332597,-1.6829719939099683,AM
Acer_rubrum,-0.41037715246918505,3.07467852249013,-2.0118213537587026,AM
Acer_rubrum,-0.7074489652708049,3.582485821641332,-1.9282751527078708,AM
Acer_rubrum,-0.5242486440981314,2.2980155286193917,-1.0086640529729123,AM
Acer_rubrum,-0.7066377707424445,2.9752931939149803,-1.3217558387323194,AM
Fraxinus_americana,-0.40631546956300324,2.8419330391292283,-1.7846420006081272,AM
Fraxinus_americana,-0.4165766128628831,2.9357868912521585,-1.8653712844879677,AM
Fraxinus_americana,-0.49249466708126727,3.064109361084913,-1.8337503716550465,AM
Fraxinus_americana,-0.4564952792209434,2.9096721959355976,-1.7595901840600263,AM
Carya_ovata,-0.6628119807638724,3.3578958809833557,-1.7927599695616385,EcM
Fraxinus_americana,-0.4546028326697126,3.7010332380061803,-2.54898550059017,AM
Carya_ovata,-0.13273171245395826,2.4681305962433413,-1.9617043239619671,EcM
Carya_ovata,-0.4159700927533119,2.6182232845620397,-1.5460160864435317,EcM
Carya_ovata,-0.2646167995207849,2.3632313597526977,-1.593986960545843,EcM
Carya_ovata,-0.5466255278971782,2.519621430786394,-1.1844282070486647,EcM
Fraxinus_americana,-0.4781971042742633,2.0493413854501594,-0.8495993571335474,AM
Carya_ovata,-0.7314722948816132,2.8817625906919435,-1.175276432122717,EcM
Carya_ovata,-0.6472182486715455,2.4531909350154786,-0.916290731874155,EcM
Carya_ovata,-0.36845838247906876,2.3402727315888314,-1.3614923808518449,EcM
Carya_ovata,-0.5202027855785876,2.2730772757837423,-0.9876552169862357,EcM
Carya_ovata,-0.6600993265137449,2.560851047001965,-1.0017359386761104,EcM
Carya_ovata,-0.6027581808322645,2.2456853869569358,-0.7976331876008111,EcM
Carya_ovata,-0.6824050840280432,2.7541757675886287,-1.1482399079051684,EcM
Carya_ovata,-0.9205497887945385,3.506052711234977,-1.426337842093806,EcM
Fagus_grandifolia,-0.1799643372202764,0.8733233242668441,-0.27213865435717816,EcM
Fagus_grandifolia,-0.6626179755251225,3.0269001363881736,-1.4570634305414312,EcM
Fagus_grandifolia,-0.6453098511457852,2.4625603038309545,-0.9283633131084243,EcM
Fagus_grandifolia,-0.8253080841622843,4.185569641626978,-2.2891620761285716,EcM
Acer_saccharum,-0.8317198304238852,3.3633574869534755,-1.4594977659026793,AM
Fagus_grandifolia,-0.7310567536331655,3.173952293450124,-1.4768397907964979,EcM
Fagus_grandifolia,-0.6711900132079032,3.1803968836700665,-1.6015327308797431,EcM
Fagus_grandifolia,-0.8554308436173926,2.975075467741191,-1.0284080288084205,EcM
Fagus_grandifolia,-0.6424540662444271,2.8147841807264364,-1.2945323814664498,EcM
Fagus_grandifolia,-0.48906413198447807,2.0975047667740965,-0.8772093817968408,EcM
Fagus_grandifolia,-0.4222044321124625,3.272351592906597,-2.1892564076870427,EcM
Acer_saccharum,-0.9260885743542661,3.6912315245762293,-1.6094379124341003,AM
Fagus_grandifolia,-0.6324284455252395,2.539489088837115,-1.0381805485109699,EcM
Fagus_grandifolia,-0.5356307426849618,1.71530375487284,-0.4097847699280054,EcM
Fagus_grandifolia,-0.7262903991531995,3.28491934804684,-1.590861526861165,EcM
Fagus_grandifolia,-0.6253016336648781,3.72625268166811,-2.233087295670269,EcM
Fagus_grandifolia,-0.6933472005626123,3.255458653399546,-1.628607826735369,EcM
Fagus_grandifolia,-0.42986026494288604,2.6979598038402006,-1.5951723363517651,EcM
Acer_rubrum,-0.2815674714519269,2.0684546824504384,-1.264191665974163,AM
Acer_rubrum,-0.5837548037887486,3.18891295233325,-1.7809940963544648,AM
Acer_rubrum,-0.5264470046689474,2.6518107606415544,-1.3571211788512396,AM
Acer_rubrum,-0.6225023409906133,3.1684389691060546,-1.6839020741696464,AM
Carya_cordiformis,-0.6670896462406557,2.901613714637403,-1.3251583594921674,EcM
Carya_cordiformis,-0.4458184624573806,2.1413311644568322,-1.006639418765409,EcM
Acer_rubrum,-0.5050092384445508,2.133244609748937,-0.8791117289973644,AM
Acer_rubrum,-0.6432148118117363,3.3925986987212426,-1.8623995172800665,AM
Acer_rubrum,-0.5245865390160278,3.0630527255935016,-1.771454203569822,AM
Carya_cordiformis,-0.6455005270925923,2.607585645094713,-1.0730167404322146,EcM
Acer_rubrum,-0.32642290076821145,2.59998849384231,-1.7054525648209757,AM
Acer_rubrum,-0.6106459590482015,2.350925764728316,-0.8899734227450934,AM
Acer_rubrum,-0.43711058594371,2.7110141236742233,-1.596963739448594,AM
Fraxinus_nigra,-0.47965000629754095,3.377052219193617,-2.1747517182841607,AM
Fraxinus_nigra,-0.9441759353636907,2.999876306675516,-0.8622235111301951,AM
Fraxinus_nigra,-0.6294214896794004,2.999134015065016,-1.4933657394690176,AM
Fraxinus_nigra,-0.4720857954500601,2.8303821340785973,-1.6462518873068166,AM
Fraxinus_nigra,-0.5553001138678202,2.7412700391973153,-1.3880658412647267,AM
Fraxinus_nigra,-0.8202989662204289,4.321658890939572,-2.445685932788565,AM
Fraxinus_nigra,-0.594750858703752,3.611919001117635,-2.177421952981216,AM
Fraxinus_nigra,-0.8653600032056121,3.997831826303596,-2.0281482500922854,AM
Carpinus_caroliniana,-0.7985076962177716,3.7624816862241475,-1.9252908641382918,EcM
Tilia_americana,-0.7260836808062101,4.871606994073057,-3.1772031203043674,EcM
Tilia_americana,-0.8847920648147841,4.590878605323365,-2.5798581543239902,EcM
Tilia_americana,-0.7920839284199688,4.905169242499338,-3.081029847216571,EcM
Carya_ovata,-0.6363888467413364,2.8994303986826213,-1.3816539803596848,EcM
Carya_ovata,-0.6614547338274556,2.8485000413141437,-1.285357408606804,EcM
Carya_ovata,-0.40616535322255776,2.0772461187515647,-1.0222393092953004,EcM
Acer_saccharum,-0.5730557003021249,3.2854403759702873,-1.8949149111821928,AM
Fagus_grandifolia,-0.665142984150348,3.507689075596531,-1.9306426773033127,EcM
Acer_saccharum,-0.6058691724528847,3.3024377282252364,-1.8479872952580083,AM
Acer_saccharum,-0.31306825884219686,1.9170949795318382,-1.0482648947533908,AM
Acer_saccharum,-0.5707525723463394,3.129904156708156,-1.7486094781158796,AM
Fagus_grandifolia,-0.8372485245342022,3.5371894196226394,-1.6203669827465104,EcM
Acer_saccharum,-0.17578297995437217,2.6428720991208534,-2.051270661379806,AM
Fagus_grandifolia,-0.43355598827469005,2.7152608213171203,-1.6057135116330807,EcM
Acer_saccharum,-0.3349134521572196,2.9741723747502484,-2.0655260764319316,AM
Acer_saccharum,-0.443946094926446,3.5769576049087957,-2.4442356081005507,AM
Acer_saccharum,-0.5376830779358734,3.156923955673512,-1.8450039860124923,AM
Acer_saccharum,-0.5693378948336589,3.0244254255002523,-1.641389511331612,AM
Acer_saccharum,-0.5929399201429199,3.270090213182749,-1.8451602459551701,AM
Acer_saccharum,-0.3853684064090419,2.702152694948898,-1.6920701772016364,AM
Fagus_grandifolia,-0.737308076345715,3.2956828800750304,-1.5828708869220378,EcM
Acer_saccharum,-0.345735003900398,1.7140717641356138,-0.780634635220204,AM
Fagus_grandifolia,-0.454445290329883,2.9914869358465537,-1.8423694729013582,EcM
Acer_saccharum,-0.38742874562206586,2.965717592510494,-1.9484132792734319,AM
Acer_saccharum,-0.5026921238692685,3.459660055917922,-2.2138950141464857,AM
Fagus_grandifolia,-0.6095415967051484,3.203303560890019,-1.7453139716422903,EcM
Acer_saccharum,-0.07666508493548543,0.8420841696913652,-0.4485833150324479,AM
Acer_saccharum,-0.5544292612481226,3.249027497540926,-1.8995800082636896,AM
Acer_saccharum,-0.5026921238692685,2.9042593605154625,-1.6581093206552993,AM
Acer_saccharum,-0.4688842559778192,3.073283440068918,-1.8938063742957285,AM
Acer_saccharum,-0.44926026810783587,2.8996483040516208,-1.759807869874283,AM
Acer_saccharum,-0.44207722660489646,2.3868660999134494,-1.2615426569128458,AM
Acer_saccharum,-0.2815674714519269,2.156301933653785,-1.3497166568703218,AM
Fraxinus_americana,-0.5783909432617568,3.2583229681534753,-1.863862761634072,AM
Acer_rubrum,-0.3446052198514019,2.6235550673519956,-1.6933498848170692,AM
Fraxinus_americana,-0.5448996040997423,3.3317452211467153,-1.9956716593286628,AM
Fraxinus_americana,-0.18910450909078697,2.4359570979170235,-1.8123787571807908,AM
Fraxinus_americana,-0.49610122836760867,2.8504025212023563,-1.615868801345036,AM
Fraxinus_americana,-0.4167283003868751,2.848881969270496,-1.774410832859044,AM
Fraxinus_americana,-0.29517675421404144,2.2306536549321176,-1.3994648241581207,AM
Fraxinus_americana,-0.6150756451397899,2.374940271187269,-0.903218650047062,AM
Acer_rubrum,-0.8303424197377901,3.506392333315018,-1.604641742467258,AM
Acer_rubrum,-0.44785082460460224,3.514031723372923,-2.3764323422158684,AM
Acer_rubrum,-0.37892055288605214,3.6202055647824816,-2.6188190658498773,AM
Acer_rubrum,-0.400179103678927,2.4030857697415087,-1.361601748529519,AM
Acer_rubrum,-0.43371027354846675,3.658347664356023,-2.5484568978283404,AM
Acer_rubrum,-1.093027910374209,3.818237044312103,-1.3922290968778004,AM
Acer_rubrum,-0.390675022635529,2.5546333204229357,-1.533064933061291,AM
Acer_rubrum,-0.32559164552500114,3.0741523636492105,-2.1799827732094057,AM
Fagus_grandifolia,-0.5134958523218695,3.1775743466640143,-1.909182856315739,EcM
Fagus_grandifolia,-0.5471438864401024,2.8450476672810647,-1.5073084189111186,EcM
Fagus_grandifolia,-0.47690740556253,2.223485767304096,-1.0216512475319814,EcM
Acer_rubrum,-0.438039954040343,2.9726580560679925,-1.855888519010465,AM
Fagus_grandifolia,-0.3078847797693004,2.2647798704171285,-1.4089427341923773,EcM
Fagus_grandifolia,-0.47112425691443865,2.38471098717322,-1.2006941117840413,EcM
Carya_ovata,-0.36976018348738793,2.7024880945602923,-1.7227665953411035,EcM
Acer_saccharum,-0.400179103678927,2.397972192567242,-1.3570239771659314,AM
Fraxinus_americana,-0.14444790436587304,2.2744803455093185,-1.7457743555367935,AM
Fraxinus_americana,-0.36874752517300163,1.8060561464641716,-0.8290623653034674,AM
Fraxinus_americana,-0.36557154444648776,2.230798044535111,-1.2596617101865246,AM
Acer_saccharum,-0.13937701646864198,1.618327767518191,-1.0975433401971533,AM
Acer_saccharum,-0.49216744194745743,2.6654292039299663,-1.4354846053106625,AM
Fraxinus_americana,-0.7125338943601354,3.554688279595486,-1.8886092970823793,AM
Acer_saccharum,-0.6883586638281483,3.2623357915981845,-1.6419611041396605,AM
Acer_saccharum,-0.7168253079145225,3.2607267429210403,-1.5867612035836984,AM
Acer_saccharum,-0.7771811761699547,3.2154492713332443,-1.4201959114162617,AM
Acer_saccharum,-0.6520052372287701,2.6419036792018704,-1.0891335432513018,AM
Acer_saccharum,-0.5666907566073861,3.6321645440293033,-2.2604736102212386,AM
Fraxinus_americana,-0.39586137196546956,3.5067865667731293,-2.47030784480163,AM
Quercus_rubra,-0.5594907957472717,2.54306403911537,-1.1824665995305044,EcM
Acer_saccharum,-0.7739234905872331,3.670339362863604,-1.8773173575897015,AM
Acer_saccharum,-0.42755735458298044,3.595974379723456,-2.498151877818021,AM
Acer_saccharum,-0.6113828787573057,3.675057960820908,-2.2104146369679736,AM
Fraxinus_americana,-0.29115476193075357,2.3673929856603486,-1.5429226323101002,AM
Carpinus_caroliniana,-0.6262364752773185,3.076318339120349,-1.5845403598697503,EcM
Acer_saccharum,-0.48175237628028356,3.520516997359716,-2.3136963146202336,AM
Acer_saccharum,-0.598018835468368,2.987371780828179,-1.5513741102485699,AM
Fraxinus_americana,-0.37921273696409863,3.0409844401942685,-2.0437234555689847,AM
Fraxinus_americana,-0.3631242676186394,3.7803952185388483,-2.811685089844291,AM
Acer_saccharum,-0.6360109891891362,3.8202898926045634,-2.3095055341025086,AM
Acer_saccharum,-0.5739429330814687,3.12334148582207,-1.7303198027096338,AM
Acer_rubrum,-0.6396064136319155,3.756580751210996,-2.2369878106669625,AM
Fraxinus_americana,-0.3985391480374312,2.340513400196581,-1.2983824886980007,AM
Fraxinus_americana,-0.45902412520272745,3.0558720008869185,-1.899629397496332,AM
Acer_rubrum,-0.6502792803327695,2.8203615041704158,-1.2743536028238467,AM
Acer_saccharum,-0.8099057411701409,3.15112959856756,-1.2927009195222492,AM
Acer_rubrum,-0.3314249953996998,2.9237585379885753,-2.0214690321945783,AM
Acer_saccharum,-0.6027581808322645,3.1288642544867824,-1.6830004787332546,AM
Acer_saccharum,-0.5033536089272896,3.102746421208473,-1.8523840916694898,AM
Acer_rubrum,-0.7429678755439012,3.3916714910914654,-1.6684362514281004,AM
Acer_rubrum,-0.6058691724528847,2.8067220296830198,-1.3497606161730848,AM
Acer_rubrum,-0.6158158376236218,3.6119170876269298,-2.132239723632349,AM
Acer_rubrum,-0.6600993265137449,3.2467339157001915,-1.6891053134606546,AM
Acer_rubrum,-0.15117178780173862,2.0100275824853986,-1.4643877512812593,AM
Acer_rubrum,-0.5725237382362065,2.5891160967203346,-1.2039728043259361,AM
Acer_rubrum,-0.6518133170669681,3.093530454805177,-1.5475069536592236,AM
Acer_rubrum,-0.635822113940676,3.2841305072510782,-1.769964809699142,AM
Fraxinus_americana,-0.08872193006080453,1.4823867719471953,-1.0645402959183334,AM
Acer_rubrum,-0.8360941898798784,3.420184751562917,-1.5166561810084507,AM
Acer_rubrum,-0.7260836808062101,3.3682016606324723,-1.6811818181193878,AM
Acer_rubrum,-0.5407695001390628,2.372817753891066,-1.0507324558674316,AM
Acer_rubrum,-0.41688001092346283,2.0891176022510813,-1.0135258399146538,AM
Acer_rubrum,-0.6195250406893316,2.8455794737938485,-1.371479276452397,AM
Acer_saccharum,-0.6589390092302083,3.141618948361104,-1.5830710387866667,AM
Acer_saccharum,-0.7269108107127544,3.29657545873311,-1.6018139885386309,AM
Acer_saccharum,-0.46140074043846774,3.6317679390271653,-2.468252219927908,AM
Acer_saccharum,-0.4027188824401392,4.088077415620558,-3.038904444242729,AM
Fagus_grandifolia,-0.377898580390359,3.2201842852604172,-2.225127036501626,EcM
Fagus_grandifolia,-0.33687231664255274,2.0980505018142392,-1.1861151882533632,EcM
Acer_saccharum,-0.8785133675401251,3.793244530686632,-1.8029327687025847,AM
Acer_saccharum,-0.6512377774827357,3.775913709091863,-2.232715414015155,AM
Acer_saccharum,-0.3119747650208255,2.158621893901,-1.2901799993020717,AM
Acer_saccharum,-0.49249466708126727,3.4930228326029953,-2.271494503372994,AM
Acer_saccharum,-0.5573932595823254,3.6284085981311796,-2.2704279799671094,AM
Acer_saccharum,-0.3903794706901236,2.106046281574406,-1.0861897686695525,AM
Acer_saccharum,-0.49167680492722976,3.1704816490250414,-1.9441153566592064,AM
Carya_ovata,-0.519530064396137,3.4053408891330417,-2.122203399852869,EcM
Acer_saccharum,-0.7592869830644903,3.5619139388623893,-1.8029327687025847,AM
Acer_saccharum,-0.6113828787573057,3.3809594454928145,-1.9148195623424251,AM
Acer_saccharum,-0.632616680819913,3.4432171679833123,-1.9396795993046774,AM
Acer_saccharum,-0.32697745505942327,1.8813104015101105,-0.9852836042539637,AM
Carya_ovata,-0.25941860717892157,2.4958232768279154,-1.7328169352107665,EcM
Carya_ovata,-0.41991906507831483,2.3710616330715406,-1.284941865654784,EcM
Carya_ovata,-0.42909203873932067,3.2739131017980996,-2.1761711708258873,EcM
Carya_ovata,-0.5605412160119236,3.801463814935542,-2.436757308044264,EcM
Acer_saccharum,-0.4733692867220372,3.6782637129944526,-2.4878094147366596,AM
Acer_saccharum,-0.6897529474919297,3.468955713640925,-1.8473293182114372,AM
Acer_saccharum,-0.5308582775162268,3.3358800133018125,-2.0328042303788942,AM
Carya_ovata,-0.1856069477854839,3.1448619660087607,-2.5340968981804526,EcM
Acer_saccharum,-0.6014799920341214,3.032503656854111,-1.5859074138611156,AM
Acer_saccharum,-0.5936639020749952,2.4209089343886405,-0.9879467195234474,AM
Acer_saccharum,-0.5423162908573614,3.1817431929391593,-1.855044421211858,AM
Acer_saccharum,-0.47128444914545803,2.685410664541512,-1.5016052086531073,AM
Acer_saccharum,-0.7335525951949842,4.491273339307979,-2.7844231779820223,AM
Acer_saccharum,-0.5354599047243516,3.0925769018534774,-1.7827096347892182,AM
Carya_cordiformis,-0.36369955887569677,2.9447958423253136,-1.9798117014206498,EcM
Acer_saccharum,-0.2482049819095809,1.9022769703986837,-1.1593225310248785,AM
Acer_saccharum,-0.6211986812473612,3.8927236799383604,-2.4107986747771357,AM
Acer_saccharum,-0.7184649885442352,3.7784489769232987,-2.1024899349399613,AM
Acer_saccharum,-0.7400291664600757,4.409314698725208,-2.6847933406620808,AM
Acer_saccharum,-0.507331734511735,4.002676907029501,-2.7488721956224653,AM
Acer_saccharum,-0.44675596252604505,3.9508637598677954,-2.8166840348918907,AM
Acer_saccharum,-0.535289095944365,3.551303179974798,-2.239163267003477,AM
Acer_saccharum,-0.5023615453538613,3.76104658507113,-2.513894186073017,AM
Acer_saccharum,-0.7490828128902486,3.70229383958213,-1.9661128563728327,AM
Carya_cordiformis,-0.6141511743334475,3.146716957759143,-1.6763773935707482,EcM
Acer_saccharum,-0.46760650464601416,2.384734783112609,-1.2084271535592448,AM
Acer_saccharum,-0.3866924227848808,2.264946601683361,-1.249852410780855,AM
Acer_saccharum,-0.37673188928529183,3.648271422379095,-2.6522588454272826,AM
Carya_cordiformis,-0.5126606397117204,2.010366515345053,-0.7450456180096305,EcM
Carya_cordiformis,-0.3434767107740959,2.6045053198858734,-1.6739764335716716,EcM
Carya_cordiformis,-0.3948219480096846,2.8638558541340955,-1.83397908997299,EcM
Carya_cordiformis,-0.4126407918572599,2.791058650612608,-1.7256977212896885,EcM
Acer_saccharum,-0.3741118004501687,2.659723194858585,-1.6688613353538806,AM
Acer_saccharum,-0.11799555823770748,2.078739047738737,-1.6038040922439343,AM
Acer_saccharum,-0.42342543348515715,3.3062498345986295,-2.218167752610034,AM
Acer_saccharum,-0.43324748912061606,3.219096490119833,-2.113343096114138,AM
Acer_saccharum,-0.4124897230451288,3.4627839149678694,-2.399123020171828,AM
Hamamelis_virginiana,-0.4882490695870857,4.165551425464007,-2.9444389781664406,AM
Acer_rubrum,-0.6608736200096497,3.572040393241879,-2.009119310982509,AM
Acer_saccharum,-0.643976136553496,4.537447935491711,-3.0099169014030904,AM
Acer_rubrum,-1.086486108870269,3.7593156097317557,-1.3428092496056836,AM
Acer_rubrum,-0.4481638626412796,3.7585506624783975,-2.6201888404510627,AM
Acer_saccharum,-0.5952947803924407,3.7044445429183974,-2.2711689002658213,AM
Acer_saccharum,-0.6223159997993539,3.2623162781511823,-1.780709630184327,AM
Acer_rubrum,-0.30340503291701726,3.0602102062936223,-2.209992301948534,AM
Acer_saccharum,-0.5869869847315546,4.276645210741924,-2.8637357958088425,AM
Acer_saccharum,-0.7806677780894405,3.1623550645310976,-1.3595369120163479,AM
Acer_rubrum,-0.4920038695254028,2.7299367124657095,-1.504077397776274,AM
Acer_saccharum,-0.5079962967558309,3.4895360956556947,-2.2310314045328887,AM
Acer_rubrum,-0.6067860149119018,3.2229623209577203,-1.7676619195061374,AM
Acer_saccharum,-0.5691612007789542,3.626619494548833,-2.246704638730024,AM
Acer_rubrum,-0.4970870976554775,3.151781823671104,-1.9141416753737668,AM
Vitis_vulpina,-0.47594122191248894,3.686846323704291,-2.495696361943108,AM
Vitis_vulpina,-0.4229673832443064,2.804883284941722,-1.7153864898552458,AM
Vitis_vulpina,-0.3426311639367969,3.1144172592200343,-2.1904677929036427,AM
Vitis_vulpina,-0.45602183172531663,2.5800986688237377,-1.4252798097900308,AM
Vitis_vulpina,-0.575719763683981,3.381677270914417,-1.9869469437268026,AM
Podophyllum_peltatum,-0.5516476182862459,3.5966892224308857,-2.2509130853274226,AM
Vitis_vulpina,-0.3871341514234409,3.076597305487774,-2.059788604017963,AM
Vitis_vulpina,-0.27575350158650713,2.501645029880853,-1.7066016635408094,AM
Podophyllum_peltatum,-0.13868751977389326,2.4006891952505107,-1.8820821093123856,AM
Vitis_vulpina,-0.19309942996583307,2.391275614764015,-1.7609878105613013,AM
Vitis_vulpina,-0.32476108069320164,2.4485813329929145,-1.5549170714332343,AM
Vitis_vulpina,-0.4255657798151673,2.86329904857973,-1.7707691945231627,AM
Vitis_vulpina,-0.4653743608620733,2.458120887107458,-1.2852469326645528,AM
Vitis_vulpina,-0.24679607997943842,2.1790497489894993,-1.4451348599307028,AM
Podophyllum_peltatum,-0.01724789340955339,2.3123754981885,-2.0364335937775175,AM
Podophyllum_peltatum,-0.08621169681906544,2.438660188162369,-2.0219107549570534,AM
Podophyllum_peltatum,-0.164874643190234,2.6639683949981334,-2.092864564714679,AM
Vitis_vulpina,-0.39230212158188354,2.4419363232124254,-1.414921083682691,AM
Vitis_vulpina,-0.44269979471839027,3.1325253863560616,-2.0031795596434083,AM
Vitis_vulpina,-0.25877072895736086,2.540213552072985,-1.7795889335674773,AM
Vitis_vulpina,-0.15560173209457306,2.4335696237424806,-1.8823486666271525,AM
Vitis_vulpina,-0.3325399780936079,2.405489862574265,-1.4972661148136706,AM
Vitis_vulpina,-0.4222044321124625,2.783863367014912,-1.6995890077302847,AM
Vitis_vulpina,-0.4516137641341445,3.2736500578730836,-2.127829779832352,AM
Vitis_vulpina,-0.7448616162466241,3.3037374653959666,-1.5753049082122927,AM
Vitis_vulpina,-0.59947470469731,3.5118093475861314,-2.0706309095415407,AM
Vitis_vulpina,-0.7903190923122189,4.346118761292217,-2.5257286443082556,AM
Vitis_vulpina,-0.4634650524061531,3.0235214517107423,-1.8525639657209696,AM
Vitis_vulpina,-0.3122480263970306,3.0422558776824453,-2.1715568305876416,AM
Vitis_vulpina,-0.46744690046404563,3.1910336645654045,-2.014903023042265,AM
Vitis_vulpina,-0.24321871574526077,2.364798715209808,-1.6349712154306444,AM
Vitis_vulpina,-0.3783364407199117,3.717444598520621,-2.7215639214934226,AM
Vitis_vulpina,-0.1304504293840651,2.2516702013189467,-1.750664338892783,AM
Betula_pendula,-1.2517634681622845,4.07753744390572,-1.2765434971607714,EcM
Betula_pendula,-1.3019532126861397,4.276666119016055,-1.3432348716594436,EcM
Betula_pendula,-1.3664917338237108,4.343805421853684,-1.2946271725940668,EcM
Betula_pendula,-1.5558971455060706,4.74493212836325,-1.3470736479666092,EcM
Betula_pendula,-1.2140231401794375,4.219507705176107,-1.4784096500276962,EcM
Betula_pendula,-1.171182981502945,3.9889840465642745,-1.3547956940605197,EcM
Betula_pendula,-1.1208578976154293,3.784189633918261,-1.2729656758128873,EcM
Betula_pendula,-1.04412410338404,3.9318256327243257,-1.5606477482646683,EcM
Pinus_sylvestris,-0.9942522733438669,3.8501476017100584,-1.5324768712979722,EcM
Pinus_sylvestris,-0.9808292530117262,3.9318256327243257,-1.6398971199188088,EcM
Pinus_sylvestris,-1.1208578976154293,4.204692619390966,-1.6660082639224947,EcM
Pinus_sylvestris,-0.959720289801491,4.02535169073515,-1.7897614665653818,EcM
Pinus_sylvestris,-1.0133524447172864,4.07753744390572,-1.7147984280919266,EcM
Pinus_sylvestris,-0.8119307165499123,3.58351893845611,-1.6347557204183902,EcM
Pinus_sylvestris,-0.7444404749474959,3.4657359027997265,-1.6982691261407161,EcM
Pinus_sylvestris,-0.9623346703755619,4.02535169073515,-1.783791299578878,EcM
Pinus_sylvestris,-0.8416471888783893,3.6888794541139363,-1.7092582477163114,EcM
Pinus_sylvestris,-0.7465479572870606,3.784189633918261,-2.0099154790312257,EcM
Pinus_sylvestris,-0.7298111649315367,3.828641396489095,-2.0024805005437076,EcM
Pinus_sylvestris,-0.8347107448817322,3.6109179126442243,-1.6144504542576446,EcM
Pinus_sylvestris,-0.8029620465671519,3.4965075614664802,-1.5702171992808192,EcM
Cunninghamia_lanceolata,-0.843970070294529,2.624668592163159,-2.8824035882469876,AM
Cunninghamia_lanceolata,-0.7550225842780328,2.453587966530573,-2.9108398065360284,AM
Cunninghamia_lanceolata,-0.579818495252942,1.5973653311998313,-2.1842688661760037,AM
Cunninghamia_lanceolata,-0.2613647641344075,0.6981347220709843,-1.9833316817049467,AM
Cunninghamia_lanceolata,-0.9800058640894428,2.6095816773095195,-2.6241680136734797,AM
Cunninghamia_lanceolata,-0.8035486315209005,2.4360131691566065,-2.772586658241911,AM
Cunninghamia_lanceolata,-0.7745608141898561,1.723064528890925,-1.848329115954793,AM
Cunninghamia_lanceolata,-0.46917969357397465,0.6244569977224479,-1.6157071028062757,AM
Cunninghamia_lanceolata,-0.718991888357206,2.6578484370943563,-3.2188737498703537,AM
Cunninghamia_lanceolata,-0.705568271909523,2.486979577288448,-3.047022452156922,AM
Cunninghamia_lanceolata,-0.40793622079373676,1.4999215739613292,-2.695625207032639,AM
Cunninghamia_lanceolata,-0.09580350306823886,0.8395671369134523,-2.5574751103672626,AM
Cunninghamia_lanceolata,-1.4354151581423409,2.7677694356105955,-3.000011195095476,AM
Cunninghamia_lanceolata,-1.3553699053999284,2.605534193031062,-2.8083768247477425,AM
Cunninghamia_lanceolata,-0.9758805527193425,1.8417695878392562,-2.2240228437353906,AM
Cunninghamia_lanceolata,-0.40381246297873125,0.7308883097646935,-2.050718801462124,AM
Cunninghamia_lanceolata,-1.2122716076684088,2.5226469776473905,-2.776763938336466,AM
Cunninghamia_lanceolata,-1.0115991644300064,2.340324979495314,-2.988764048126885,AM
Cunninghamia_lanceolata,-0.7994245653026886,1.3862943686198905,-2.125432245996113,AM
Cunninghamia_lanceolata,-0.4442219256376609,0.7672558951776772,-1.8901533814515514,AM
Pleioblastus_amarus,-1.172778537596813,3.52165263428291,-0.9277627874883746,AM
Pleioblastus_amarus,-1.3094736557562923,3.7380317936423353,-0.8394699320528617,AM
Pleioblastus_amarus,-1.1727781498819863,3.3897253107062744,-0.7846614921960363,AM
Pleioblastus_amarus,-1.2335561377683677,2.9938299918629196,-0.11854334974690207,AM
Pleioblastus_amarus,-0.7863297142094702,2.2110721106018447,-0.39261941099500747,AM
Pleioblastus_amarus,-0.8483115693498959,2.6165365659597954,-0.6713323712174515,AM
Pleioblastus_amarus,-0.759968974114537,2.4830055421608517,-0.7454401428700671,AM
Pleioblastus_amarus,-0.8272210837452856,2.5295255573023834,-0.5695497055657885,AM
Pleioblastus_amarus,-0.5184587403517146,1.47536964474652,-0.12541603766251067,AM
Pleioblastus_amarus,-0.6319405521422145,1.741071394991169,-0.11171720108545458,AM
Pleioblastus_amarus,-0.7599688458219526,1.517929398392415,0.24018406552498348,AM
Pleioblastus_amarus,-0.6492569577099898,1.517929580518697,-0.0022834861712123116,AM
Pleioblastus_amarus,-0.19410151728309746,0.8247902556846575,-0.17489599147074023,AM
Pleioblastus_amarus,-0.3157005619443239,1.1124687450266164,-0.09820347404632769,AM
Pleioblastus_amarus,-0.3410450791467639,0.8247907321459054,0.051141623036032556,AM
Pleioblastus_amarus,-0.2668607955278936,0.7377810277697564,0.00379556272979437,AM
Berberis_thunbergii,-1.2852291731883552,3.377200091837205,-0.5898525433603018,AM
Berberis_thunbergii,-1.2129764188231527,3.32287486694133,-0.6339203841876264,AM
Lonicera_maackii,-1.3854440307532523,3.4719537055747103,-0.28014770322961147,AM
Lonicera_maackii,-1.3461282027331454,3.3552810399064996,-0.1917732234008074,AM
Rubus_phoenicolasius,-1.5461275733284043,3.241653262241709,0.241354409673034,AM
Rubus_phoenicolasius,-1.4712079951842736,3.1693407909921953,0.33673363031204806,AM
Rubus_allegheniensis,-1.6689385211899626,3.2725052358293176,0.6548980748832129,AM
Rubus_allegheniensis,-1.6112188273220296,3.2899372094261197,0.3985593904329525,AM
Viburnum_dentatum,-0.6048851809249256,2.1510239192832756,-0.62684453328333,AM
Viburnum_dentatum,-0.6458993308605376,2.166428718459976,-0.5880501342071085,AM
Lindera_benzoin,-0.334271385471809,2.2469986266440607,-1.345748587785195,AM
Lindera_benzoin,-0.3726164616927343,2.2472780717392875,-1.2244281932246215,AM
Trifolium_subterraneum,-0.9288695014227875,4.8935663189379826,-2.765507231288288,AM
Trifolium_subterraneum,-0.930056869341275,4.827170358293578,-2.7014728344808647,AM
Trifolium_subterraneum,-0.8973308885422007,4.926425375536821,-2.8708676163188858,AM
Trifolium_subterraneum,-0.8847616510331017,4.984389309848594,-3.009017796582562,AM
Trifolium_subterraneum,-0.8824931927742607,5.2214363448902645,-3.191339089899268,AM
Trifolium_subterraneum,-0.9054124208367279,5.126342211665702,-3.0467578985050436,AM
Trifolium_subterraneum,-0.8040787300940427,4.513681311258618,-2.649877052279991,AM
Trifolium_subterraneum,-0.8009411658157424,4.443659356774668,-2.6187571104521736,AM
Trifolium_subterraneum,-0.8061758391994506,4.613705397219751,-2.7447561936175418,AM
Trifolium_subterraneum,-0.7751709487386739,4.716967486824218,-2.901807198018392,AM
Trifolium_subterraneum,-0.7978134017404165,4.846210165425268,-2.9967476088324467,AM
Trifolium_subterraneum,-0.8241815767051607,5.025758664582274,-3.10391626034653,AM
Trifolium_subterraneum,-0.9135600735175267,4.793663172772721,-2.686457573871055,AM
Trifolium_subterraneum,-0.9516750011980867,4.744186654914779,-2.6484412713970036,AM
Trifolium_subterraneum,-0.9159000831872902,4.843512165837514,-2.7463372238800434,AM
Trifolium_subterraneum,-0.8973308443873573,4.890993671586863,-2.83738424920052,AM
Trifolium_subterraneum,-0.9019408827139096,5.061147499780099,-2.9846262543303177,AM
Trifolium_subterraneum,-0.9336274327675196,5.103691985793372,-2.9491195449443515,AM
Trifolium_subterraneum,-0.7187855424802614,4.539640745251822,-2.844340997381587,AM
Trifolium_subterraneum,-0.7460865342231932,4.617098926813825,-2.8999606366010315,AM
Trifolium_subterraneum,-0.6978456973226612,4.579119831603346,-2.9223495529030012,AM
Trifolium_subterraneum,-0.6736509884455245,4.633896924685027,-3.0028639435665636,AM
Trifolium_subterraneum,-0.7197478397640565,4.779364007042878,-2.9967476088324467,AM
Trifolium_subterraneum,-0.8061758100881866,4.804957829583773,-2.9569016749470336,AM
Trifolium_subterraneum,-0.8446970670507826,4.575594281987312,-2.624343753129071,AM
Trifolium_subterraneum,-0.8188520893092077,4.53964088651172,-2.647007577249036,AM
Trifolium_subterraneum,-0.8188520620944681,4.589621674243216,-2.7306383073453397,AM
Trifolium_subterraneum,-0.8124938457981496,4.679482645875629,-2.768738097420434,AM
Trifolium_subterraneum,-0.8156678779836616,4.864893963590282,-2.962778328715884,AM
Trifolium_subterraneum,-0.8802298856538161,5.154447079846576,-3.1407867396575377,AM
Trifolium_subterraneum,-0.9565432141181506,4.970210070851866,-2.79330952292817,AM
Trifolium_subterraneum,-0.9712914877801043,5.009873198441785,-2.8566325678004114,AM
Trifolium_subterraneum,-0.9444168589849983,5.01215809870721,-2.9110924013602726,AM
Trifolium_subterraneum,-0.9007864050305073,5.058971999278223,-2.9947172688455965,AM
Trifolium_subterraneum,-0.9324357948212942,5.164296131684677,-3.029808447371783,AM
Trifolium_subterraneum,-0.954105944006904,5.243408526048967,-3.068356989353417,AM
Mytilaria_laosensis,-0.8915981192837836,3.9415818076696905,-1.7719568419318752,AM
Mytilaria_laosensis,-1.0498221244986778,3.9740583963475986,-1.7147984280919266,AM
Mytilaria_laosensis,-1.0788096613719298,3.927896354584436,-1.4271163556401458,AM
Mytilaria_laosensis,-0.6931471805599453,2.70805020110221,-1.0498221244986778,AM
Fagus_sylvatica,-1.3907785279852074,3.6735772041014814,-0.9683239420371443,EcM
Fagus_sylvatica,-1.2953829435184374,3.508896325863524,-1.1737421566256918,EcM
Picea_abies,-0.9478808724370995,3.039537870143676,-1.1495427804554308,EcM
Picea_abies,-0.9370824825416092,2.852035699231796,-1.1454258027980437,EcM
Fagus_sylvatica,-1.4899966745774311,3.7267129463864856,-0.8731249166488679,EcM
Fagus_sylvatica,-1.4768386741304549,3.639157133521669,-0.8454379424407535,EcM
Fagus_sylvatica,-1.4196804332641841,3.7792029311852793,-1.0327889420224385,EcM
Fagus_sylvatica,-1.3597824834206789,3.535972777069259,-1.0333731676954268,EcM
Fagus_sylvatica,-1.3143203307727198,3.6059310537721414,-1.042408762922052,EcM
Fagus_sylvatica,-1.2655304322989493,3.738617104752456,-1.04725370286209,EcM
Fagus_sylvatica,-1.2394187548683941,3.3272187296590428,-1.070210359229425,EcM
Fagus_sylvatica,-1.0956310749051434,3.2908510228751813,-1.2413630551314108,EcM
Fagus_sylvatica,-1.3087799101802566,3.513994017717959,-1.1966416463880785,EcM
Fagus_sylvatica,-1.3952891936070484,3.5923255712564957,-1.1397161416567312,EcM
Fagus_sylvatica,-1.365613672373697,3.664964427412782,-1.2644972238711194,EcM
Fagus_sylvatica,-1.3367935733127794,3.6713132821112153,-1.2289280113912189,EcM
Picea_abies,-1.0217332314481262,3.039537447087702,-1.1336510042558634,EcM
Picea_abies,-1.139820454617954,3.173068314541105,-1.0112581296849408,EcM
Picea_abies,-1.0715320925275618,3.1936873475972565,-1.2191473204695737,EcM
Picea_abies,-0.995420720577404,3.039536653139412,-1.117912653219342,EcM
Picea_abies,-0.8382608778627979,2.9907460414345945,-1.248351310186169,EcM
Picea_abies,-0.7455531695520723,2.97816658318779,-1.3745682494832812,EcM
Picea_abies,-0.9929122445565928,2.8853871827390596,-1.1196314690049476,EcM
Picea_abies,-1.02092908057954,2.965429395086378,-1.1704179097288774,EcM
Picea_abies,-0.9957924696482967,2.8991798563421725,-1.104734748735646,EcM
Picea_abies,-0.9402216251463608,2.8282277932961364,-1.1883932417590204,EcM
Picea_abies,-0.9095713550350993,2.7983741509037268,-1.1975036346001058,EcM
Picea_abies,-0.8690973609483742,2.82822617820393,-1.1869761525832605,EcM
Carex_flacca,-1.3512717631181859,4.7864734611759285,-2.1129640920821258,NMAM
Carex_flacca,-1.236871472850183,4.662425683615257,-2.259567548857736,NMAM
Centaurea_pectinata,-1.0246471362840741,4.558951156347607,-2.3678558288020293,AM
Centaurea_pectinata,-0.887588935106433,4.6447011500470445,-2.8152427272001805,AM
Coronilla_minima,-1.2462505802040753,4.668265100939984,-2.0032945577242876,AM
Coronilla_minima,-0.9532471267321152,4.202908668798409,-2.1618676854819814,AM
Helianthemum_apenninum,-1.2787314014235045,4.074120411987609,-1.5730212423221595,EcM
Helianthemum_apenninum,-1.3061375171909135,4.904996704223823,-2.3678557220572367,EcM
Helianthemum_oelandicum,-1.3303350917441445,4.21909437918045,-1.6909697495607465,EcM
Helianthemum_oelandicum,-1.4353615456559214,4.970754629302788,-2.2517032987610714,EcM
Pilosella_officinarum,-1.040427622771656,4.432478302662022,-2.2361589420511283,AM
Pilosella_officinarum,-1.0124018553482423,4.594171084238938,-2.519565252092139,AM
Koeleria_vallesiana,-1.4913311913917064,4.990012763971595,-2.205776881254604,AM
Koeleria_vallesiana,-1.431793426102309,4.990012763971595,-2.1336303165596746,AM
Lotus_corniculatus,-1.0851771230497234,4.871101057160912,-2.5298568536509674,AM
Lotus_corniculatus,-0.8306909503000413,4.46524548973924,-2.761657992926358,AM
Potentilla_pusilla,-1.4023953491439418,4.4176766597079045,-1.6558270728213906,AM
Potentilla_pusilla,-1.4387650515240762,4.89350346835666,-2.079441045679959,AM
Sanguisorba_minor,-1.2921587472117306,4.563957496510667,-2.0280379269777953,AM
Sanguisorba_minor,-1.3059628508461478,5.002675576091364,-2.3590963880252485,AM
Stipa_pennata,-1.2481513354400053,4.570440656219339,-2.0280379269777953,AM
Stipa_pennata,-1.2137652744397662,4.609884705157295,-2.228476412269146,AM
Thymus_dolomiticus,-1.535800439161906,4.804648514226536,-1.8349879883572116,AM
Thymus_dolomiticus,-1.5184601814200047,5.090616246016791,-2.2361588952645284,AM
Carpinus_betulus,-0.2231435513142097,3.632669554586145,0.27062377140521815,EcM
Fagus_sylvatica,-0.10536051565782628,3.4780157116896118,0.632520259397117,EcM
Fagus_sylvatica,0.0,3.807051629823285,-0.014851089537745613,EcM
Quercus_robur,-0.2231435513142097,3.6144912301933565,0.003055339692398165,EcM
Quercus_robur,-0.35667494393873245,3.696396979579544,-0.10165644863640565,EcM
Tilia_cordata,0.0,3.630056569693423,-0.2140050449508925,EcM
Tilia_cordata,-0.2231435513142097,3.3147279781420047,-0.03266059370676611,EcM
Chomelia_psilocarpa,-0.7380164668271226,3.1597094233815177,-1.4416049265778574,AM
Chomelia_psilocarpa,-0.6385882174776527,3.10831253243122,-1.5890645362813351,AM
Chomelia_psilocarpa,-0.607148487494969,2.858025582776606,-1.4016570492297304,AM
Chomelia_psilocarpa,-0.4957407875040364,2.674542156819924,-1.4409890209663658,AM
Chomelia_psilocarpa,-0.7296312806967382,3.1839424384133728,-1.4826083161380363,AM
Chomelia_psilocarpa,-0.6468386091869059,2.8135748742854525,-1.277826097118328,AM
Chomelia_psilocarpa,-0.6438164292007681,2.92910956119802,-1.3994051450677498,AM
Chomelia_psilocarpa,-0.6169231739299954,2.915567999199858,-1.4396500924480629,AM
Chomelia_psilocarpa,-0.5290400708882169,2.860286702057483,-1.5601349987907698,AM
Chomelia_psilocarpa,-0.5322528032327598,2.791560906161332,-1.4849837383862263,AM
Coccoloba_excelsa,-0.7569433533062785,2.816362500357174,-1.0604042351969958,EcM
Coccoloba_excelsa,-0.9264956453307244,3.0959617392609347,-1.0008988889115307,EcM
Coccoloba_excelsa,-0.8002353032273111,2.465585981930709,-0.6230438144338057,EcM
Coccoloba_excelsa,-1.0319814036763102,2.857388169820418,-0.5513537986082531,EcM
Coccoloba_excelsa,-1.1109514752764904,3.4105812748920963,-0.9466067640419281,EcM
Coccoloba_excelsa,-0.9797581654974764,2.9361539014461524,-0.7345660114849525,EcM
Coccoloba_excelsa,-0.7910762821481288,2.6352525764271024,-0.8110284525413586,EcM
Coccoloba_excelsa,-0.9177693620090924,3.3231645709861874,-1.2455542885744022,EcM
Coccoloba_excelsa,-0.8604222992857038,2.771336473503511,-0.8084203131598959,EcM
Coccoloba_excelsa,-0.7603272162271443,2.30737837384666,-0.5446523782390525,EcM
Combretum_decandrum,-0.7090848633856016,2.4949520314042295,-0.8347107448817322,AM
Combretum_decandrum,-0.5956079505712758,2.451276662097551,-1.017989197142177,AM
Combretum_decandrum,-0.5558940678852037,2.295832375832733,-0.9419726779435428,AM
Combretum_decandrum,-0.3547740132813775,2.2748117402155668,-1.3231921522350902,AM
Combretum_decandrum,-0.3281438152038307,2.2773504416547103,-1.3789912498746233,AM
Combretum_decandrum,-0.4892423784630451,2.638689786365227,-1.4181334686825542,AM
Combretum_decandrum,-0.35509804076147555,2.188593410416916,-1.2363257694740266,AM
Combretum_decandrum,-0.39856115334434583,2.1630061727093226,-1.1238123035902747,AM
Combretum_decandrum,-0.4247802084449273,2.3125517306449503,-1.220919752757075,AM
Combretum_decandrum,-0.5821123885012031,2.39161325856437,-0.9853169182017539,AM
Prionostemma_aspera,-0.35245827089903287,2.4006928051441117,-1.4537047054637275,AM
Prionostemma_aspera,-0.5574020617862472,2.813204691738339,-1.4563290079235003,AM
Prionostemma_aspera,-0.36891440289041405,2.54763010672395,-1.5677297378873791,AM
Prionostemma_aspera,-0.35828589654065923,2.4627602784181737,-1.5041169220573876,AM
Prionostemma_aspera,-0.23444567917088402,2.2212370830423684,-1.5102741626319673,AM
Prionostemma_aspera,-0.4060979598165706,2.5594336082618367,-1.505166130732059,AM
Prionostemma_aspera,-0.5035278805219583,2.6402213975395057,-1.391094073331957,AM
Prionostemma_aspera,-0.49644501877553093,2.789757696401355,-1.5547960978531306,AM
Prionostemma_aspera,-0.4510186035456492,2.5811268865769414,-1.4370181166728466,AM
Prionostemma_aspera,-0.03647321003905137,1.9244558940097607,-1.6094379124341003,AM
Clitoria_javitensis,-0.18987908711900062,2.1002393843691634,-1.4784096500276962,AM
Clitoria_javitensis,-0.5214909466650637,2.784656844261608,-1.4996033915800515,AM
Clitoria_javitensis,-0.21168257987508662,2.3383309874900724,-1.6728942673248395,AM
Clitoria_javitensis,-0.5827826805411896,2.744798594564587,-1.3371616727614242,AM
Clitoria_javitensis,-0.10676319784556938,1.8244810376249914,-1.3688830810126706,AM
Clitoria_javitensis,-0.3422163563343747,2.391133400051349,-1.4646291268236975,AM
Clitoria_javitensis,-0.30456717346975104,2.2956615607627553,-1.4444556536746296,AM
Clitoria_javitensis,-0.28308596807294084,2.380910932924015,-1.5726674342331781,AM
Clitoria_javitensis,-0.33314751444022095,2.4670187798733343,-1.5586521883385593,AM
Clitoria_javitensis,-0.4452933528113706,3.192340657946698,-2.059682389838504,AM
Tanaecium_pyramidatum,-0.4570620522768544,3.0787947348708573,-1.9225990708320275,AM
Tanaecium_pyramidatum,-0.3211103127087103,2.914429451895208,-2.0301372620713494,AM
Tanaecium_pyramidatum,-0.40339279084162044,2.9737291566754855,-1.9248720147241412,AM
Tanaecium_pyramidatum,-0.22786011056300873,2.7470624470148857,-2.049270662717801,AM
Tanaecium_pyramidatum,-0.526694688971457,3.41887408313149,-2.123413141002041,AM
Tanaecium_pyramidatum,-0.12787437689604877,2.2977901933138773,-1.799969880599389,AM
Tanaecium_pyramidatum,-0.268808318254742,2.871552258471368,-2.0918640626783933,AM
Tanaecium_pyramidatum,-0.5727042508935287,3.3828384857241347,-1.9953584265338107,AM
Tanaecium_pyramidatum,-0.44419084818083465,2.8799529186878727,-1.749499661496793,AM
Tanaecium_pyramidatum,-0.1304330933146706,2.59524711289818,-2.092309370213523,AM
Alseis_blackiana,-0.3340188440514907,2.2630628803703665,-1.3529536320091229,AM
Alseis_blackiana,-0.4375704408479517,2.3807883779664425,-1.263575936998429,AM
Alseis_blackiana,-0.48344343944855506,2.510515120088406,-1.3015566810210952,AM
Alseis_blackiana,-0.464877726759754,2.641665837355971,-1.4698388224491072,AM
Alseis_blackiana,-0.38941274987652963,2.4424848128339756,-1.4215877499171516,AM
Alseis_blackiana,-0.37499994004122017,2.51427236947445,-1.5222009288122273,AM
Alseis_blackiana,-0.5530996876538724,2.877392432472734,-1.5291214929922785,AM
Alseis_blackiana,-0.31355312062469287,2.249847694916827,-1.3806698921419631,AM
Alseis_blackiana,-0.4888905593126213,2.8842227190248155,-1.6643700404061446,AM
Alseis_blackiana,-0.452193349277632,2.502342536568609,-1.3558842786017935,AM
Coccoloba_manzinellensis,-0.5772785361817641,1.929602492234244,-0.532973856745574,EcM
Coccoloba_manzinellensis,-0.6917350400997851,2.5743144767462383,-0.9487728371303863,EcM
Coccoloba_manzinellensis,-0.41197333524822366,1.658711240432517,-0.5926930083448104,EcM
Coccoloba_manzinellensis,-0.7587509536769922,2.3164153288560203,-0.5568418610803982,EcM
Coccoloba_manzinellensis,-1.0095582633058546,2.7032807828205696,-0.442092695839217,EcM
Coccoloba_manzinellensis,-0.7436351109191313,2.3796171991975847,-0.6502754156151943,EcM
Coccoloba_manzinellensis,-0.9251167190636165,3.041974954212367,-0.9496699536085641,EcM
Coccoloba_manzinellensis,-0.7705334086352305,2.856577233826158,-1.0734388570555866,EcM
Coccoloba_manzinellensis,-0.7238681645731809,2.177227721958987,-0.4874198306426809,EcM
Coccoloba_manzinellensis,-0.8629945872807906,2.5913265510986356,-0.6232658153671184,EcM
Terminalia_amazonia,-0.7733468875572307,3.0964579665961542,-1.3076926296155555,AM
Terminalia_amazonia,-0.24555220141500173,1.8661108809265377,-1.132934918639987,AM
Terminalia_amazonia,-0.33466562991828863,2.1727448972268957,-1.2613420780423246,AM
Terminalia_amazonia,-0.6669308669527557,2.6928122983803964,-1.1168790048997952,AM
Terminalia_amazonia,-0.5318657309246358,2.423141595477647,-1.1173385731690781,AM
Terminalia_amazonia,-0.399202478375202,2.2852091069369873,-1.2447325889757097,AM
Terminalia_amazonia,-0.3110417086500594,1.8937743946347847,-1.0296194175811584,AM
Terminalia_amazonia,-0.5258889041299523,2.906995359772582,-1.6131459888597908,AM
Terminalia_amazonia,-0.4683712167563001,2.396254092252568,-1.2174400959083043,AM
Terminalia_amazonia,-0.6380960401285003,2.8752876221889965,-1.3570239771659314,AM
Maytenus_schippii,-0.3090144638806861,1.9199597910167838,-1.0598593031515782,AM
Maytenus_schippii,-0.2882010550999811,1.8071861088804153,-0.9887124384961595,AM
Maytenus_schippii,-0.2451449339522332,1.7151779248539205,-0.9828164956042891,AM
Maytenus_schippii,-0.3097761264219687,1.9671089807561617,-1.1054851688938028,AM
Maytenus_schippii,-0.21205170763083117,1.9248061938992045,-1.2586312175379575,AM
Maytenus_schippii,-0.3291548175531622,2.1013635674195057,-1.2009823701346871,AM
Maytenus_schippii,-0.31735729729684026,2.145791430830636,-1.2690052749920473,AM
Maytenus_schippii,-0.32281373764834365,1.697626891111943,-0.8099278542489782,AM
Maytenus_schippii,-0.3398473005472777,1.935365337577835,-1.0135991748771869,AM
Maytenus_schippii,-0.28749590444878564,1.8837461422971982,-1.066682772577049,AM
Platypodium_elegans,-0.23547814688135804,1.9882762824364317,-1.275248425733642,AM
Platypodium_elegans,-0.04116783556637621,1.719676455666235,-1.3952692229776764,AM
Handroanthus_guayacan,-0.07334858994200728,1.6848664838269558,-1.2960977424031017,AM
Handroanthus_guayacan,-0.04290417011912041,2.45715110884307,-2.1292712087452434,AM
Handroanthus_guayacan,-0.3414002370938548,2.6653128936795563,-1.7404408585609643,AM
Handroanthus_guayacan,-0.01913433027638725,2.524350013633546,-2.244009788418031,AM
Larix_kaempferi,-0.7339691750802004,3.1822118404966093,-1.3862943611198906,EcM
Fraxinus_mandshurica,-1.0498221244986778,3.8044377947482086,-1.3862943611198906,AM
Cunninghamia_lanceolata,-0.37106368139083207,2.9391619220655967,-1.9661128563728327,AM
Larix_kaempferi,-0.2231435513142097,2.1150499691472033,-1.3093333199837622,EcM
Fraxinus_mandshurica,-0.01005033585350145,0.9516578757114463,-0.6733445532637656,AM
Apodytes_dimidiata,-0.5978370007556204,2.5572273113676265,-1.0788096613719298,AM
Calpurnia_aurea,-0.6348782724359695,2.830267833826459,-1.1394342831883648,AM
Dovyalis_abyssinica,-0.4780358009429998,2.3758355547336385,-1.1086626245216111,AM
Gymnosporia_arbutifolia,-0.6539264674066639,2.7650604558189897,-1.1086626245216111,AM
Afrocarpus_falcatus,-0.2744368457017603,2.4475508632442313,-1.171182981502945,AM
Allophylus_abyssinicus,-0.5978370007556204,2.3561258599220753,-0.8915981192837836,AM
Noronhia_mildbraedii,-0.527632742082372,2.247072383063787,-0.843970070294529,AM
Combretum_collinum,-0.6348782724359695,2.5249283241374862,-0.941608539858445,AM
Ekebergia_capensis,-0.3011050927839216,1.9892432737616872,-0.941608539858445,AM
Vepris_nobilis,-0.2876820724517809,1.8484548129046001,-0.941608539858445,AM
Juglans_mandshurica,-1.378325604169299,4.971684366094355,-1.6107810690652458,AM
Juglans_mandshurica,-1.1940219388194455,4.393200458214926,-1.9173296105946798,AM
Fraxinus_mandshurica,-1.2765427373044291,4.836817117668921,-2.038265917533908,AM
Fraxinus_mandshurica,-1.1940217738030456,4.655564691085531,-2.136174590000526,AM
Phellodendron_amurense,-0.6792441215448118,3.319283428884367,-1.7090245236506934,AM
Phellodendron_amurense,-0.6443568944857588,3.2432979844992236,-1.85226925901294,AM
Larix_gmelinii,-1.127011081091275,3.7800975760397746,-1.2207468147158145,EcM
Larix_gmelinii,-0.9263406409600707,3.556954759487203,-1.4752030641675256,EcM
Pinus_koraiensis,-0.5208759478349804,3.0714492425420654,-1.808797141577602,EcM
Pinus_koraiensis,-0.35382199461445274,2.69675849304476,-1.809349307348998,EcM
Picea_koraiensis,-1.090643467233431,4.060057121100663,-1.5110572423226534,EcM
Picea_koraiensis,-0.9728605912991783,3.8104031100300273,-1.5461732116362805,EcM
Bromus_erectus,-1.1394342831883648,4.321480134805848,-1.8078888511579385,AM
Carex_flacca,-0.6931471805599453,3.258096538021482,-1.4188175528254507,NMAM
Carex_humulis,-1.3093333199837622,4.091005660956586,-1.241328590869705,NMAM
Centaurea_pectinata,-0.4462871026284195,1.8082887711792655,-1.491654876777717,AM
Coronilla_minima,-0.40047756659712525,2.2617630984737906,-1.1776554960085626,AM
Festuca_christianii-bernardii,-1.3862943611198906,4.887337077751762,-1.8140050781753747,AM
Helianthemum_oelandicum,-0.7339691750802004,2.341805806147327,-0.5603660693261269,EcM
Pilosella_officinarum,-0.7550225842780328,3.4531571205928664,-1.6450650900772514,AM
Koeleria_vallesiana,-1.1394342831883648,4.018183201256536,-1.4828052615007343,AM
Potentilla_pusilla,-0.579818495252942,2.533696813957432,-0.8462983600541201,AM
Sanguisorba_minor,-0.11653381625595151,1.0296194171811581,-0.4845083154486173,AM
Stipa_pennata,-0.7765287894989963,2.9444389791664403,-1.030019497202498,AM
Thymus_dolomiticus,-0.843970070294529,2.5494451709255714,-0.4748151862429576,AM
Ilex_macropoda,-1.171182981502945,4.40745068701404,-1.4271163556401458,AM
Ilex_pedunculosa,-1.2039728043259361,4.00369019395397,-1.2378743560016174,AM
Quercus_serrata,-1.4696759700589417,4.360036616782266,-1.0498221244986778,EcM
Quercus_glauca,-1.5141277326297755,4.179145163914566,-0.7985076962177716,EcM
Fagus_sylvatica,-0.9873599315465004,3.0998868137156044,-0.6200843163413178,EcM
Fagus_sylvatica,-0.9415312351542229,2.988025431491786,-0.6800133461980369,EcM
Fagus_sylvatica,-0.9291282969294968,3.394644148054683,-0.7180595117866886,EcM
Fagus_sylvatica,-0.9225307604197148,3.1783668596824843,-0.3058888043467231,EcM
Fagus_sylvatica,-0.9675840262617056,3.252790176461963,-0.8209805520698302,EcM
Fagus_sylvatica,-0.9942522733438669,2.928972620862347,-0.4462871026284195,EcM
Fagus_sylvatica,-0.916290731874155,3.138879782772476,-0.916290731874155,EcM
Fagus_sylvatica,-0.9675840262617056,2.951571377768221,-0.4942963218147801,EcM
Fagus_sylvatica,-0.8915981192837836,3.4839441224483956,-0.7765287894989963,EcM
Fagus_sylvatica,-0.9675840262617056,2.9748150252986028,-0.5447271754416722,EcM
Fagus_sylvatica,-0.941608539858445,3.177136743285462,-0.6733445532637656,EcM
Fagus_sylvatica,-0.916290731874155,3.2889614324348884,-1.5606477482646683,EcM
Fagus_sylvatica,-0.916290731874155,2.9519371135543198,-0.4942963218147801,EcM
Fagus_sylvatica,-0.916290731874155,3.180342875151417,-0.6348782724359695,EcM
Fagus_sylvatica,-0.916290731874155,3.060676962194373,-0.7765287894989963,EcM
Fagus_sylvatica,-0.916290731874155,3.2872071442444684,-0.5621189181535413,EcM
Fuchsia_excorticata,-0.8559014318613711,4.0144082597623285,-2.062116758175202,AM
Melicytus_ramiflorus,-0.8009551331942506,4.264476443235305,-2.4208329166476377,AM
Aristotelia_serrata,-0.9303896562536568,4.4431978199208375,-2.341561188068769,AM
Vitex_lucens,-0.816445396904439,4.399548559344901,-2.5243355650938457,AM
Fuchsia_excorticata,-1.0518241271693507,4.411205918548217,-2.0645938679550997,AM
Fuchsia_excorticata,-1.1450751630784506,4.5958463854368174,-2.065675348025063,AM
Fuchsia_excorticata,-1.228948790396113,4.637652588013764,-1.9371253199077438,AM
Fuchsia_excorticata,-1.156135474911776,4.535334363746531,-1.9815536688009077,AM
Fuchsia_excorticata,-1.0183234574393067,4.260010798358618,-1.981264660248397,AM
Aristotelia_serrata,-0.9503647122079065,4.444729192555624,-2.3025850929940455,AM
Aristotelia_serrata,-0.99344179106257,4.224824244946416,-1.9963057002191376,AM
Aristotelia_serrata,-0.9875182411625228,4.372022729813152,-2.155755222159097,AM
Aristotelia_serrata,-1.037046933009955,4.481060074308655,-2.1647152961194096,AM
Aristotelia_serrata,-1.1242378363070824,4.4723009790987645,-1.9818109941938111,AM
Corynocarpus_laevigatus,-0.5614174098820508,3.092176316655937,-1.7277882596062353,AM
Schefflera_digita,-0.3440408061211652,3.603848392640906,-2.6743975909098885,AM
Ackama_rosifolia,-0.8038553025443669,3.691034237150595,-1.8421248195520592,AM
Melicytus_ramiflorus,-0.8828559557879176,4.157763869773743,-2.1510001618867567,AM
Vitex_lucens,-0.52289820500026,3.60815907162068,-2.3212772275156324,AM
Vitex_lucens,-0.6483650377880521,3.8374206803329107,-2.2988280395663336,AM
Schefflera_digita,-0.5215495871289664,3.9470998430379978,-2.6625167055546446,AM
Schefflera_digita,-0.4634650524061531,3.6280791172511417,-2.4594697132997925,AM
Schefflera_digita,-0.5066676136173269,3.8517383632245927,-2.596694053719609,AM
Schefflera_digita,-0.5138301327862895,3.8409056136739355,-2.5720848435998733,AM
Schefflera_digita,-0.4762631794168798,3.8643935987989453,-2.6702334104871492,AM
Pittosporum_eugenioides,-0.8430402701345624,3.8328195638222975,-1.9047721951754741,AM
Dacrycarpus_dacrydioides,-0.44926026810783587,2.938717422761316,-1.798321399679211,AM
Melicytus_ramiflorus,-0.9090668867848355,4.069762241820156,-2.0104086304611517,AM
Melicytus_ramiflorus,-0.7178497932003172,3.9193098575173426,-2.2423053306347986,AM
Ackama_rosifolia,-1.07734015339257,3.929815676271383,-1.5335156050395646,AM
Ackama_rosifolia,-1.225877639713986,4.317217093613729,-1.6237238674873322,AM
Leptospermum_scoparium,-1.3295360273012817,5.07541118081039,-2.1760055183590694,EcMAM
Carpodetus_serratus,-0.6401752957938396,3.5782706072507278,-2.056043940913963,AM
Leptospermum_scoparium,-1.3466891065275313,5.165433004554042,-2.2309960105811193,EcMAM
Leptospermum_scoparium,-1.3097037589581781,5.017095038283774,-2.1549490934036672,EcMAM
Leptospermum_scoparium,-1.2902571729229484,4.7034476309218975,-1.8819014301131434,EcMAM
Leptospermum_scoparium,-1.4266997757549296,4.854195240540564,-1.7597971189886727,EcMAM
Ackama_rosifolia,-0.943405024365727,3.823049992378861,-1.6942569398338179,AM
Ackama_rosifolia,-0.9757753787090473,3.962448136500959,-1.7696827296863709,AM
Ackama_rosifolia,-1.0045756467417266,4.160635349119929,-1.9096987670927414,AM
Ackama_rosifolia,-0.887460350206278,3.478316842965196,-1.461431091802713,AM
Ackama_rosifolia,-1.132272490160745,4.101030663679842,-1.5950491736248578,AM
Vitex_lucens,-0.6965529736947781,3.890091357414883,-2.255792933030144,AM
Pittosporum_eugenioides,-0.8864892406373653,4.141267307818577,-2.126260557439383,AM
Corynocarpus_laevigatus,-0.4992264879226388,3.0187919516810626,-1.778970314226103,AM
Pittosporum_eugenioides,-0.9405834244431995,4.18695529588888,-2.064392886821134,AM
Vitex_lucens,-0.7655028427520857,3.976819700735898,-2.204088767075529,AM
Vitex_lucens,-0.6504709062795089,3.6445347849106757,-2.1019143993500764,AM
Vitex_lucens,-0.7015826593810469,3.764009541372855,-2.1193431515506833,AM
Corynocarpus_laevigatus,-0.6345009851272119,3.043388358708368,-1.533187591392268,AM
Corynocarpus_laevigatus,-0.807436326962073,3.6230703389134966,-1.7671428419635196,AM
Pittosporum_eugenioides,-0.8991878239744928,3.7928984953221208,-1.7528481462386671,AM
Ackama_rosifolia,-1.0353558390330948,3.5288585419712093,-1.2162095319599635,AM
Ackama_rosifolia,-1.0939232991819783,3.894531017319945,-1.4648969166438683,AM
Ackama_rosifolia,-1.0918353043890858,4.155819414333436,-1.7297579491829658,AM
Ackama_rosifolia,-1.036482917202561,4.018481799477406,-1.704377399453486,AM
Carpodetus_serratus,-0.5511269205395163,3.1914489817139726,-1.8474732924034827,AM
Carpodetus_serratus,-0.6762900634935225,3.4334454103218364,-1.839157595432067,AM
Pittosporum_eugenioides,-0.9364934391916745,3.9661951843480696,-1.852182247666235,AM
Pittosporum_eugenioides,-0.900663475988456,3.8165790273132263,-1.7730293698255237,AM
Pittosporum_eugenioides,-0.8153148145341529,3.708455236074815,-1.8359655646139066,AM
Pittosporum_eugenioides,-0.8141855089370014,3.637203514158486,-1.7673236271613888,AM
Knightia_excelsa,-0.9918227944865919,3.975538399099265,-1.750475837278756,NM
Metrosideros_robusta,-0.7989522394569218,3.635057622510931,-1.7953199221246208,AM
Nothofagus_solandri,-1.26443077336305,4.00234246062182,-1.2328296296442764,EcM
Carpodetus_serratus,-0.7663632428912044,3.682458126950822,-1.9077998387095676,AM
Carpodetus_serratus,-0.5886070012860214,3.254237768691972,-1.8352714472620173,AM
Myrsine_australis,-0.9840343839606746,3.9734278808851715,-1.7646308018398023,AM
Metrosideros_robusta,-0.8036319137352173,3.6696983826568985,-1.820158943749753,AM
Pterophylla_racemosa,-0.8472311959426605,3.8664495399018923,-1.9302920096276102,AM
Carpodetus_serratus,-0.6273594400219421,3.3341541106114754,-1.8383811683182494,AM
Beilschmiedia_tarairi,-0.2404168799846667,2.359644409479569,-1.6367959952360567,AM
Pseudowintera_colorata,-0.20690117576834516,2.5884443368527803,-1.9332369335699155,AM
Hedycarya_arborea,-0.16770884442610914,2.928919815380159,-2.35219410132487,AM
Dacrycarpus_dacrydioides,-0.4588658848352796,2.8155295672101417,-1.656304057965035,AM
Agathis_australis,-0.45728485683796083,2.4451231991276647,-1.2894949780021931,AM
Nothofagus_solandri,-1.6104384127676838,5.173819753046833,-1.7091165947661389,EcM
Nothofagus_solandri,-1.4605869657017456,4.85246654998301,-1.6906479678596436,EcM
Pterophylla_racemosa,-1.0010319603292457,3.439559097136393,-1.1965926977636077,AM
Pseudowintera_colorata,-0.1349037624648015,2.3045492567608363,-1.7931890646127566,AM
Pennantia_corymbosa,-0.7264971602414995,3.4769483693739103,-1.7828770985404,AM
Metrosideros_robusta,-1.0469690555162714,3.946344106407375,-1.6105254585981044,AM
Knightia_excelsa,-0.9547717186924366,3.7259401519783233,-1.5753883543785703,NM
Neopanax_arboreus,-0.08283827830900452,2.491407271554519,-2.0842148196669434,AM
Beilschmiedia_tarairi,-0.2000375625997346,2.268744341332075,-1.626957202928965,AM
Pterophylla_racemosa,-0.8495670998312469,3.6346451381063347,-1.694011748097425,AM
Pennantia_corymbosa,-0.5859084298903466,3.234653040269931,-1.8216353046393043,AM
Dacrycarpus_dacrydioides,-0.6941476808935289,3.1657895315973716,-1.5357649841839704,AM
Beilschmiedia_tarairi,-0.15513449694999074,2.2009667049458046,-1.6492092351450065,AM
Metrosideros_robusta,-0.9413521624695262,3.7484873651374238,-1.6245569918833198,AM
Agathis_australis,-0.4648966918775909,2.8261106323549514,-1.6560784896219596,AM
Pennantia_corymbosa,-0.8060919395760796,3.626315684803204,-1.7729928313247942,AM
Agathis_australis,-0.48906413198447807,2.745599365431734,-1.5261528085515124,AM
Metrosideros_robusta,-0.7607838292757566,3.7375729433724043,-1.9739765946751524,AM
Myrsine_australis,-0.9053507918358208,3.359637858637381,-1.3080569940935454,AM
Beilschmiedia_tarairi,-0.15280159025796283,2.125836671829361,-1.5789185765071427,AM
Prumnopitys_taxifolia,-0.3036759622061304,2.447268218632726,-1.5983647715740166,AM
Neopanax_arboreus,-0.43928045660289505,3.1429858646240856,-2.0230002271163476,AM
Rhopalostylis_sapida,-1.154547920998413,3.6117287152063233,-1.0627863610920352,AM
Pennantia_corymbosa,-0.7495059142293296,3.7699338013690915,-2.0284451349590675,AM
Pterophylla_racemosa,-1.1394342831883648,4.288366313454079,-1.767726268148015,AM
Dacrycarpus_dacrydioides,-0.26370516307033265,2.4952044186274356,-1.726586383843969,AM
Nothofagus_solandri,-1.600973834021971,5.023314571253329,-1.5781853706223037,EcM
Agathis_australis,-0.36456311678773856,2.457275132198024,-1.4862281658229382,AM
Metrosideros_robusta,-1.0029385385998273,4.292766090703462,-2.0442981062610905,AM
Metrosideros_robusta,-0.8933068954837797,3.9301978776691944,-1.901445874736665,AM
Nothofagus_solandri,-1.3787230956235725,4.3901488166441,-1.3914094609661483,EcM
Myrsine_australis,-0.9589373065956277,3.9828402813035426,-1.8226586889678764,AM
Dacrycarpus_dacrydioides,-0.4174870833354899,2.593665516504167,-1.5168354907547317,AM
Pterophylla_racemosa,-0.9260885743542661,4.155562686782894,-2.061937970876133,AM
Neopanax_arboreus,-0.5535591663528919,3.3030664873471554,-1.9547490977225177,AM
Pennantia_corymbosa,-0.7433883969966921,3.632325719947791,-1.9046294101743444,AM
Phyllocladus_trichomanoides,-0.3691813960309177,3.084290340884532,-2.1041073776287047,AM
Pseudopanax_crassifolius,-0.5364853705465683,3.7451045453493683,-2.4308563217130454,AM
Agathis_australis,-0.5368274263049915,2.6277834612797903,-1.313421338631271,AM
Nothofagus_solandri,-1.3759480690657464,4.350724256098665,-1.356332971966168,EcM
Myrsine_australis,-0.8173507840192515,3.355383223042052,-1.479798262827147,AM
Knightia_excelsa,-1.0384583658483626,3.7076601999081937,-1.387734245255688,NM
Pennantia_corymbosa,-0.5954761533864992,3.4003579491038756,-1.9678355107187617,AM
Dacrycarpus_dacrydioides,-0.7760941013808715,3.219343272397579,-1.4252454485454555,AM
Pseudowintera_colorata,-0.2361021524786018,2.71449987384158,-2.001058778336515,AM
Rhopalostylis_sapida,-1.14601841106538,3.591496123992774,-1.0590218208056041,AM
Dacrycarpus_dacrydioides,-0.5155032133171018,2.8103014720645767,-1.5372153812504994,AM
Neopanax_arboreus,-0.2689257439693375,2.8379348800416686,-2.0582927150343933,AM
Myrsine_coriacea,-0.7135539903376079,3.1499139217588668,-1.4802261804995487,AM
Elaeocarpus_hookerianus,-0.8474645409443026,3.4506287300703025,-1.5132539871837987,AM
Dacrycarpus_dacrydioides,-0.3871341514234409,2.54795788890728,-1.5325254141428235,AM
Prumnopitys_taxifolia,-0.33100719719015465,2.4761776165555256,-1.5725384971785346,AM
Agathis_australis,-0.4364914867132873,2.5987183887926824,-1.484274768009506,AM
Rhopalostylis_sapida,-0.9260885743542661,3.48039009219045,-1.3842346278276618,AM
Nothofagus_solandri,-1.5745535105805986,4.874796578791698,-1.485549318136971,EcM
Pseudowintera_colorata,-0.02040680977766262,2.1447512822262533,-1.8624735125103087,AM
Dacrycarpus_dacrydioides,-0.4672873217515072,2.66888066690593,-1.492143040354614,AM
Agathis_australis,-0.4748151862429576,2.5142416939878722,-1.3240252531534926,AM
Pseudowintera_colorata,-0.24003541898442793,2.630293453795877,-1.9089145615821081,AM
Neopanax_arboreus,-0.040821994520255166,2.5701589600404118,-2.2466450738733643,AM
Dacrycarpus_dacrydioides,-0.721135217100114,3.1857850473228804,-1.5011921142101665,AM
Knightia_excelsa,-1.0461147197103557,3.7615702529982515,-1.4295001487853982,NM
Dracophyllum_longifolium,-1.4464690841559606,4.371166551492778,-1.2356890180068574,ErM
Hoheria_lyallii,-0.6921476802268619,3.799438748821328,-2.1732465819751474,AM
Myrsine_divaricata,-0.9736550492637259,3.4842741124905983,-1.297551151285502,AM
Quintinia_serrata,-0.8937956540467841,3.59874198380038,-1.5686159195138452,AM
Dacrydium_cupressinum,-0.6624240079171049,3.134990741816022,-1.5696975843040668,AM
Rhopalostylis_sapida,-0.8182569916027896,3.135902190956889,-1.2591592214771512,AM
Pterophylla_racemosa,-1.0782215990203756,4.459999068924892,-2.062634423896788,AM
Hoheria_lyallii,-0.47997316028322595,3.214986018169776,-2.0134589736799877,AM
Pectinopitys_ferruginea,-0.10814215861970315,1.998822525899763,-1.5409065094073422,AM
Prumnopitys_taxifolia,-0.12058696298911772,1.870092951161003,-1.3880870109568986,AM
Agathis_australis,-0.5951134402885799,3.0261190576811914,-1.5934375733098813,AM
Myrsine_australis,-0.7951799061250969,3.479929926832113,-1.646949870341532,AM
Elaeocarpus_hookerianus,-0.8018465974832862,3.468198414889034,-1.6228867236393631,AM
Nothofagus_solandri,-1.4657705626216875,4.439041993163846,-1.2644507239869915,EcM
Weinmannia_silvicola,-1.0529699307894087,3.8309136865770936,-1.4860210610070264,AM
Coprosma_linariifolia,-0.594750858703752,2.8501692450686087,-1.4210804790814124,AM
Myrsine_divaricata,-1.081165375064389,4.096041959660977,-1.6915996190175606,AM
Nothofagus_menziesii,-1.3959407381716962,3.8345913808249845,-0.8007778443886744,EcM
Phyllocladus_trichomanoides,-0.39764575905603267,2.702559852014625,-1.665996263994494,AM
Neopanax_arboreus,-0.18296176168137795,2.692281023938496,-2.085699618659343,AM
Hoheria_lyallii,-0.5631721041381998,3.5159912160305504,-2.1466830961894328,AM
Myrsine_coriacea,-0.8298837041334163,3.4460851996687363,-1.545489188630287,AM
Nestegis_lanceolata,-0.22139508078009287,1.9530148523455486,-1.268230070797087,AM
Myrsine_australis,-0.9385363408214749,3.808183554586699,-1.6884544534634358,AM
Elaeocarpus_hookerianus,-0.816445396904439,3.507463513725628,-1.6326595496893603,AM
Pseudopanax_crassifolius,-0.490696252470825,3.2589832417066265,-2.0361804173766465,AM
Prumnopitys_taxifolia,-0.3000245956501674,2.43323355609284,-1.5924047784111934,AM
Dacrydium_cupressinum,-0.6847822642283177,3.2977963346208123,-1.6879711848783903,AM
Prumnopitys_taxifolia,-0.37527543694510673,2.55463754608985,-1.5621546258918448,AM
Phyllocladus_trichomanoides,-0.7050173531304328,3.426297324615583,-1.7759756004529674,AM
Myrsine_coriacea,-0.794294362564903,3.5111058422225883,-1.6817871781728215,AM
Dacrydium_cupressinum,-0.3912663887083514,2.6436214133214917,-1.61865456559458,AM
Nothofagus_solandri,-1.6301509540316421,4.72788315088236,-1.2241755116434554,EcM
Pectinopitys_ferruginea,-0.1722128226456668,2.167481786703182,-1.5816501338402158,AM
Elaeocarpus_hookerianus,-0.8804410789804578,3.482649553113248,-1.480605040591132,AM
Pseudopanax_crassifolius,-0.3367322704270728,3.07509593026306,-2.1598562345312806,AM
Nothofagus_solandri,-1.2812138846693832,4.066419213453746,-1.263323857891475,EcM
Myrsine_divaricata,-1.0703164195132624,3.669237045412072,-1.2885592837575421,AM
Nothofagus_solandri,-1.374365790254617,4.25073252589096,-1.2601430771263238,EcM
Nothofagus_solandri,-1.458865053954726,4.329039558094181,-1.169374759258099,EcM
Pectinopitys_ferruginea,-0.1694843079924628,1.9375727935534253,-1.3570725127282977,AM
Dacrydium_cupressinum,-0.6403649951209758,3.1451263170738373,-1.6238266506108376,AM
Phyllocladus_trichomanoides,-0.2555376191252138,2.5300005523022633,-1.777497025150628,AM
Prumnopitys_taxifolia,-0.31361545447828537,2.468172436441106,-1.5992100210945073,AM
Pectinopitys_ferruginea,-0.1963799140449949,1.7898251628297317,-1.1567663984016727,AM
Pseudopanax_crassifolius,-0.46298829435183064,3.322008291386932,-2.154068230497634,AM
Elaeocarpus_hookerianus,-0.941608539858445,3.6280445700376918,-1.5038749902618547,AM
Myrsine_coriacea,-0.5887871652357024,2.960521302549088,-1.5405569038702391,AM
Nothofagus_solandri,-1.4464690841559606,4.370750289497184,-1.2374146926974656,EcM
Dacrydium_cupressinum,-0.7571525105358577,3.174188107644075,-1.417462925293215,AM
Pectinopitys_ferruginea,-0.030356120014899235,1.7654569290327433,-1.4639195224150008,AM
Dacrydium_cupressinum,-0.5106589709866699,2.965959639602076,-1.701974167128553,AM
Dacrydium_cupressinum,-0.8449007357874821,3.4185905300626915,-1.4820984892966294,AM
Pseudopanax_crassifolius,-0.483534763530087,3.127476050532815,-1.9175560595675003,AM
Pseudopanax_crassifolius,-0.4879232305486864,3.3124509348545277,-2.0955120147757733,AM
Myrsine_coriacea,-0.7784872277269607,3.657548462612233,-1.8580605475573595,AM
Pectinopitys_ferruginea,-0.19589323682404927,1.9820877557467407,-1.348486075742496,AM
Nothofagus_solandri,-1.584745299843729,4.873689707166322,-1.4604719486197815,EcM
Myrsine_divaricata,-0.9699552564598479,3.5421280445854317,-1.361888732144402,AM
Halocarpus_biformis,-0.5279717826009612,2.4388596493272807,-1.1415373336746173,AM
Podocarpus_laetus,-0.183201944221262,2.1627915759604126,-1.554257949437963,AM
Sphaeropteris_medullaris,-0.9132952228943566,3.35390732327122,-1.2863090902403032,AM
Weinmannia_silvicola,-0.9490722213985346,2.8692181110505937,-0.7309668137642914,AM
Nothofagus_fusca,-0.9103086601966076,3.58398553375026,-1.5215078396580377,EcM
Coprosma_linariifolia,-0.7215466550816433,3.1746107560144647,-1.489576305171853,AM
Beilschmiedia_tawa,-0.34122350604669965,2.220142561462011,-1.2969849316766495,AM
Hoheria_lyallii,-0.5359725061879467,3.2264260957018935,-1.912387455170516,AM
Halocarpus_biformis,-0.4732087601946839,2.5230369264840506,-1.3343550730312081,AM
Nothofagus_fusca,-1.236495996031496,3.861709831828412,-1.1449988020719648,EcM
Sphaeropteris_medullaris,-0.9555514458274577,3.6243606442487635,-1.4727335919981448,AM
Podocarpus_laetus,-0.05181974872979647,1.816582960082761,-1.471664262794843,AM
Weinmannia_silvicola,-1.1120015257871256,3.726452830864906,-1.262016173152478,AM
Coprosma_linariifolia,-0.47755204700306525,3.297921672025969,-2.1019143993500764,AM
Nestegis_lanceolata,-0.3396773675701613,2.2337410489674525,-1.3136084899583333,AM
Hoheria_lyallii,-0.7254637820364884,3.8445731158606744,-2.151354119936789,AM
Halocarpus_biformis,-0.1915237675587542,1.7612044150539794,-1.1362494819310633,AM
Dracophyllum_longifolium,-1.44859538731727,4.4776888414867,-1.3386827464052127,ErM
Weinmannia_silvicola,-0.6606799904224439,3.493784166694192,-1.9316469458823116,AM
Dicksonia_squarrosa,-0.776746204436259,3.0174435859943496,-1.2230209980786817,AM
Phyllocladus_trichomanoides,-0.5622943721411833,2.7636291473507955,-1.3970023758229848,AM
Coprosma_linariifolia,-0.6225023409906133,3.2405470436906922,-1.754945494177628,AM
Podocarpus_laetus,-0.15082288973458366,1.9920627168713425,-1.449263119779523,AM
Nothofagus_fusca,-1.058430499035278,3.8142586715898084,-1.4557112324820864,EcM
Nothofagus_menziesii,-1.2316866428934519,3.470881586345456,-0.7647503373077378,EcM
Nothofagus_fusca,-1.2458370084246349,3.725279011739857,-0.9919521692611866,EcM
Nothofagus_menziesii,-1.4142823976600594,4.113742100781569,-1.042024814116316,EcM
Sphaeropteris_medullaris,-0.8901357743973038,3.5286626647157955,-1.5062201032330362,AM
Dicksonia_squarrosa,-0.15338430689935695,2.5157042628654103,-1.9674542413418088,AM
Podocarpus_laetus,-0.08077631002728779,1.9643232817589646,-1.5617924031321617,AM
Coprosma_linariifolia,-0.43155244287148287,3.0657275773044597,-1.9610687066559662,AM
Nestegis_lanceolata,-0.8337895103624113,2.9636129362386807,-1.0541232066197432,AM
Coprosma_linariifolia,-0.6845839498994575,2.9135172007947876,-1.3033025122874426,AM
Phyllocladus_trichomanoides,-1.2316866428934519,2.873959797652739,-0.16782855002951724,AM
Phyllocladus_trichomanoides,-0.40841946793460093,2.3489720546412856,-1.2910997007149474,AM
Halocarpus_biformis,-0.5418004280654213,2.4007684140993995,-1.0761394325493845,AM
Dracophyllum_longifolium,-1.5269366909223567,4.594737552421666,-1.2998207637077797,ErM
Dicksonia_squarrosa,-0.48662093506917325,2.902108171521323,-1.6882964885515483,AM
Halocarpus_kirkii,-0.5213811377055073,2.82246851278881,-1.537767974156873,AM
Nothofagus_fusca,-1.2221367749536072,4.228692288201698,-1.5429928130973762,EcM
Beilschmiedia_tawa,-0.3634118718771649,2.4410932854052487,-1.4733057366549749,AM
Hoheria_sexstylosa,-0.17614069771887347,3.1896523714629494,-2.595847238468995,AM
Plagianthus_regius,-0.8038553025443669,3.9556978007598316,-2.1067269538719136,AM
Halocarpus_biformis,-0.5480084148937068,2.6386288321090277,-1.3006530655967181,AM
Dracophyllum_longifolium,-1.5906161581935125,5.3679293709326545,-1.9440035707313985,ErM
Nothofagus_fusca,-1.4237885655474711,4.528197623641594,-1.441102596206435,EcM
Dicksonia_squarrosa,-0.21989882114932072,2.3317328185221244,-1.6502403081880792,AM
Metrosideros_excelsa,-0.8386354873085509,3.249576304080545,-1.3303357082609617,AM
Halocarpus_kirkii,-0.48873802730198596,2.7541278726446516,-1.5348861323491179,AM
Phyllocladus_trichomanoides,-0.37906663425363346,2.2246076230731524,-1.2249081473023695,AM
Halocarpus_kirkii,-0.3583907007222356,2.2164813582997707,-1.2583400465239156,AM
Syzygium_maire,-1.2251964407775626,4.629129279863279,-1.9368346482791654,AM
Syzygium_maire,-1.208315553760073,4.458792512438174,-1.7994815176475467,AM
Hoheria_sexstylosa,-0.0916767885719041,2.6648579309467966,-2.23977545301059,AM
Plagianthus_regius,-0.7828530936444383,4.070832346081311,-2.26428880699191,AM
Halocarpus_kirkii,-0.4381949327310833,2.7740535582185064,-1.6552617285673548,AM
Dracophyllum_longifolium,-1.5611240521555498,5.147702492967291,-1.7829342621784663,ErM
Phyllocladus_trichomanoides,-0.4188543452271804,2.4471767275202443,-1.3679320961378445,AM
Sophora_microphylla,-0.6428343666863562,3.212852418121971,-1.6852015143867736,AM
Syzygium_maire,-1.2069773133462347,4.406722869574765,-1.7507770318994356,AM
Metrosideros_excelsa,-0.8906229851255774,3.2725695222818625,-1.2493337405244331,AM
Hoheria_sexstylosa,-0.40766753166336445,3.3187761744331836,-2.262130141825961,AM
Plagianthus_regius,-0.9293759714228106,4.269629643624958,-2.169053702869523,AM
Phyllocladus_trichomanoides,-0.3447463730734585,2.229838872497067,-1.2987343180083826,AM
Halocarpus_kirkii,-0.38964097276127907,2.6187043478875722,-1.598317860031413,AM
Metrosideros_excelsa,-0.6055026707078991,3.1593894039802626,-1.7067431480394404,AM
Sophora_microphylla,-0.6386589952758756,3.1099576433264327,-1.5903087422514208,AM
Syzygium_maire,-1.0501078796084948,3.8338836505289415,-1.4926874007582973,AM
Metrosideros_excelsa,-0.5063357184931386,2.758893661529634,-1.5051250648889065,AM
Plagianthus_regius,-0.8117055166840805,3.8582910346218195,-1.9938836558301893,AM
Hoheria_sexstylosa,-0.4012241138509099,3.4330419979181297,-2.3893805551131506,AM
Hoheria_sexstylosa,-0.19200832238349846,3.1081796885134705,-2.482758418889196,AM
Syzygium_maire,-0.8234836822879487,3.4633040087660554,-1.5742516054101203,AM
Plagianthus_regius,-0.8326391593785443,4.1254517960923485,-2.2179758279332407,AM
Quintinia_serrata,-0.8903793500896542,3.677325623173885,-1.6539997403800872,AM
Metrosideros_excelsa,-0.8330991409873907,3.394542709365516,-1.4874549532612342,AM
Sphaeropteris_medullaris,-0.7234002237309662,3.0939455190188654,-1.405980034775414,AM
Hoheria_lyallii,-0.7379353633500794,3.9676812409742386,-2.2493405784752336,AM
Nothofagus_menziesii,-1.1618716283073005,3.984004244014956,-1.4197996382192661,EcM
Nestegis_lanceolata,-0.26396554583446485,2.6408842754472346,-1.8702408993299589,AM
Beilschmiedia_tawa,-0.17697587046920257,2.011646523908151,-1.415853161721435,AM
Nothofagus_menziesii,-0.9969586349416099,3.7336017358954967,-1.498686550036559,EcM
Nothofagus_menziesii,-0.9888614247089905,3.416621826598331,-1.1965267550848842,EcM
Alectryon_excelsus,-0.8806823044067874,3.895190124068036,-1.8925641650772933,AM
Sphaeropteris_medullaris,-0.7389817169037447,3.298134965941287,-1.5796236476802512,AM
Alectryon_excelsus,-0.6294214896794004,3.3809703339123556,-1.8795350828994315,AM
Alectryon_excelsus,-0.7291889519072109,3.180841133872505,-1.4809499132396813,AM
Olearia_rani,-0.49249466708126727,3.304558391580379,-2.07759709172394,AM
Olearia_rani,-0.6348782724359695,3.880910502736917,-2.3693897746013812,AM
Beilschmiedia_tawa,-0.23724247569371146,1.9639510388482777,-1.2474923297467007,AM
Agathis_australis,-0.48045808714959437,2.7338754767030253,-1.53043524849552,AM
Agathis_australis,-0.3268387876529749,2.2305038367096848,-1.3351504700924661,AM
Agathis_australis,-0.5301783522818057,2.803195603695152,-1.5003609089805263,AM
Agathis_australis,-0.5308582775162268,2.731687259718278,-1.427290708338694,AM
Agathis_australis,-0.4287849134297812,2.603643366841978,-1.5029035914553674,AM
Agathis_australis,-0.3983901944362025,2.2873819917914044,-1.2483665170665423,AM
Beilschmiedia_tarairi,-0.08904981683351104,2.4583804889624603,-2.0383384397939586,AM
Beilschmiedia_tarairi,-0.1112668124285867,1.8520904565655565,-1.3880010526897606,AM
Beilschmiedia_tarairi,-0.05614716062300105,1.9904383354511137,-1.636819438163329,AM
Beilschmiedia_tarairi,-0.169958297810556,2.1884198706394735,-1.6066138488581017,AM
Beilschmiedia_tawa,-0.30096996677871635,2.1785232015266356,-1.3351788607367574,AM
Beilschmiedia_tawa,-0.01247752151111258,1.5962471550592632,-1.330500430207959,AM
Beilschmiedia_tawa,-0.0950802062502699,1.888797031853322,-1.456406114035565,AM
Beilschmiedia_tawa,-0.21109147029006842,2.0408764018014294,-1.3776362985491897,AM
Beilschmiedia_tawa,-0.24987261105623415,2.1146781741051304,-1.3728054982620832,AM
Corynocarpus_laevigatus,-0.4561796226526657,3.0692791894879603,-1.9151090217318556,AM
Corynocarpus_laevigatus,-0.5614174098820508,3.4515221638931837,-2.0878866050567524,AM
Corynocarpus_laevigatus,-0.373675785618757,2.89425233647988,-1.9057571110365736,AM
Corynocarpus_laevigatus,-0.49758039701597007,3.00629147197997,-1.7697141879729876,AM
Corynocarpus_laevigatus,-0.4523994952973785,3.0873053887681983,-1.9412787276639352,AM
Alsophila_tricolor,-0.25670033484305255,2.190226867598457,-1.4349888374675481,AM
Alsophila_tricolor,-0.6243676651651197,2.829379082661935,-1.33984296020257,AM
Alsophila_tricolor,-0.47739084767975337,2.6907092935660475,-1.494127067903304,AM
Alsophila_tricolor,-0.5787476402514492,2.9604665570007787,-1.561159912731834,AM
Alsophila_tricolor,-0.4185503476568198,2.7805672173564835,-1.7019054234525508,AM
Alsophila_tricolor,-0.3974969384589874,2.7900076154774682,-1.7532647099001148,AM
Sphaeropteris_medullaris,-0.5633477430251008,3.2569668413082176,-1.8879480823419712,AM
Sphaeropteris_medullaris,-0.5344354894051245,3.1321340346640607,-1.8211340795339754,AM
Sphaeropteris_medullaris,-0.044683607626640025,2.0499235543816003,-1.7192928183053917,AM
Sphaeropteris_medullaris,-0.2117091736885466,2.8057134484521775,-2.141260512947711,AM
Alsophila_smithii,-0.3628367460525414,2.6124275214082138,-1.6455429192453344,AM
Alsophila_smithii,-0.21915153004467228,2.087548129204174,-1.4081835673285437,AM
Alsophila_smithii,-0.4246479275249383,2.5189783780383825,-1.428554172136392,AM
Alsophila_smithii,-0.6643653791344933,3.2109614502648443,-1.640664770156976,AM
Alsophila_smithii,-0.8425756940518745,2.740156970051848,-0.8145080372416321,AM
Dacrydium_cupressinum,-1.248273063222516,4.550108149436474,-1.8106874770753574,AM
Dacrydium_cupressinum,-0.6965529736947781,2.975888023921614,-1.3386296910337547,AM
Dacrydium_cupressinum,-0.5817847127064847,3.0947900690841497,-1.691480336959279,AM
Dacrydium_cupressinum,-0.6749144122988856,3.1996148254331653,-1.6094379124341003,AM
Dacrydium_cupressinum,-0.5575678863181224,2.863264740544382,-1.5062536781596538,AM
Dacrydium_cupressinum,-0.6810210007621047,3.090144766012114,-1.4851401967954843,AM
Dicksonia_squarrosa,-0.4312445610956517,2.7824297333801433,-1.6791473745393628,AM
Dicksonia_squarrosa,-0.18934617173091908,2.6330232015413717,-2.01308483943574,AM
Dicksonia_squarrosa,-0.3809676365077769,2.7687386709195336,-1.764641038388546,AM
Dicksonia_squarrosa,-0.45129964445196374,2.972944942236979,-1.8278244027759696,AM
Dicksonia_squarrosa,-0.29316373602101947,2.8050356659235347,-1.9771028254625993,AM
Dicksonia_squarrosa,-0.5385394623335065,2.578551626486645,-1.2596310463394846,AM
Didymocheton_spectabilis,-0.2556667430197698,2.1986362231619108,-1.4456088934784006,AM
Didymocheton_spectabilis,-0.0007002451143934259,2.0126093717397784,-1.769675035468758,AM
Elaeocarpus_dentatus,-0.6379017063339668,3.378133832635229,-1.8611763405902508,AM
Elaeocarpus_dentatus,-0.5414566673195128,3.3390019976778285,-2.0157176822890523,AM
Elaeocarpus_dentatus,-0.4736904171037307,3.210110246390694,-2.020619654401547,AM
Elaeocarpus_dentatus,-0.5485274909500022,3.4590821408531442,-2.119875111646676,AM
Elaeocarpus_dentatus,-0.31855373611886806,2.860721424215746,-1.9828147090433959,AM
Elaeocarpus_dentatus,-0.5124936808666878,3.3085239670019044,-2.0420540077733533,AM
Hedycarya_arborea,-0.008838948667204392,2.4905026728032813,-2.2308931685630866,AM
Knightia_excelsa,-1.0317015833854828,4.0180303118717084,-1.7153864898552458,NM
Knightia_excelsa,-0.9375143683257817,3.7617676964495916,-1.646174150453268,NM
Knightia_excelsa,-0.7832907304129113,3.743689398944139,-1.936715599772703,NM
Knightia_excelsa,-0.9177918580004223,3.5765532092755548,-1.4983889084485504,NM
Knightia_excelsa,-1.0013041062011117,4.00976445529871,-1.764753145089856,NM
Kunzea_ericoides,-0.8221175618569053,4.0877468492680125,-2.203494187330947,EcMAM
Kunzea_ericoides,-0.920298753271694,3.8557360605487916,-1.7737409619396625,EcMAM
Kunzea_ericoides,-0.6572010537864762,3.6059053708206803,-2.049841070403545,EcMAM
Kunzea_ericoides,-0.4153639402874119,3.2696112926594214,-2.197224578336219,EcMAM
Kunzea_ericoides,-0.41067867516105183,3.3081388977202306,-2.2454266785985415,EcMAM
Laurelia_novae-zelandiae,-0.041551427158235114,2.4461991221991455,-2.1220094260458713,AM
Laurelia_novae-zelandiae,-0.05667617719355686,2.2917135282061705,-1.9368096346394121,AM
Leptospermum_scoparium,-0.4913498472653339,3.1904225583647605,-1.9663666314281412,EcMAM
Leptospermum_scoparium,-0.96154963827977,4.1751651466556625,-2.0111674938180273,EcMAM
Leptospermum_scoparium,-0.9707469176702138,3.9718768611983806,-1.787024932854445,EcMAM
Leptospermum_scoparium,-0.7331361887763086,4.051271879336621,-2.3431616593009355,EcMAM
Leptospermum_scoparium,-0.545072062494582,3.8258980388788593,-2.4944192029997847,EcMAM
Melicytus_ramiflorus,-0.5807117512301572,3.7662019648657545,-2.3630378708265036,AM
Melicytus_ramiflorus,-0.6641710723234281,3.815403757768256,-2.2454266785985415,AM
Melicytus_ramiflorus,-0.6657265849839531,4.012617106518369,-2.43927394515165,AM
Melicytus_ramiflorus,-0.9177918580004223,4.675323362593962,-2.5982626442678955,AM
Melicytus_ramiflorus,-0.7852624694677509,3.994305275531632,-2.1816081854032077,AM
Melicytus_ramiflorus,-0.4942963218147801,3.978596685910827,-2.7483711805264917,AM
Metrosideros_robusta,-0.8465314874593023,3.9621034307572955,-2.030128230566109,AM
Metrosideros_robusta,-1.0216512475319814,4.232102209077395,-1.9468495551590912,AM
Metrosideros_robusta,-0.7242251361308067,3.659660240148266,-1.9696464278037014,AM
Metrosideros_robusta,-0.8663107995691344,3.9052027317470297,-1.9299623459778719,AM
Metrosideros_robusta,-0.8675005677047231,3.9305589084148016,-1.9521471749269195,AM
Metrosideros_robusta,-0.6020275871924615,3.002600987336502,-1.5575212313923923,AM
Nestegis_lanceolata,-0.28568406978910793,2.4471077131646237,-1.63348278735182,AM
Nestegis_lanceolata,-0.3077487346020951,2.5055479179736424,-1.6485871973384398,AM
Nestegis_lanceolata,-0.12352448628549743,1.8627516309128898,-1.988927536062081,AM
Nestegis_lanceolata,-0.3847805169153317,2.404191465566676,-1.3940592378984635,AM
Nestegis_lanceolata,-0.21902703580237018,2.1322713817886534,-1.4536941151497642,AM
Nestegis_lanceolata,-0.13730995096460666,2.309629665623854,-1.7942492461518704,AM
Phyllocladus_trichomanoides,-0.32158362412746233,2.9210945690399313,-2.0377019343749954,AM
Phyllocladus_trichomanoides,-0.3048960531864689,2.7324844974049727,-1.8802148912581265,AM
Phyllocladus_trichomanoides,-0.4363367717752515,3.0421548266668395,-1.9281117396470036,AM
Phyllocladus_trichomanoides,-0.30462479318209285,2.425279718134013,-1.5740359863831843,AM
Pittosporum_tenuifolium,-0.9503647122079065,3.7942017733922904,-1.6533431187122218,AM
Pittosporum_tenuifolium,-0.7846047910487802,3.8346422546182337,-2.0238716916061064,AM
Pittosporum_tenuifolium,-0.7056247020710579,3.752057578847411,-2.1003127499453513,AM
Pittosporum_tenuifolium,-0.8130574772325029,4.0115482214729585,-2.1435971942542635,AM
Pittosporum_tenuifolium,-0.8717954919876039,4.097006798657154,-2.11245931021381,AM
Pittosporum_tenuifolium,-1.03310548646599,4.068306600630464,-1.760098187484192,AM
Podocarpus_laetus,-0.06272682990830501,2.2187908576320723,-1.8515424741783408,AM
Podocarpus_laetus,-0.06208819231342174,2.2187696309325986,-1.8532031555112283,AM
Podocarpus_laetus,-0.02357573652870569,1.9383261095067217,-1.650005095671508,AM
Podocarpus_laetus,-0.21368839254345465,2.33122597310307,-1.6621263954342804,AM
Podocarpus_laetus,-0.20825493882045903,2.4283302771174573,-1.77021727937795,AM
Podocarpus_laetus,-0.08621169681906544,2.1028315586998665,-1.6882420087534826,AM
Podocarpus_totara,-0.18020380082295337,2.5684696179138133,-1.9667049816444053,AM
Podocarpus_totara,-0.06592615011616682,2.1719196866474184,-1.79789787877373,AM
Podocarpus_totara,-0.17673717850005405,2.479993048630806,-1.8847781595010717,AM
Podocarpus_totara,-0.06999337182053497,2.278176641266152,-1.8966785823183299,AM
Podocarpus_totara,-0.16570045577771858,2.433912286154796,-1.8616268515596015,AM
Podocarpus_totara,-0.1401820305998625,2.4126033181623763,-1.8900528162543382,AM
Pectinopitys_ferruginea,-0.030768533671636483,1.8283461135416479,-1.5247974935288717,AM
Pectinopitys_ferruginea,-0.10981486600720657,2.1175271168172842,-1.657359471200453,AM
Pectinopitys_ferruginea,-0.1313623181968271,2.057104377672359,-1.552425453689523,AM
Pectinopitys_ferruginea,-0.03583445300921607,1.9405527787974814,-1.626829655847724,AM
Pectinopitys_ferruginea,-0.03397051957115334,1.8967056044921837,-1.5869087994978346,AM
Rhopalostylis_sapida,-0.46776613430554376,2.7639391126131128,-1.585810720861728,AM
Rhopalostylis_sapida,-0.6245543890943336,2.9307258541691055,-1.4411587146823766,AM
Rhopalostylis_sapida,-0.43355598827469005,2.7435161849710092,-1.63522583090301,AM
Rhopalostylis_sapida,-0.5250935955636955,2.8596970770269126,-1.5678319117270285,AM
Rhopalostylis_sapida,-0.29948478457093236,2.3696408681874934,-1.530121157431221,AM
Rhopalostylis_sapida,-0.6606799904224439,2.748434024759632,-1.1864403270348836,AM
Vitex_lucens,-0.515838165589535,3.4627417701674186,-2.1891877939695887,AM
Vitex_lucens,-0.6849806178935519,3.5767580992900867,-1.964619201003043,AM
Vitex_lucens,-0.5375118890284963,3.3519061302694877,-2.035208289241472,AM
Vitex_lucens,-0.29921498826550524,2.814509382805409,-1.974351335352285,AM
Weinmannia_silvicola,-1.0103267238007494,4.018512269050237,-1.7559482367540333,AM
Weinmannia_silvicola,-1.0572784251751326,4.184349374479951,-1.8296787058294792,AM
Weinmannia_silvicola,-0.8809235880368638,3.6447899110814115,-1.6402474957262336,AM
Weinmannia_silvicola,-1.0163873484124404,4.120363406523001,-1.8455152140121682,AM
Weinmannia_silvicola,-0.9623346703755619,3.738425875344135,-1.5705224958790833,AM
Achillea_millefolium,-1.2505986468301356,6.069396715158799,-3.619496685313489,AM
Bromus_catharticus,-1.186624165991323,5.342224871341821,-3.097581848671833,AM
Bromus_inermis,-1.1098754809468203,5.334314837749066,-3.279872120434267,AM
Cichorium_intybus,-1.0377053528236775,5.937234329179472,-3.8844582774103893,AM
Dactylis_glomerata,-1.4451247587696108,6.022476589971048,-3.260685442344159,AM
Elymus_virginicus,-1.3155430382152649,5.821749388813304,-3.2172530922113074,AM
Lolium_arundinaceum,-1.234890305814737,5.625464909457201,-3.2661308367371373,AM
Lolium_arundinaceum,-1.3277110382784596,5.554715401874795,-3.1575756900855625,AM
Lolium_perenne,-1.3876285827979138,5.758932949416555,-3.170602079734414,AM
Lotus_corniculatus,-0.815766894107856,5.100768146763207,-3.5535442693011405,AM
Lotus_corniculatus,-0.8304188920354314,5.440823122525831,-3.755892543805668,AM
Medicago_sativa,-0.973566800576342,5.764768430399355,-3.772474303178351,AM
Phalaris_arundinacea,-1.1736052677095397,5.389871424131001,-3.1154441231766405,NMAM
Phleum_pratense,-1.4727240891182782,6.184346546041601,-3.4196210703313565,AM
Plantago_lanceolata,-1.195729100549826,5.656460287081696,-3.3486669922922427,AM
Poa_pratensis,-1.4795067428420694,6.449084272150577,-3.589543823682144,AM
Sanguisorba_minor,-1.104549881334863,5.480762193243945,-3.0543905386675627,AM
Solidago_nemoralis,-1.1594775644393849,6.389669109294235,-4.0434863664762375,AM
Taraxacum_campylodes,-1.080428618234481,5.928597288366415,-3.77502431209417,AM
Trifolium_purpureum,-1.0074926962135342,5.6625187808650725,-3.623022390136162,AM
Trifolium_pratense,-1.091537374996148,5.86497967647332,-3.678723441444426,AM
Trifolium_repens,-1.1188149949652209,6.218383034377429,-3.9737159789791177,AM
Vicia_americana,-0.9344122721392777,5.386936248558873,-3.516123165652572,AM
Alnus_glutinosa,-0.9526305986530476,3.2857469622150157,-0.9007259785570098,EcM
Anthyllis_cytisoides,-1.250627749698357,2.2408114559060697,-0.5132099356464621,AM
Anthyllis_terniflora,-1.0109448769163498,1.7962250888235667,-0.5986780470632063,AM
Arbutus_unedo,-0.6933805417865585,2.4945979586490235,-0.5830853416610542,EcM
Armeria_velutina,-0.676437566996998,2.3518964032480256,-0.49355447410103276,NMAM
Artemisia_barrelieri,-0.8560191135325868,1.6239199287813029,-0.7989399985358439,AM
Atractylis_humilis,-0.9342637838644055,1.7067240685289604,-0.651258991746882,AM
Pseudodictamnus_hirsutus,-1.0362714932615358,1.6660532864879638,-0.6150953697146361,AM
Calluna_vulgaris,-1.1501161315352253,2.611930551632364,0.1777698685600747,ErM
Celtis_australis,-1.2670013549319075,3.1154290151287816,-0.26594116144304236,AM
Cistus_albidus,-0.7446510234270609,1.2985565655339655,-0.37609342240095306,EcM
Cistus_albidus,-0.9382807497657704,2.3289691026582635,-0.14674990143813715,EcM
Cistus_crispus,-0.8227007808152502,2.52003676585818,-0.4854802470367222,EcM
Cistus_ladanifer,-0.9332461662735686,2.226795782089849,-0.09861089457487265,EcM
Cistus_libanotis,-0.8528172307941627,2.3383594434867416,-0.2058152534813036,EcM
Cistus_monspeliensis,-0.6041447309050415,2.2929109689902534,-0.47328745189432575,EcM
Cistus_salviifolius,-0.9352187417596739,2.3878570158434527,-0.19341411921329205,EcM
Cistus_salviifolius,-0.6828503750825771,2.1315272674919044,-0.2918598057060549,EcM
Coronilla_juncea,-1.2036395265358157,2.056111871040096,-0.5289693909317653,AM
Crataegus_monogyna,-0.8412412388046728,2.3113937952094306,-0.35561938552230143,AM
Cydonia_oblonga,-0.9182927345448282,2.2425130299388965,-0.06875190230807043,AM
Cytisus_grandiflorus,-0.2984060358147566,1.1790898931449363,-0.2323726689041977,AM
Ephedra_fragilis,-0.6789813257443353,1.2210552998275395,-0.6619703133346029,AM
Erica_arborea,-0.9663348068612736,2.649813790196861,-0.42400253186199627,ErM
Erica_scoparia,-1.3508306968443216,3.00616006713636,0.12019976634216999,ErM
Ficus_carica,-1.0000120724285002,3.0623500711846616,-0.5861222058828951,AM
Fraxinus_angustifolia,-0.7818964304125747,2.937420688479367,-1.034592086834784,AM
Fumana_thymifolia,-0.8833396317344692,1.7075845310126203,-0.1929879963397587,EcM
Genista_hirsuta,-0.8415601857027184,2.4158881056500805,-0.38198241498011165,AM
Genista_triacanthos,-0.8679173212010655,2.5533958239963295,-0.33808601085468387,AM
Cistus_calycinus,-0.660486398320397,1.881847792780877,-0.20738841534561062,EcM
Cistus_halimifolius,-0.8786939327095946,2.2403200814738007,-0.14866829161881567,EcM
Hedera_helix,-0.6044039707255567,2.6615401246560184,-1.1775213653940861,AM
Helianthemum_almeriense,-0.528183741312198,0.925675274184316,-0.2713439389360259,EcM
Helianthemum_syriacum,-0.7452829349804738,1.3568929599401491,-0.3220562723597662,EcM
Helichrysum_italicum,-1.1509060833892437,2.91169127715811,-0.021636704387783364,AM
Helichrysum_stoechas,-0.7093781936703626,1.8107268950627968,-0.42663581031221204,AM
Chrysojasminum_fruticans,-0.7999531848777546,2.6862280519037403,-0.8180204148748554,AM
Juniperus_phoenicea,-0.6554661135922568,2.083632139845222,-0.4698095296842743,AM
Launaea_arborescens,-0.9779666873982497,1.8622937900490932,-0.781773763838675,AM
Lavandula_multifida,-0.7258770051828642,0.9981028250154192,-0.29543021459678453,AM
Lavandula_multifida,-1.2026403590921573,3.3192285380681366,-0.1955116553355628,AM
Lavandula_multifida,-1.2193825942757324,2.9466308988385803,-0.22093585132818008,AM
Myrtus_communis,-0.8600876353155976,2.3155834521037053,-0.2385676675207332,AM
Nerium_oleander,-0.7908886461457182,2.6517353083394815,-0.6148824414592808,AM
Osyris_alba,-0.4605682824592504,1.773033775520673,-0.046196244340189895,NMAM
Phillyrea_angustifolia,-0.9939144925603818,2.6544819356661,-0.36176431857744556,AM
Phillyrea_angustifolia,-0.7843491432560892,2.377843562429032,-0.4227830924876147,AM
Phillyrea_latifolia,-1.002052889463353,2.8040940819850895,-0.46181638042155054,AM
Phillyrea_latifolia,-0.7620150598587457,2.1995741204412744,-0.34917783760341115,AM
Phlomis_purpurea,-0.8246805705217949,1.4898517995104545,-0.6943035008406341,AM
Phlomis_purpurea,-0.7851528263559696,2.435858927828408,-0.5997287981673618,AM
Pinus_pinea,-1.1525670162660357,2.9320806795136076,-0.33804554382017254,EcM
Pistacia_lentiscus,-0.8466947089862523,2.4433962786339625,-0.3503348434897918,AM
Pistacia_terebinthus,-0.7980633505095052,2.158969708422966,-0.30964215297739967,AM
Populus_alba,-0.6362943689671625,2.228302173091705,-0.5597608444556111,EcMAM
Pyrus_bourgaeana,-0.8459487708179082,2.2300474258504153,-0.25325685600132347,AM
Quercus_canariensis,-0.8824933522908643,2.552651901209491,-0.48144484869720383,EcM
Quercus_coccifera,-0.7487744150182892,2.2988541711526858,-0.3395964396651373,EcM
Quercus_faginea,-0.6774214800984629,2.1051146846126847,-0.4547297179841631,EcM
Quercus_ilex,-0.597405275780442,1.9956557032249547,-0.3594483849445916,EcM
Quercus_suber,-1.0632692763961136,2.9451271123484846,-0.40241842645964343,EcM
Rhamnus_alaternus,-1.0199166417197731,2.7821448194524847,-0.43360456088289145,AM
Rhamnus_lycioides,-1.1427993135577832,3.222429909620088,-0.5556353068221139,AM
Rhododendron_ponticum,-0.8505029913361519,2.854882490144274,-0.703000040963512,ErM
Rosa_canina,-0.6529173613408791,2.540897280645857,-0.5880328930137725,AM
Salvia_rosmarinus,-0.7983965912790428,1.5108660074830975,-0.6881298922276657,AM
Salvia_rosmarinus,-0.8131138486071338,2.5437680890917056,-0.5223953776604408,AM
Salvia_rosmarinus,-0.9689665604692141,2.896783301618371,-0.6770202119929738,AM
Rubus_ulmifolius,-1.1999807830563984,3.108742815401587,-0.4026890010616107,AM
Rubus_ulmifolius,-1.014127538413241,2.8194523115169448,-0.32518082146333144,AM
Salix_atrocinerea,-0.9680446586523068,3.163929590823813,-0.4424790702085933,EcMAM
Sideritis_pusilla,-1.1562149188045685,1.9670460126870186,-0.6460180103155824,AM
Smilax_aspera,-0.7966205890362215,2.425512126246618,-0.46195361850118805,AM
Smilax_aspera,-0.7148050277127481,2.2266828921126707,-0.40013515358536134,AM
Stauracanthus_genistoides,-0.816445396904439,2.5758454344059665,-0.2909682286200484,AM
Teucrium_charidemi,-0.7959554005416274,1.2958499515570632,-0.5886826355639839,AM
Teucrium_fruticans,-0.9641032490961401,2.7007519797555455,-0.43058185169187096,AM
Thymelaea_hirsuta,-0.9167908569158374,1.6748172628506357,-0.6530121931750593,AM
Thymus_hyemalis,-0.8740098021176559,1.5996100623338587,-0.43065474123027975,AM
Thymus_mastichina,-1.269667549188171,3.057933054461179,-0.07392310693465719,AM
Ulex_parviflorus,-0.8804812799814643,2.413793968805939,-0.26779350113647593,AM
Ulex_parviflorus,-1.1032982506588243,1.9743605097405743,-0.4028715208651558,AM
Ulmus_minor,-1.0559839266124866,2.9924656414161306,-0.5486901486917279,AM
Viburnum_tinus,-0.7912562736702646,2.4221381878376254,-0.453206152895838,AM
Vitis_vinifera,-0.6561886395744131,2.699339888901363,-0.7663254342666007,AM
Withania_frutescens,-0.9370037734716967,1.7633423174239145,-0.7736384444864643,AM
Achillea_millefolium,-1.1635989101876627,4.306032103856142,-1.3651161548762003,AM
Allium_textile,-1.168659288052703,5.23566960080539,-2.25380866225225,AM
Amelanchier_alnifolia,-0.9779888454580034,3.038581000863127,-0.6852420009898399,AM
Androsace_occidentalis,-2.163941784752468,5.334918413389103,-0.8986771581220587,AM
Lygodesmia_juncea,-0.9946577609482603,3.501256317347026,-1.0232459239083038,AM
Antennaria_neglecta,-1.2911660160283132,4.826183259044324,-1.8364953630694465,AM
Antennaria_parvifolia,-1.0511086660241429,3.805296934268106,-1.3846290804697148,AM
Arnica_fulgens,-0.6627149734397434,2.7651715000311867,-1.124452334533328,AM
Arnica_sororia,-1.4134600291926602,4.3422566039633335,-1.2039728043259361,AM
Artemisia_cana,-1.171182981502945,4.023913586086754,-1.3406721008922717,AM
Artemisia_frigida,-1.3948912083454088,4.316437140924685,-1.0158245363870235,AM
Artemisia_ludoviciana,-1.1035674029949156,4.12268314246378,-1.342764300403129,AM
Symphyotrichum_ciliolatum,-1.7406861990440543,4.71076309414069,-1.0086640529729123,AM
Symphyotrichum_ericoides,-1.3759480690657464,4.840321356426578,-1.8718021759015913,AM
Symphyotrichum_falcatum,-1.1673837560953204,4.13519143659285,-1.448405775665066,AM
Symphyotrichum_laeve,-1.0552654841647438,3.527019276121148,-0.9157499206389171,AM
Astragalus_aboriginum,-1.5329399414613754,3.7607826164598617,-0.4307829160924542,AM
Astragalus_bisulcatus,-1.0367648853420295,4.505276183130613,-2.1594842526867057,AM
Astragalus_agrestis,-0.9450760833059084,3.0361683041597565,-0.87638008370386,AM
Bouteloua_gracilis,-1.5829988599044778,4.481377676912836,-0.819768970422293,AM
Bromus_inermis,-1.5915979943057694,4.486097569141703,-1.0560526741243137,AM
Campanula_rotundifolia,-1.954984527976418,6.285440420788243,-1.7725016550214605,AM
Carex_filifolia,-1.7039055877450273,4.678025021150672,-0.6715565487753447,NMAM
Carex_obtusata,-1.7993213221070719,4.619216429009954,-0.5603064511383525,NMAM
Cerastium_arvense,-1.667243592764639,4.517229830868229,-0.7208747902983628,NMAM
Chenopodium_album,-1.8226311328951421,4.940977490876904,-0.6521926041090628,NMAM
Comandra_umbellata,-1.1351132759510045,3.445590362853224,-1.0941579250920628,AM
Dalea_purpurea,-1.1038258557209972,4.115548273717727,-1.6411866107486806,AM
Danthonia_intermedia,-0.9744496460476871,2.7450339821360643,-0.5389965013041156,AM
Descurainia_sophia,-2.0722673379318355,5.1278286821668875,-0.7444404749474959,NM
Draba_nemorosa,-2.007306943920637,5.604183683891964,-0.6931471805599453,NM
Elaeagnus_commutata,-0.920298753271694,2.917456692508743,-0.8399177525013457,AM
Elymus_lanceolatus,-1.5087482869191498,4.551559169124093,-1.1769970115583412,AM
Elymus_repens,-1.339538008505691,4.191119647770304,-1.2151035451555836,AM
Erigeron_glabellus,-1.1847149888114397,3.9811057282116824,-1.2907429231479308,AM
Erigeron_pumilus,-1.6947235067164608,4.437386082817152,-1.2039728043259361,AM
Erysimum_inconspicuum,-2.104554242494911,5.885458494246953,-1.242333670187209,NM
Krascheninnikovia_ceratoides,-1.4045601699267831,4.37709589063546,-1.0781971019659335,AM
Festuca_hallii,-1.6001808911714235,4.418167587152136,-0.6936128109489512,AM
Galium_boreale,-1.7265336843103476,5.15235633994251,-1.1520620887487485,NMAM
Gutierrezia_sarothrae,-1.3238831009984935,4.4387154166359855,-1.491654876777717,AM
Xanthisma_spinulosum,-1.1510641486705337,4.751151876003154,-2.2380465687314746,AM
Chrysopsis_villosa,-1.516403046466911,4.649990266460689,-1.3781642363321869,AM
Heuchera_richardsonii,-1.5789087073992776,4.5134432929167865,-1.0498221244986778,NMAM
Hymenoxys_richardsonii,-1.26443077336305,4.235371220014702,-1.4600605123164376,AM
Koeleria_macrantha,-1.77009582763489,4.825694901543437,-0.8456196976236802,AM
Lactuca_tatarica,-1.0896773246105305,4.34629184061853,-1.5453958707720703,AM
Lathyrus_venosus,-0.9875182411625228,3.84651487154136,-1.637608791686511,AM
Lepidium_densiflorum,-1.7984820149888818,4.559569288282495,-0.6603573570917932,NM
Linum_lewisii,-1.3145319948929999,4.093923640313569,-1.252762967495368,AM
Musineon_divaricatum,-0.6659211943063538,3.5699012105435526,-1.4980539069703855,AM
Nassella_viridula,-1.4407505469159494,4.005383297618432,-0.659009773233728,AM
Orthocarpus_luteus,-1.5789087073992776,4.435217814437088,-1.0986122896681096,NM
Oxytropis_sericea,-1.266380264454553,4.571144285822836,-1.6932077923927629,AM
Penstemon_confertus,-1.2395999819690873,4.381321386044519,-1.6486586271873818,AM
Penstemon_nitidus,-1.119631655892185,3.2524364348165227,-0.7741162433345763,AM
Penstemon_procerus,-0.9401992769258307,3.8642920528859657,-1.7231344822022945,AM
Phlox_hoodii,-1.3291581697490815,4.673338915563373,-1.7122763611781084,AM
Plantago_patagonica,-1.7531158475600377,5.146203713904753,-0.8997614291032724,AM
Poa_cusickii,-1.7814131771739108,4.899614377441543,-1.029762051352928,AM
Poa_pratensis,-1.938706160206811,5.036753848247744,-0.722529631872229,AM
Drymocallis_arguta,-1.2636048645196738,4.324614226638961,-0.5895318839112722,AM
Puccinellia_rupestris,-1.8078888511579385,4.960266555333299,-1.0200683565207758,NMAM
Rosa_arkansana,-1.1856418476412125,3.726321455046138,-0.8647567307088055,AM
Solidago_missouriensis,-1.1278866303423978,4.607294958060293,-1.569380069002935,AM
Solidago_rigida,-0.6913487986185659,3.375610917422065,-1.4849046089638165,AM
Sphaeralcea_coccinea,-1.1510641486705337,4.1833313048084735,-1.162617617577924,AM
Hesperostipa_comata,-1.5216232860523249,4.70389731137906,-1.104521694865857,AM
Hesperostipa_spartea,-1.3878956424868645,4.016647616554643,-0.9335801435939486,AM
Symphoricarpos_occidentalis,-1.1944075872235103,3.893871976060932,-1.0867033138446394,AM
Taraxacum_campylodes,-1.5315513737770292,4.621852836508678,-1.2188984530388522,AM
Thermopsis_rhombifolia,-1.3938226275406822,4.643452580211669,-1.30029702976746,AM
Tragopogon_dubius,-1.2559680994443163,4.741745898589571,-1.721229317562002,AM
Vicia_americana,-1.097992480788704,4.72241099199788,-1.8137859978807365,AM
Viola_adunca,-1.4223361324671562,4.4214869056693535,-1.0290313553234312,AM
Toxicoscordion_venenosum,-1.0546911016101816,4.410553351099985,-2.094945728840801,AM
Aglaia_exstipulata,-0.08790268317591103,0.6983538030461193,-0.23891475425760197,AM
Aglaia_odoratissima,-0.1690697511182067,1.6522278025290842,-1.0420794621337677,AM
Anaxagorea_javanica,-0.2086860662252831,1.8703129747441396,-1.0627628528511366,AM
Aporosa_subcaudata,-0.6995677483628681,2.4220089311308337,-0.7807452401596214,AM
Blumeodendron_tokbrai,-0.7907600094269457,3.21107720250907,-1.3878114553255747,AM
Galearia_maingayi,-0.6011150951134516,1.7291067837174938,-0.28129227476065327,AM
Hypobathrum_racemosum,-0.7714871720111968,2.4349198419260096,-0.6211088676741696,AM
Pentaspadon_motleyi,-1.2089853461494804,3.666321662240143,-1.0291936338397516,AM
Shorea_acuminata,-0.8721661967494261,3.313569615107139,-1.3059872096454677,EcM
Shorea_leprosula,-1.0734262544155966,3.218846728444904,-0.7335835452782646,EcM
Shorea_multiflora,-0.12590341688915566,0.6628897455013167,-0.1574242822214462,EcM
Elymus_repens,-0.8202130603033618,3.894549208388509,-1.6614867553344521,AM
Koeleria_pyramidata,-0.9008165568654544,4.026469558188443,-1.7547530616099958,AM
Schizachyrium_scoparium,-0.8027165409918263,3.90715896292979,-1.4811189528411943,AM
Solidago_rigida,-0.5865909606414618,3.5863365341914313,-1.6003968710969954,AM
Acer_saccharum,-2.655060012254763,4.105614154480332,-2.445685932788565,AM
Aesculus_hippocastanum,-2.3854402101194556,2.9682325998514063,-1.8483298207164494,AM
Aesculus_parviflora,-2.910523486921263,3.765840495250065,-2.2537949288246137,AM
Asimina_triloba,-1.7317438610580838,2.60614051484818,-1.791759467228055,AM
Catalpa_bignonioides,-1.9227120868955945,3.61798745900419,-2.2072749131897207,AM
Cercidiphyllum_japonicum,-2.8319924596389887,3.3088079323688078,-1.8325814637483102,AM
Chionanthus_virginicus,-2.2710233465288736,2.630629054133625,-1.817077277212345,AM
Cornus_florida,-3.2860286937700702,3.6647148271146386,-2.120263536200091,AM
Diospyros_virginiana,-2.5669102086743334,3.1937631240531252,-2.0794415416798357,AM
Fraxinus_americana,-2.025479707015165,3.6618293773873565,-1.9661128563728327,AM
Gleditsia_triacanthos,-1.7115783403659426,3.0039484283253315,-2.0024805005437076,AM
Halesia_tetraptera,-2.3695603940029315,3.922501249781745,-2.3364866412214513,AM
Hamamelis_virginiana,-3.1589898287097244,3.1902705678578664,-1.6739764335716716,AM
Ilex_opaca,-2.363202989833093,3.794758585267495,-2.2302644314144198,AM
Juglans_nigra,-2.928350298864857,3.441379171294987,-1.9195928384652126,AM
Koelreuteria_paniculata,-1.9711251110463823,4.5802625502819065,-2.8134107167600364,AM
Liquidambar_styraciflua,-2.1026716023209144,3.4570262082889327,-1.9139271032022627,AM
Liriodendron_tulipifera,-2.812543426298494,2.720472721100767,-2.059638914383656,AM
Magnolia_acuminata,-2.296081785414153,2.516284185480256,-1.9484132792734319,AM
Magnolia_denudata,-1.6670802139170287,3.039749158970765,-2.2072749131897207,AM
Magnolia_grandiflora,-2.072545295541793,2.2071749081893874,-2.0024805005437076,AM
Magnolia_kobus,-1.4552363767571657,3.307619034702589,-2.120263536200091,AM
Magnolia_macrophylla,-1.6124218098313137,2.5572273113676265,-2.0402208285265546,AM
Magnolia_stellata,-2.0019686315709855,3.4392154488496764,-2.3805466344637574,AM
Magnolia_tripetala,-1.6821495291767379,2.890232859361321,-2.0024805005437076,AM
Magnolia_virginiana,-2.2178719549334867,3.0022112396517002,-2.1413169453979233,AM
Nyssa_aquatica,-1.7146544384589315,2.608107083328578,-1.8325814637483102,AM
Platanus_acerifolia,-1.2656322739126677,3.175132901920282,-1.9139271032022627,AM
Populus_deltoides,-1.7802783106897153,4.468834866030835,-2.695627681103653,EcMAM
Prunus_sargentii,-3.1664143131123548,4.399907481851641,-2.2697952733968614,AM
Sassafras_albidum,-1.5162301229224657,3.02107508106329,-2.1484344103096444,NMAM
Styphnolobium_japonicum,-2.441979352972662,3.6059732756181804,-1.8643301620628905,AM
Syringa_reticulata,-2.789986550584203,4.498920386145381,-2.5902671654458267,AM
Ulmus_americana,-2.5694048383919132,4.273466561441981,-2.557477342622836,AM
Liriodendron_tulipifera,-0.31471074483970024,2.272125885509337,-1.2729656758128873,AM
Ulmus_americana,-1.1086626245216111,4.522874943261261,-1.0498221244986778,AM
Ulmus_americana,-0.8209805520698302,4.335982696172475,-0.4942963218147801,AM
Liriodendron_tulipifera,-0.18632957819149348,1.8718021769015913,-1.2039728043259361,AM
Ulmus_americana,-1.0216512475319814,4.416428061391214,-0.7339691750802004,AM
Ulmus_americana,-0.9903063605993548,4.422997183279432,-0.7192070586819816,AM
Ulmus_americana,-1.299505757942504,3.4150251495573936,-0.46373052397823805,AM
Ulmus_americana,-1.1314056025971946,3.2552032445586536,-0.6256520108686192,AM
Ulmus_americana,-1.1926534110665301,3.3715826106677227,-0.6061689479529178,AM
Ulmus_americana,-1.184447401727482,3.2495037346338793,-0.4429459078290767,AM
Ulmus_americana,-0.8917846122822779,3.0825880595649724,-0.901965122664601,AM
Liriodendron_tulipifera,-0.1722859638331291,1.920663238630992,-1.2013272136557895,AM
Liriodendron_tulipifera,-0.060854946901721,1.9894588360257888,-1.3614979607449258,AM
Liriodendron_tulipifera,-0.03444982022327918,2.2006228348241925,-1.744899223296236,AM
Leymus_chinensis,-1.5141277326297755,4.467974946810247,-1.2039728043259361,AM
Leymus_chinensis,-1.5141277326297755,4.358246106008478,-1.0498221244986778,AM
Leymus_chinensis,-1.5606477482646683,4.355297574931857,-0.9942522733438669,AM
Leymus_chinensis,-1.4696759700589417,4.383525510797617,-1.2039728043259361,AM
Leymus_chinensis,-1.4696759700589417,4.427358444671965,-1.2378743560016174,AM
Leymus_chinensis,-1.5141277326297755,4.782395445357297,-1.5141277326297755,AM
Leymus_chinensis,-1.5141277326297755,4.849918661054685,-1.5606477482646683,AM
Leymus_chinensis,-1.5141277326297755,4.878778688708513,-1.5606477482646683,AM
Artemisia_frigida,-1.2378743560016174,4.165268900558799,-1.4696759700589417,AM
Artemisia_frigida,-1.171182981502945,4.078384542643371,-1.4696759700589417,AM
Artemisia_frigida,-1.2039728043259361,4.048649602959971,-1.3862943611198906,AM
Artemisia_frigida,-1.1394342831883648,3.893655348069961,-1.3862943611198906,AM
Artemisia_frigida,-0.916290731874155,3.414442608412176,-1.3470736479666092,AM
Artemisia_frigida,-0.8915981192837836,3.2880286835565173,-1.2378743560016174,AM
Stipa_krylovii,-1.2729656758128873,4.7140245909001735,-1.8971199848858813,AM
Stipa_krylovii,-1.3470736479666092,4.778282803696737,-1.8325814637483102,AM
Agropyron_cristatum,-1.4696759700589417,5.25227342804663,-2.0402208285265546,AM
Agropyron_cristatum,-1.4696759700589417,5.152134856369956,-1.9661128563728327,AM
Cleistogenes_squarrosa,-1.4696759700589417,5.292802185859927,-2.120263536200091,AM
Cleistogenes_squarrosa,-1.5141277326297755,5.43372200355424,-2.2072749131897207,AM
Leymus_chinensis,-1.3862943611198906,4.966335035199676,-1.8971199848858813,AM
Leymus_chinensis,-1.3470736479666092,4.783316371371566,-1.8325814637483102,AM
Carex_korshinskyi,-1.3862943611198906,5.442850517280335,-2.4079456086518722,NMAM
Carex_korshinskyi,-1.4271163556401458,5.6131281063880705,-2.5257286443082556,NMAM
Artemisia_frigida,-1.3862943611198906,4.821893169499378,-1.7719568419318752,AM
Artemisia_frigida,-1.3470736479666092,4.5301233116651805,-1.6094379124341003,AM
Potentilla_acaulis,-1.4271163556401458,4.4577137165202165,-1.3093333199837622,AM
Potentilla_acaulis,-1.4271163556401458,4.410857016341759,-1.2729656758128873,AM
Potentilla_tenacetifolia,-1.3862943611198906,4.229749199228304,-1.2378743560016174,AM
Potentilla_tenacetifolia,-1.3862943611198906,4.2417583141109265,-1.171182981502945,AM
Sibbaldianthe_bifurca,-1.3470736479666092,3.9471970804358,-1.0216512475319814,AM
Sibbaldianthe_bifurca,-1.3093333199837622,3.942164162340133,-1.0788096613719298,AM
Lespedeza_davurica,-1.171182981502945,3.6752875005944694,-1.0788096613719298,AM
Lespedeza_davurica,-1.171182981502945,3.7128400915587796,-1.0788096613719298,AM
Medicago_ruthenica,-1.3470736479666092,4.233816607508695,-1.2729656758128873,AM
Medicago_ruthenica,-1.3470736479666092,4.1424996041091475,-1.2039728043259361,AM
Astragalus_scaberrimus,-1.2378743560016174,3.9869449319454056,-1.2378743560016174,AM
Astragalus_scaberrimus,-1.2729656758128873,4.186619838331271,-1.3470736479666092,AM
Allium_tenuissimum,-0.916290731874155,3.833196224882175,-1.7719568419318752,AM
Allium_tenuissimum,-0.916290731874155,3.9398327060674134,-1.8971199848858813,AM
Allium_bidentatum,-0.7133498878774648,3.4553698605505483,-1.7719568419318752,AM
Allium_bidentatum,-0.6733445532637656,3.260401571696699,-1.6607312068216509,AM
Chamaerhodos_erecta,-1.4696759700589417,4.633757642840004,-1.4696759700589417,AM
Chamaerhodos_erecta,-1.4271163556401458,4.683056724645162,-1.5606477482646683,AM
Fraxinus_mandshurica,-1.3747419281792934,4.853449833978091,-1.7766069900723416,AM
Fraxinus_mandshurica,-1.1758039968058254,4.2503495176743575,-1.6107097608905674,AM
Fraxinus_mandshurica,-0.8522542078097832,3.511741466482017,-1.384242990619829,AM
Fraxinus_mandshurica,-0.3643918168455806,2.1928966416524185,-1.2803462165497572,AM
Juglans_mandshurica,-1.3404837170295087,4.635942084169968,-1.6599302907984277,AM
Juglans_mandshurica,-1.2824958836086788,4.301740404288597,-1.517360219673021,AM
Juglans_mandshurica,-1.056539653804612,3.603289512406343,-1.1784777625484828,AM
Juglans_mandshurica,-0.5547442446942112,2.951817722840842,-1.0789791639719781,AM
Juglans_mandshurica,-0.17453925203563414,1.6249624448553943,-1.0853010525835953,AM
Betula_pendula,-1.4392605909259857,4.532263702158113,-1.4226551839806973,EcM
Betula_pendula,-1.3655290600878969,4.3583106982643915,-1.3395206743895036,EcM
Betula_pendula,-1.114979082924411,3.6449621090916025,-0.984905418631967,EcM
Betula_pendula,-0.7283182839824145,2.7235603655485128,-0.8877117930371408,EcM
Betula_pendula,-0.25086742720077637,1.362604437412714,-0.909266013087196,EcM
Larix_gmelinii,-1.0885956322917556,3.7610081775071653,-1.345198276805675,EcM
Larix_gmelinii,-0.8586856761268882,3.3730325644485273,-1.2722876485824524,EcM
Larix_gmelinii,-0.6127426288214078,2.9007019357402437,-1.2094142588899195,EcM
Larix_gmelinii,-0.3038539498645306,2.1695842111666392,-1.1753886516582965,EcM
Picea_koraiensis,-1.2013709620550124,4.212127687656258,-1.4349796025939012,EcM
Picea_koraiensis,-1.1143588658283088,3.8008992863713633,-1.2493737802875962,EcM
Picea_koraiensis,-0.8177880376622882,3.1135169989867246,-1.102273731576695,EcM
Picea_koraiensis,-0.36339300250248163,2.231131343350158,-1.0743649478794415,EcM
Picea_koraiensis,-0.06453802727102645,1.4808328325520732,-0.9907999664459511,EcM
Pinus_koraiensis,-0.8653694876886985,3.2305528154732137,-1.2109356252675227,EcM
Pinus_koraiensis,-0.7515752904758539,3.03673999770543,-1.2148867857411985,EcM
Pinus_koraiensis,-0.5452291652105591,2.669469942014433,-1.1877095803932929,EcM
Pinus_koraiensis,-0.10970396813874543,2.0331128952445945,-1.1564469851356127,EcM
Pinus_sylvestris,-1.1039137606701692,3.9957953231745695,-1.3137332930913737,EcM
Pinus_sylvestris,-1.0385883912504514,3.7084273573040187,-1.2817198751024375,EcM
Pinus_sylvestris,-0.8338287744849865,3.322354960079199,-1.2452361566468844,EcM
Pinus_sylvestris,-0.5843914836583521,2.892815560487768,-1.215310834221524,EcM
Pinus_sylvestris,-0.2517998437902395,2.2937816779973694,-1.151141230363983,EcM
Protium_aracouchini,-0.36976018348738793,1.0075642177267694,-0.026214267119633327,AM
Protium_aracouchini,-0.8237115505810618,3.049698275175415,-1.1239300966523995,AM
Protium_aracouchini,-0.5633477430251008,2.0547835635240603,-0.6802828342304007,AM
Protium_aracouchini,-0.150357881588562,1.0462235404549636,-0.5029230845773236,AM
Protium_giganteum,-0.7595006811099665,2.9773104427993444,-1.2179855018618888,AM
Protium_giganteum,-0.28090508817275717,1.4660540047345763,-0.6633471705181376,AM
Protium_opacum,-0.5306882528622425,1.7939790295140206,-0.49056074548112594,AM
Protium_opacum,-0.20788554892522884,1.3160353797039255,-0.6588179168327722,AM
Protium_opacum,-0.6751108180738468,2.400408368689559,-0.8090769118962075,AM
Protium_opacum,-0.7404484536779584,2.7523133809069247,-1.0298711804708758,AM
Protium_opacum,-1.0770465107535492,3.5998874567172883,-1.202244545292967,AM
Protium_opacum,-0.731680130276729,2.9180913352801765,-1.2137111450839255,AM
Protium_opacum,-0.668064400192482,4.68373718595581,-3.107134894913593,AM
Protium_opacum,-0.44785082460460224,2.5292263761062,-1.3911877140668119,AM
Protium_opacum,-0.04688198590013037,1.1587044478102753,-0.8243030860323789,AM
Protium_opacum,-0.10358431625657055,1.0442522084262387,-0.5955147773865228,AM
Protium_opacum,-0.3563892704615717,1.548428528506217,-0.5947758417963235,AM
Protium_sagotianum,-1.0084060207819607,3.0418556072710143,-0.7825062690870874,AM
Protium_sagotianum,-1.269044801069651,3.9367358053269474,-1.156803225611917,AM
Protium_sagotianum,-0.3883130492905988,1.6718244753320717,-0.6525895537817624,AM
Protium_sagotianum,-0.9558114900364384,2.545984482614299,-0.3914338236061876,AM
Protium_sagotianum,-0.43556355593219725,1.6908652431668545,-0.5773658144636247,AM
Protium_sagotianum,-0.770028224895903,2.202668678400233,-0.4218101977525038,AM
Protium_sagotianum,-0.618596449295649,2.3470155608164087,-0.8692951770532187,AM
Protium_subserratum,-0.23851102844533162,1.1259056373861587,-0.40738953362770186,AM
Protium_subserratum,-0.909811765776446,2.921394413747358,-0.8532325958097959,AM
Protium_subserratum,-0.7597144248320584,2.36006444327283,-0.6007738600171655,AM
Protium_subserratum,-0.04803544903855695,0.8431810809242579,-0.5042272327745484,AM
Licania_irwinii,-0.26487741979851753,1.4766990548135854,-0.7066228468724558,AM
Licania_irwinii,-1.0446924466786793,2.6926564184715094,-0.36778729230138496,AM
Licania_irwinii,-0.5438654778441908,1.4892764376575207,-0.1601223905514806,AM
Licania_irwinii,-0.22916162363977274,0.7164056261999704,-0.015838460836894587,AM
Licania_micrantha,-0.8119307165499123,2.077854696556816,-0.21224607879481835,AM
Licania_micrantha,-0.21010393780640627,0.5232488809494612,0.1383038233143207,AM
Licania_micrantha,-0.013896105192111352,0.38066724424573867,-0.11039042669977461,AM
Licania_ovalifolia,-0.7560869803338195,1.7858998878632628,-0.03260451835959013,AM
Licania_ovalifolia,-0.8166716668454428,2.322343575198198,-0.44762962215461033,AM
Licania_ovalifolia,-1.0897516602359132,2.89579612493584,-0.46975334696895776,AM
Licania_ovalifolia,-0.8069879969837049,2.1991438442534954,-0.3428353924248931,AM
Licania_ovalifolia,-0.8744292777792374,2.506586982862014,-0.5159535189761495,AM
Licania_ovalifolia,-1.0180466408285425,2.929483530820803,-0.6512296532349551,AM
Inga_loubryana,-1.1416241792614008,3.4381451263992995,-0.913566912340965,AM
Inga_loubryana,-0.5026921238692685,2.421813600785375,-1.176643790422823,AM
Inga_rubiginosa,-0.5466255278971782,2.2748414260173084,-0.9377614749521688,AM
Inga_rubiginosa,-0.6788498758591209,2.2242760170871825,-0.6239426919987997,AM
Inga_rubiginosa,-0.06688794554163173,1.4464459496619604,-1.0721590230349094,AM
Inga_stipularis,-0.18922533311074907,1.6336040859919523,-1.0137319078889029,AM
Inga_stipularis,-0.5629964960949002,2.6682980708785533,-1.305656236895821,AM
Inga_stipularis,-0.43571815127918523,2.3634987685598317,-1.2500873317061136,AM
Inga_stipularis,-0.8404877684586545,2.8263450885549246,-0.904456273638917,AM
Inga_stipularis,-0.55095341485677,1.8906234625076617,-0.5483234498086563,AM
Inga_stipularis,-0.2289101462085468,1.7454335396620044,-1.0452930960488873,AM
Inga_stipularis,-0.15969937875767493,0.9016221771319213,-0.34120481582890255,AM
Inga_stipularis,-0.32573014008931084,1.4486062342563417,-0.5561643049116386,AM
Inga_stipularis,-0.2819651121225519,1.256866265303775,-0.45194011804154327,AM
Inga_stipularis,-0.03272982462291888,0.24993602983722074,0.056500553997606125,AM
Ocotea_nigra,-0.29370014477734385,2.2261584767075147,-1.397654471525432,AM
Ocotea_nigra,-0.37702343447686143,2.1439925163336118,-1.146144392577314,AM
Ocotea_nigra,-0.3166303944076736,2.5173184205131403,-1.638954868101225,AM
Unonopsis_rufescens,-0.43001398102957716,2.2827386286430364,-1.1793097368874654,AM
Sextonia_rubra,-0.11563534359892445,1.2129031451661085,-0.7394816492192667,AM
Sextonia_rubra,-0.11272087006411878,1.6039985378218578,-1.1385678492756575,AM
Eschweilera_coriacea,-0.7417073711753224,2.4294161938384495,-0.7036184797535565,AM
Eschweilera_coriacea,-0.47932695670661973,1.8443488401204733,-0.6411063018831777,AM
Eschweilera_coriacea,-0.3487067742895555,1.1351127797287315,-0.19493455892808187,AM
Eschweilera_coriacea,-0.3928944509343122,1.877844052265706,-0.8503294436623383,AM
Eschweilera_coriacea,-0.20702416943432653,1.409393083654309,-0.7552266455226443,AM
Eschweilera_coriacea,-0.26984215432345,1.2065779178690785,-0.4217298940218268,AM
Eschweilera_coriacea,-0.2011986125636438,1.0167730943060258,-0.3674894389313398,AM
Eriotheca_longitubulosa,-0.6018450221531594,2.491263878057017,-1.0485337405361344,AM
Eriotheca_surinamensis,-0.46840490788203853,2.1286094621094342,-0.9502044405202837,AM
Eriotheca_surinamensis,-0.519530064396137,2.480575998539803,-1.200238827635218,AM
Eriotheca_surinamensis,-0.27693997591987884,2.2249450485953686,-1.4298040141607598,AM
Eugenia_sinemariensis,-0.9190445200707762,2.4872331081505656,-0.408239034386723,AM
Eugenia_sinemariensis,-0.6333699765240846,1.787805590441084,-0.2794061631222801,AM
Eugenia_sinemariensis,-0.8072121368479179,2.3686207082392867,-0.5117224658086169,AM
Eugenia_sinemariensis,-0.6158158376236218,2.070426459034439,-0.6018435617672231,AM
Eugenia_sinemariensis,-0.6275467234759964,1.3088780688126715,0.18870229485168366,AM
Eugenia_sinemariensis,-0.4641010835931216,1.1947472833705994,-0.026539111420529823,AM
Micropholis_egensis,-0.22865873200231995,1.627660714031196,-0.9281925129182793,AM
Micropholis_egensis,-0.7381445464906811,2.392320169843272,-0.6749211267754732,AM
Micropholis_egensis,-0.3254531701387797,1.4464152574997322,-0.5547952491745368,AM
Micropholis_egensis,-0.05392834202555563,1.483926223958494,-1.1210851442928955,AM
Micropholis_egensis,-0.0870841069071134,0.989675063091491,-0.5740343574629291,AM
Micropholis_egensis,-0.1897087752279723,1.1237281394854237,-0.5033615907622875,AM
Micropholis_egensis,-0.419766892819024,2.014004395966784,-0.9328200337003657,AM
Micropholis_guyanensis,-0.5421443070234179,1.533863608756969,-0.2081463412691108,AM
Micropholis_guyanensis,-0.6562368265398482,2.0049945310590678,-0.45042581937596243,AM
Micropholis_guyanensis,-0.48029641873116774,1.6619305228445953,-0.4588155031930635,AM
Micropholis_guyanensis,-0.9083225622249782,2.866911040405793,-0.810213113645848,AM
Micropholis_guyanensis,-0.49955603150775985,1.649327396141264,-0.408999789741418,AM
Micropholis_guyanensis,-0.6780615431419044,2.1931905714422286,-0.5954916895129886,AM
Micropholis_guyanensis,-0.5088276211033177,1.9263660048666396,-0.6704557690373618,AM
Micropholis_guyanensis,-0.5586162876023393,2.337098384951813,-0.9751418145288419,AM
Micropholis_guyanensis,-0.6034893086294099,2.0736469735503995,-0.626413267933774,AM
Micropholis_guyanensis,-0.29679009148250834,1.4084070852434134,-0.5755990791651211,AM
Micropholis_guyanensis,-0.5762534290884459,2.186892547826498,-0.7918627230356196,AM
Micropholis_guyanensis,-0.6189677823856938,2.08215083560132,-0.6023515213405177,AM
Micropholis_guyanensis,-0.6808234308711134,2.4595687980130916,-0.8569153300081521,AM
Micropholis_guyanensis,-0.680230955293399,2.0633935870749016,-0.4646763022842318,AM
Micropholis_guyanensis,-0.1420245000294177,1.6790193149693413,-1.1533732305068667,AM
Micropholis_guyanensis,-0.5819636515993304,2.407437519496435,-1.0019854542158801,AM
Micropholis_venulosa,-0.8535507020529692,2.9483150149932142,-1.0019854542158801,AM
Micropholis_venulosa,-0.04992580876972568,0.8376400362354932,-0.4956940276588603,AM
Micropholis_venulosa,-0.257346872655708,1.030869144517969,-0.27420607890941223,AM
Mallotus_paniculatus,-1.4447712908788664,4.575959027819343,-1.408767218790131,AM
Blastus_cochinchinensis,-1.5941388767862934,5.32488948298348,-1.739950432158628,AM
Sarcandra_glabra,-0.727911172306035,3.371913610229504,-1.6729884950769875,AM
Machilus_breviflora,-0.39171014287582867,2.3733900958453877,-1.3569421472065368,AM
Cinnamomum_parthenoxylon,-0.5539941191673694,2.9971382247412675,-1.6496287936482605,AM
Alchornea_trewioides,-1.369240606554063,4.527772527776599,-1.518466134445765,AM
Cryptocarya_chinensis,-0.584232987300693,2.987929106883074,-1.5598601775275538,AM
Calamus_rhabdocladus,-1.520054351299415,4.637108263275592,-1.368275853831498,AM
Engelhardia_roxburghiana,-1.6059440231798447,4.6976582054232425,-1.252762967495368,EcM
Sterculia_lanceolata,-1.2882001802453582,4.821186029841011,-1.9266587432616387,AM
Cibotium_barometz,-1.3933189760568552,4.430282550681985,-1.39971738010068,AM
Psychotria_asiatica,-1.4896568741150438,4.548999754521024,-1.3350010657323401,AM
Castanopsis_fissa,-1.5751572659572675,4.812766475338603,-1.2566165364600066,EcM
Dicranopteris_pedata,-1.5874318321714858,4.394205548089184,-0.9942522733438669,AM
Schima_superba,-1.5329399414613754,4.723037099904373,-1.3422774757031164,AM
Machilus_nanmu,-0.8218331881879906,3.4703218611994986,-1.583682435615789,AM
Syzygium_jambos,-1.4927666056304074,4.971446208016166,-1.7139169833451784,AM
Blechnum_orientale,-1.5663784229736533,5.222220751507993,-1.8971199848858813,AM
Elaeocarpus_dubius,-1.0844135692682968,3.700867652401065,-1.2866645208607044,AM
Syzygium_acuminatissimum,-1.0788096613719298,3.8528019063502166,-1.4498077652028722,AM
Heptapleurum_heptaphyllum,-1.3072983548933927,5.059335988231617,-2.2072749131897207,AM
Aporosa_yunnanensis,-1.3323745191304603,4.39644451705662,-1.4552872340354135,AM
Caryota_maxima,-1.2301456786299592,4.05301196636022,-1.3342833741352949,AM
Podocarpus_neriifolius,-1.4276720641842078,4.671921721289969,-1.5782306201845877,AM
Sorbus_discolor,-1.6440293572037195,4.8514968333895965,-1.364315452661985,AM
Prunus_serotina,-1.6424777665123005,4.963876121865704,-1.4733057366549749,AM
Eleutherococcus_senticosus,-1.493879571799828,5.263640884001318,-2.014903023042265,AM
Deutzia_grandiflora,-0.7841665789471138,3.847640847531873,-2.0373039559692954,AM
Nabalus_tatarinowii,-1.7237270588362281,5.837122182327003,-2.1484344103096444,AM
Aster_scaber,-1.554476354360126,5.389988204702237,-2.0281482500922854,AM
Juglans_mandshurica,-1.2132378156308665,4.036937196866883,-1.37210649458386,AM
Lespedeza_bicolor,-1.406905315024015,4.931618323063865,-1.8971199848858813,AM
Saussurea_mongolica,-1.5260163042950279,5.015324960401109,-1.7066016635408094,AM
Larix_gmelinii,-1.1053348344289364,3.835690426208451,-1.2390279418156036,EcM
Fraxinus_chinensis,-1.015558733532824,3.851261994586151,-1.5807278051837446,AM
Matteuccia_struthiopteris,-1.23271527319159,4.561886127449096,-1.856999990309939,AM
Veratrum_nigrum,-0.941608539858445,4.524183559071256,-2.3946039940034543,AM
Convallaria_majalis,-0.8287378348662936,4.420079425325925,-2.4081458064678953,AM
Zabelia_biflora,-0.6363888467413364,3.43227790769518,-1.9193926221466562,AM
Asparagus_schoberioides,-1.0708998501015738,4.78553148940686,-2.406725353466155,AM
Agrimonia_pilosa,-1.5663784229736533,5.4215362186812746,-2.051270661379806,AM
Veronica_spuria,-1.67825222843446,5.424579170311993,-1.8101086056740292,AM
Astilbe_rubra,-1.7620065110787073,5.3774425203207885,-1.6094379124341003,NMAM
Syringa_reticulata,-1.1505900277608228,4.424947295053573,-1.8582776189379038,AM
Corylus_sieboldiana,-1.6746877958631747,5.082513260491525,-1.481414084262237,EcM
Quercus_wutaishanica,-0.9880552981034658,3.5506908707351257,-1.333594501209586,EcM
Populus_cathayana,-1.5565292551979204,5.163028648445478,-1.7620711316872493,EcMAM
Aster_tataricus,-1.6245515502441485,5.694102440602895,-2.184802057337662,AM
Acer_pictum,-1.1983221328171216,4.178716347441442,-1.5581446170465498,AM
Vitis_amurensis,-1.1199380753828623,4.383483047839165,-1.9022613859326916,AM
Prunus_armeniaca,-0.8141855089370014,3.518862936047514,-1.6467516202784152,AM
Populus_cathayana,-0.9560716018859996,4.911393036262295,-2.3211123067759334,EcMAM
Rubus_crataegifolius,-1.8898134097034431,5.64788850177962,-1.6392908758868119,AM
Rhamnus_davurica,-1.7120245012092015,5.19709489569434,-1.4980163972990945,AM
Spiraea_ouensanensis,-0.9885926436295602,5.011736909095579,-2.772588722239781,AM
Euonymus_alatus,-1.2585463254110016,4.617081248794961,-1.8547030070280848,AM
Galium_aparine,-1.6654793033177253,5.483130261962464,-1.8971199848858813,NMAM
Deutzia_grandiflora,-1.6081886930336684,5.582557677427641,-2.036730427071107,AM
Saussurea_nivea,-1.3178883284558303,4.7660689036512505,-1.88706964583238,AM
Ulmus_pumila,-1.5329399414613754,4.8948017082771695,-1.5820389360838238,AM
Betula_pendula,-1.3082228256997352,4.296935707530311,-1.4259265054593762,EcM
Prunus_padus,-1.9166426513747452,5.50616332770253,-1.4152818974049077,AM
Rosa_acicularis,-1.2337449626596062,4.022385435031041,-1.3093333199837622,AM
Salix_abscondita,-2.11279152136139,5.802261266376117,-1.348073147299693,EcMAM
Salix_viminalis,-1.9608884346045723,5.764240858969673,-1.4908535312741402,EcMAM
Rubus_irritans,-1.731605546408308,5.260971191549772,-1.5457220968134249,AM
Spiraea_dahurica,-2.1015508245416554,5.672998477663331,-1.2329919152270543,AM
Populus_cathayana,-1.8540604954254345,5.37597743044045,-1.4271163556401458,EcMAM
Populus_suaveolens,-2.157186890304689,6.0028581799589515,-1.4130220116961343,EcMAM
Juniperus_sabina,-0.9167908569158374,3.6432834618664827,-1.5702171992808192,AM
Larix_gmelinii,-0.9929018342459954,3.583649687130352,-1.3442110491150823,EcM
Pinus_pumila,-1.2647849437226935,3.97293082855107,-1.1918246692925936,EcM
Betula_fruticosa,-1.2718948208113945,3.88699799929116,-1.0756070598850043,EcM
Pinus_sylvestris,-1.454573201873185,4.265799052843606,-1.122422937602792,EcM
Sarcandra_glabra,-0.6570563604155916,3.4607869987125652,-1.9058117356167197,AM
Liquidambar_formosana,-1.1790634119819607,3.8179654115104715,-1.2151461038004658,AM
Diplospora_dubia,-1.1996488328458814,4.423027436687124,-1.7966494517281293,AM
Magnolia_odora,-0.5138301327862895,3.2060857587728515,-1.9372520854932331,AM
Styrax_suberifolius,-1.27421645771454,3.997357668802149,-1.2039728043259361,AM
Iris_japonica,-0.8584936331479384,4.227644446633998,-2.268683539985031,AM
Daphniphyllum_pentandrum,-1.2999943494238988,4.145923991344203,-1.3139736995402644,AM
Cinnamomum_austro-sinensis,-0.7928570247089572,3.336583677965113,-1.5101396909045561,AM
Litsea_elongata,-1.14277318549903,3.875894198777764,-1.3581234847087498,AM
Cinnamomum_parthenoxylon,-0.9149166763210111,3.8732745710536833,-1.8078888511579385,AM
Rubus_rosifolius,-2.134672405497347,5.766636300616433,-1.2566165364600066,AM
Chloranthus_henryi,-0.7721903879003982,3.6183868591394077,-1.826024060587772,AM
Magnolia_chapensis,-0.4514043405731149,3.138288975209597,-1.9909391148577047,AM
Dryopteris_lepidopoda,-1.6101047997540257,4.809019966164863,-1.3745983232171646,AM
Dryopteris_sparsa,-1.5157957912481537,4.875511964536069,-1.5888186235987116,AM
Castanopsis_fabri,-1.5855382971097947,4.778518040954794,-1.2929841836238745,EcM
Trachelospermum_axillare,-1.2582530112390065,4.247877290585247,-1.4642559025896025,AM
Alniphyllum_fortunei,-1.3162709109949124,4.519781207652282,-1.6238266506108376,AM
Choerospondias_axillaris,-1.2091528643674783,3.9966294488151375,-1.3280254529959148,AM
Alniphyllum_fortunei,-1.2685705876639213,4.46111960995589,-1.6835458830493606,AM
Cryptomeria_japonica,-0.9226022753265675,3.9264710491615933,-1.8281327240813365,AM
Machilus_nanmu,-0.6501196207280174,3.199993653830155,-1.6534131962662326,AM
Smilax_trinervula,-1.1739825967711697,4.697894312108901,-2.1037342342488805,AM
Strobilanthes_dimorphotricha,-1.3137876703331426,4.915893556164899,-2.0067908508449257,AM
Wurfbainia_villosa,-1.4612094946330223,5.23327101995561,-2.0161397499769467,AM
Alpinia_japonica,-1.7781524658218382,5.505626207959451,-1.7272209468404838,AM
Cunninghamia_lanceolata,-0.9838783420962463,4.109376928750561,-1.4529857345151145,AM
Magnolia_maudiae,-0.40984970642598856,2.7997438357503515,-1.73204023409165,AM
Castanopsis_fargesii,-1.5960282255241827,4.743054926652544,-1.330724511046161,EcM
Castanopsis_eyrei,-1.636637834073377,4.6279072887905155,-1.0739196751021285,EcM
Elaeocarpus_sylvestris,-1.4303159146075604,4.41712441996425,-1.368275853831498,AM
Embelia_vestita,-1.5709386132834906,4.568821127540797,-1.185623664203194,AM
Parthenocissus_quinquefolia,-1.738597919217369,5.027890960377734,-1.330724511046161,AM
Blastus_pauciflorus,-1.8153352078044724,5.490746388301094,-1.599256004436593,AM
Dendropanax_dentigerus,-2.0612087734187763,5.4083710520356005,-0.8754687365539,AM
Trachelospermum_axillare,-1.208482959803822,4.4435948924199735,-1.7793369492294977,AM
Ardisia_japonica,-1.469241281940817,4.620057234933822,-1.4175469058938364,AM
Oreocnide_frutescens,-1.4304552569056603,4.544155511736094,-1.4677873936729604,NMAM
Betula_pendula,-1.0561276770619543,4.801085874118308,-2.0986729005009273,EcM
Syringa_reticulata,-1.5663784229736533,5.295069502442862,-1.9058424619934116,AM
Abies_nephrolepis,-0.8789146685609613,3.2975338379252603,-1.2740166493206921,EcM
Ulmus_davidiana,-1.2766629774165326,5.028474220082641,-2.039587044794516,AM
Philadelphus_incanus,-1.6039529822035308,4.698450380401938,-1.2424390861341243,AM
Betula_costata,-1.1134214053367373,4.713259579070718,-1.9045246250276415,EcM
Actinidia_kolomikta,-1.4696759700589417,5.413981572847829,-2.227361671756458,AM
Deutzia_glabrata,-1.6928195213731514,5.368792365008639,-1.7307987702448195,AM
Juglans_mandshurica,-1.5064301623598713,4.669616474747388,-1.4033840047665234,AM
Picea_koraiensis,-1.2142476333896206,3.846326244509772,-1.1624719458859436,EcM
Pinus_koraiensis,-0.9325895056906848,3.10411810278235,-0.9814587097447219,EcM
Acer_caudatum,-1.4443472925685077,4.47043733121117,-1.3470736479666092,AM
Phellodendron_amurense,-0.7100220984628022,3.74982171488954,-2.083068744031888,AM
Veratrum_nigrum,-1.2406367886975274,5.077710990131794,-2.350213144178422,AM
Convallaria_majalis,-0.9075787912721335,4.008847542922927,-1.9537923733259002,AM
Euonymus_verrucosus,-1.4727240891182782,5.099906711159155,-1.9033090644547506,AM
Caltha_palustris,-1.5616005830199404,5.84841055554281,-2.4849066537880002,NMAM
Acer_tegmentosum,-1.054863381738095,4.331653321710459,-1.925719074665456,AM
Populus_suaveolens,-1.5005835075220182,4.669843073098151,-1.3862943611198906,EcMAM
Acer_pictum,-1.2351195333227727,4.414225740114161,-1.682992998226889,AM
Filipendula_digitata,-1.6982691261407161,5.396386363677473,-1.7635885947613588,AM
Larix_gmelinii,-0.8616447299718132,3.1073281776588213,-1.128357106029394,EcM
Saussurea_amurensis,-1.6039529822035308,5.5051756973674,-2.051270661379806,AM
Adiantum_pedatum,-1.4765108705176837,4.758222044046056,-1.560820234568147,AM
Tilia_amurensis,-1.57310598318671,4.875551748934549,-1.448169764837978,EcM
Fraxinus_mandshurica,-1.3621872857766575,4.51869899997813,-1.5602092253822648,AM
Lithocarpus_cleistocarpus,-1.2941710722440847,4.231227348294458,-1.4116121691041805,EcM
Sanicula_orthacantha,-1.6361669721761247,5.021999850863013,-1.5021923840296554,AM
Corylus_ferox,-1.373575588712116,4.2238506926503625,-1.2332068313793185,EcM
Astilbe_rivularis,-0.9564618965634318,3.6047036853482144,-1.4515348843366063,NMAM
Cornus_controversa,-0.4253362377505763,2.6876847819083753,-1.5961615792599948,AM
Quercus_serrata,-1.6972450605110259,4.854558315702191,-0.909225747752037,EcM
Quercus_multinervis,-1.4628514838420459,4.345563147836171,-1.1936100172903894,EcM
Rhododendron_hypoglaucum,-1.9471859625593653,5.096447499700531,-0.9288695140810151,ErM
Pinus_armandii,-1.2440572236994054,3.8581560820968988,-1.1278974145224532,EcM
Salvia_chinensis,-1.8375940055718543,5.797148617256237,-1.885691288607713,AM
Cornus_ulotricha,-0.492515122207834,2.5869264582422264,-1.358953328934706,AM
Pteridium_aquilinum,-1.3819040128185978,4.6935390431844075,-1.6882187894675424,AM
Dryopteris_sparsa,-1.7266742225721206,5.516590744597285,-1.7986799143642953,AM
Euptelea_pleiosperma,-1.1412849539986583,4.099012521328839,-1.5705438487788042,AM
Coriaria_nepalensis,-0.8209805520698302,3.4438022240442625,-1.5652480993864386,AM
Quercus_oxyodon,-1.7080159257951957,5.158334149593464,-1.518466134445765,EcM
Lespedeza_thunbergii,-1.474470052023616,4.757488255324351,-1.5672375562908314,AM
Fagus_engleriana,-1.6918688864132598,4.5383184974605015,-0.8766815941674587,EcM
Schoepfia_jasminodora,-1.6557436653106117,4.400389762662409,-0.8867319296326107,AM
Acer_davidii,-1.2474893982427084,4.309025835109094,-1.5608991703447412,AM
Quercus_aliena,-1.5883493476042345,4.733253191696766,-1.3076512354814498,EcM
Lindera_obtusiloba,-1.3417991212333393,4.527325535091816,-1.6175351215285083,AM
Populus_cathayana,-1.5328241538157878,4.970556394940017,-1.6094379124341003,EcMAM
Cunninghamia_lanceolata,-0.545072062494582,2.8126430992170603,-1.4882040466357318,AM
Actaea_cimicifuga,-1.7446850618421261,5.275327331299948,-1.519053850595461,AM
Cornus_kousa,-0.970351008724099,3.943419006364818,-1.7643604967696704,AM
Anaphalis_aureopunctata,-1.98813938327305,6.172024135880895,-1.9117187840129164,AM
Cotoneaster_adpressus,-1.4120225096926218,4.483807694240553,-1.432507206031779,AM
Prunus_avium,-1.6066293601120614,4.956418997863008,-1.4888915649097796,AM
Solidago_decurrens,-1.3934196860624792,5.312633154910845,-2.2868367319634064,AM
Litsea_ichangensis,-0.9069903646768557,4.118515873267373,-2.0546731075737443,AM
Pinus_tabuliformis,-1.7019644701118404,4.866166651598923,-1.2417131319241677,EcM
Acer_campbellii,-1.6620478627063977,4.370364110801968,-0.7874578600311866,AM
Tilia_oliveri,-1.5751572659572675,5.008139589748644,-1.6094379124341003,EcM
Hosta_ventricosa,-0.8988192509621502,4.101969221654853,-2.0661963122982363,AM
Osmunda_japonica,-0.8704214961323867,3.1579435469054666,-1.21119305101923,AM
Betula_pendula,-1.5891452091663378,4.753035474348434,-1.3231223194402557,EcM
Syringa_reticulata,-1.4477443234361131,4.9222736349768015,-1.791759467228055,AM
Phlomoides_umbrosa,-1.408335491996771,4.810882612537776,-1.7270926544454654,AM
Acer_tataricum,-1.4561447444507682,5.150272465209543,-1.922649808506291,AM
Dioscorea_nipponica,-1.6004781710626284,5.5768851853391865,-2.1541650878757723,AM
Rubus_idaeus,-1.8127788364521304,5.234764523203796,-1.3768156186747809,AM
Adenocaulon_himalaicum,-1.7521542146356957,5.262232519941716,-1.5056411187524568,AM
Juglans_mandshurica,-1.2673860317329435,4.30103034544427,-1.5103192939475418,AM
Sorbus_discolor,-1.5396786680192476,4.735731511326173,-1.389731633778896,AM
Larix_gmelinii,-1.2578425130660589,3.9850672708177957,-1.206798583080724,EcM
Philadelphus_incanus,-1.71869489837105,5.4962243032996305,-1.8325814637483102,AM
Rosa_xanthina,-1.6906479678596436,5.22768711832685,-1.5018072470172452,AM
Lonicera_chrysantha,-1.3451524177887153,5.147172300501634,-2.218027708749766,AM
Cotoneaster_acutifolius,-1.5925807953676774,4.631792642548199,-1.2039728043259361,AM
Lonicera_chrysantha,-1.400190466312002,5.136717610363363,-2.0908395893294407,AM
Rubus_idaeus,-1.6149530931222105,5.048399235775606,-1.5910887723113583,AM
Caulophyllum_robustum,-1.0277811079075183,4.518592891171162,-2.2244203229266644,AM
Actaea_cimicifuga,-1.0233193046326783,3.6576900587151546,-1.36147734260972,AM
Quercus_wutaishanica,-1.0208182612280894,3.9582659816002415,-1.6687563751478531,EcM
Anaphalis_hancockii,-1.7220468568167546,5.7678769869239215,-2.0730106482726223,AM
Agrimonia_pilosa,-1.4097677173055327,4.578612111139449,-1.520490427162285,AM
Corylus_sieboldiana,-1.4876628555081794,4.649260963411626,-1.4239510787520266,EcM
Artemisia_mongolica,-1.795165262362888,5.276430365583576,-1.4395388757949528,AM
Cotoneaster_multiflorus,-1.4711988682103345,4.984803505157494,-1.769250478028886,AM
Artemisia_igniaria,-1.7885645783315358,5.318869012769295,-1.5018072470172452,AM
Cornus_bretschneideri,-1.0950187541543925,4.004720903466288,-1.5573936248625364,AM
Vitis_amurensis,-1.4970024831043123,4.8512962125385615,-1.6220166946409604,AM
Populus_cathayana,-1.5123112017033775,5.038341728689251,-1.7793369492294977,EcMAM
Crataegus_pinnatifida,-1.540145085938151,4.65663128004649,-1.3051567539906619,AM
Potentilla_indica,-1.640928579525471,5.319102395933146,-1.80856658686647,AM
Adina_pilulifera,-1.9834043534828938,6.363496743711504,-2.169053702869523,AM
Thalictrum_simplex,-1.6109390385603677,5.557027124896727,-2.094945728840801,AM
Sambucus_williamsii,-1.2430601930339829,5.038065037324512,-2.3153241209509625,AM
Populus_suaveolens,-1.1835167957585535,4.115606500023555,-1.5109978404020978,EcMAM
Lamium_album,-1.9995219185039625,5.792156286415493,-1.5248805235952265,NMAM
Ulmus_davidiana,-1.810942288644829,5.046618773699658,-1.3011365535959103,AM
Acer_barbinerve,-1.3771364233351249,4.96758145600384,-1.878436748579971,AM
Pinus_koraiensis,-1.0622321455396329,3.5590367584454725,-1.0107676751664594,EcM
Juglans_mandshurica,-1.7766738318100141,4.990229784583108,-1.1298598583750596,AM
Phellodendron_amurense,-0.8035574626314064,3.855141334585439,-1.9890505028531926,AM
Quercus_mongolica,-1.499239120136025,4.881973211876243,-1.4679970628214554,EcM
Acer_triflorum,-1.452006904485272,4.70622041830678,-1.4824401519498853,AM
Acer_pictum,-1.438430115540419,4.3858902028480555,-1.1820273209918029,AM
Fraxinus_mandshurica,-1.6154559847596635,4.784344713576138,-1.2621964653402442,AM
Pinus_massoniana,-1.2347757134809811,4.091879989155383,-1.3470736479666092,EcM
Quercus_oxyodon,-1.7080159257951957,5.158334149593464,-1.0141544191053584,EcM
Castanopsis_carlesii,-1.699909815598176,4.815603740816338,-1.1819938965202041,EcM
Schima_superba,-1.557636415453366,4.843712072082321,-1.4759065179345778,AM
Castanopsis_fabri,-1.6220166946409604,4.897551698752253,-1.4350845256893228,EcM
Saurauia_herthae,-0.6292338548162925,3.3614288906926633,-1.8611488021526001,AM
Viburnum_stipitatum,-0.02275698712261618,1.3904095057855272,-1.103668527928785,AM
Tapirira_guianensis,-0.5488736914035206,2.0494638967046686,-0.7096498699652729,AM
Ilex_teratopis,-0.44316697529217586,1.7996900146575452,-0.6717991636798848,AM
Critoniopsis_floribunda,-0.8955081926916266,3.502511325480589,-1.470296597390857,AM
Clusia_alata,-0.06699486882427837,1.5592362687159207,-1.1841932197788985,AM
Clusia_ducuoides,-0.05911326449250658,1.1138948498264722,-0.7535672098068673,AM
Clusia_ducuoides,-0.4326307761809338,2.034537615421135,-0.9275935613664034,AM
Clusia_ducuoides,-0.1118258151822568,2.1084659527375127,-1.6426034488285965,AM
Clusia_ducuoides,-0.5807117512301572,2.325604397116049,-0.9223493155836734,AM
Weinmannia_fagaroides,-0.8746690571833357,2.2207607547922974,-0.22895510824522294,AM
Weinmannia_microphylla,-0.8940401229393353,2.1567233454864883,-0.12628950819856882,AM
Weinmannia_ovata,-1.0870790528544367,2.694679179418116,-0.27971390280260405,AM
Weinmannia_microphylla,-0.7127378303249494,1.8447421488587588,-0.17824823125997735,AM
Ilex_teratopis,-0.6260494370274513,2.1375305274866867,-0.6444896689980053,AM
Dussia_tessmannii,-0.8942846516115405,2.3821233962462887,-0.3505035505074508,AM
Inga_extra-nodis,-0.5949321330629903,2.0347338478329777,-0.6034774692407282,AM
Inga_marginata,-0.6913487986185659,2.2885214042006603,-0.6641596443724073,AM
Inga_marginata,-0.6226887169113839,2.476850884902473,-0.9898949666940651,AM
Inga_marginata,-0.385515432800544,2.1275176871890804,-1.1153991092243902,AM
Inga_marginata,-0.7123299999767193,2.345594540014651,-0.6790992977350416,AM
Inga_extra-nodis,-0.48191428027157057,2.425396411398973,-1.220013670525756,AM
Inga_extra-nodis,-0.6632001041919932,2.146785671071541,-0.5793532713435117,AM
Aniba_coto,-0.16357831397681935,1.769262094439046,-1.2007248313720529,AM
Aniba_muca,-0.02716566807276955,0.9789762741813389,-0.683469391793493,AM
Aniba_coto,-0.46569293365865094,2.139731765826896,-0.9664405145310552,AM
Aniba_coto,-0.038013442198216174,1.2092407429399432,-0.891623239111479,AM
Endlicheria_oreocola,-0.24143482128646124,2.271753209888837,-1.5475703410466854,AM
Endlicheria_ruforamula,-0.035212755755744486,1.4398101424277256,-1.1275998249531267,AM
Endlicheria_ruforamula,-0.15677077594994904,1.8801463062414716,-1.325145336591302,AM
Endlicheria_ruforamula,-0.02204113087688028,1.4567652186804636,-1.1716694030125145,AM
Ocotea_aciphylla,-0.09211528890780563,1.5210289051049528,-1.095188554341021,AM
Ocotea_andina,-0.020202707317519466,1.4697156895901107,-1.1875802494290957,AM
Ocotea_andina,-0.04898018222171861,1.1460687470218045,-0.8059573360067959,AM
Ocotea_pedanomischa,-0.14954463728001757,1.851426585252682,-1.3109979231857682,AM
Ocotea_pedanomischa,-0.18982967228427636,1.4799024033368815,-0.8585152237538312,AM
Ocotea_pedanomischa,-0.22189433191377778,1.3885187947319677,-0.7033085225744026,AM
Persea_weberbaueri,-0.05582988496067059,1.2738066192408248,-0.9207437594007496,AM
Persea_weberbaueri,-0.08110160143704147,1.3355184754849214,-0.9316184458963728,AM
Persea_areolatocostae,-0.14780419476839426,1.2097425144901706,-0.672135363060369,AM
Ocotea_cuneifolia,-0.010353412079491597,1.1716489735317928,-0.909433561100182,AM
Graffenrieda_emarginata,-0.580533036190811,2.3944081699160873,-0.9919815533809196,AM
Graffenrieda_emarginata,-0.5208759596194922,1.8031576105735307,-0.5196883116173079,AM
Graffenrieda_emarginata,-0.1357051821653751,1.2039021178277043,-0.6906701808582257,AM
Meriania_franciscana,-0.5303482902548545,2.507752464600737,-1.2057959585954803,AM
Meriania_franciscana,-0.17055110119503925,1.7648408264030997,-1.1823736936335854,AM
Meriania_franciscana,-0.4527139607087749,2.1361596188775,-0.9896354903495452,AM
Meriania_franciscana,-0.8159930105587911,2.6937369677561254,-0.8213741749837112,AM
Miconia_calophylla,-0.6558513958162484,2.927998583964662,-1.374727171750578,AM
Miconia_calophylla,-0.33421478657999776,1.695188399819764,-0.7860792371422005,AM
Miconia_crebribullata,-0.08981530432236398,1.658894330987733,-1.2373747291117831,AM
Cedrela_montana,-0.604953169824029,3.0792073126483093,-1.6277870529541487,AM
Cedrela_montana,-0.4898798592505281,2.8702291610168746,-1.6484320212640808,AM
Guarea_kunthiana,-0.027576767770234493,1.69430505743387,-1.3976176603829835,AM
Guarea_kunthiana,-0.11653381625595151,1.9019646827624184,-1.4270196853128725,AM
Tapirira_guianensis,-0.43216849094271415,2.4365604662945604,-1.3309035113902845,AM
Ruagea_glabra,-0.11709577187624727,1.8104912135297442,-1.3346895902461775,AM
Ruagea_glabra,-0.0909098753598426,1.694802712309365,-1.2712102817047493,AM
Trichilia_septentrionalis,-0.7571525105358577,2.375955744536577,-0.6204037748608353,AM
Ficus_citrifolia,-0.50170071598899,2.142145134467161,-0.8981774694771245,AM
Ficus_sodiroi,-0.5525160508201997,1.949192143842161,-0.6017836476218645,AM
Ficus_pertusa,-0.6301723813985569,2.1397827427481695,-0.6376249543229666,AM
Ficus_tonduzii,-1.1187129603751127,2.9262343913563083,-0.44695221751829745,AM
Morus_insignis,-0.8864892406373653,2.4873528304470236,-0.4739210667943078,AM
Morus_insignis,-0.9856408100089483,2.825981693293932,-0.6142886056950191,AM
Morus_insignis,-1.154547920998413,3.305012248697926,-0.7549156729719736,AM
Morus_insignis,-0.9983145673527458,2.606713333039833,-0.36943964577839017,AM
Morus_insignis,-0.6258624337543488,2.6069311399676236,-1.1139337440098116,AM
Pseudolmedia_rigida,-1.0532565869473125,2.7742590046661273,-0.4259986757661752,AM
Eugenia_florida,-0.47739084767975337,2.1217160755138984,-0.9253994480593236,AM
Myrcianthes_rhopaloides,-0.9618112471759644,2.7805532925521232,-0.6159222520229378,AM
Hieronyma_asperifolia,-0.03500560919881529,1.3885251251146966,-1.0771137590510715,AM
Hieronyma_fendleri,-0.1766178538772766,1.6875568129922214,-1.0924504399108732,AM
Hieronyma_fendleri,-0.08642972799838766,1.6432024030173393,-1.2289741051389482,AM
Piper_arboreum,-0.8060919395760796,3.1556662234189123,-1.3018816527466133,NMAM
Piper_arboreum,-0.6290462551534217,2.5782936784918404,-1.0788096613719298,NMAM
Podocarpus_oleifolius,-0.22928738607469923,2.124992677403273,-1.4247928404268364,AM
Podocarpus_oleifolius,-0.19991542519500263,2.140690303856618,-1.499554221275399,AM
Prumnopitys_montana,-0.168063685047255,1.4412170116693481,-0.8637198450804504,AM
Myrsine_coriacea,-0.12363764045817827,1.2687960726066911,-0.7799013637176534,AM
Myrsine_coriacea,-0.2731219211204512,1.453290571538469,-0.6656741617618492,AM
Prunus_herthae,-0.8130574772325029,2.394996191793791,-0.5270710490140056,AM
Prunus_opaca,-0.2516716349287479,1.3609508374203392,-0.6152355691367175,AM
Bathysa_australis,-1.29901635301283,2.8318540818542384,0.006449743614104614,AM
Bathysa_australis,-1.5059792040658704,2.9369200824485384,0.3131873630226123,AM
Bathysa_australis,-0.8189371866182451,2.0818707049971583,-0.20271151307003762,AM
Bathysa_australis,-1.061605563039014,2.920739060613315,-0.5557674804284684,AM
Bathysa_australis,-1.0172166504641156,2.6272184226386295,-0.3527914444937302,AM
Faramea_bangii,-0.2563126127057236,2.000827030044472,-1.2470034131234333,AM
Palicourea_stenosepala,-0.9028810449642375,3.1451822713235313,-1.0978061606766059,AM
Palicourea_thyrsiflora,-0.7556610859491876,2.8732850468250555,-1.1191609578643555,AM
Palicourea_tinctoria,-0.5180180943474952,3.293668169785451,-2.015896366246788,AM
Matayba_inelegans,-0.1536174886655995,1.8451265122201943,-1.2964478911403807,AM
Micropholis_guyanensis,-0.6249279415828014,2.212163604870003,-0.721249213725002,AM
Pouteria_austin-smithii,-0.5026921238692685,2.1334456507743695,-0.8866060419257326,AM
Picrasma_longistaminea,-0.09937844398027885,2.2559859156640436,-1.8156769043461325,AM
Siparuna_aspera,-0.8472311959426605,2.9505406429391936,-1.0128613945032816,AM
Cestrum_schlechtendalii,-0.5424883042748321,2.406474867141604,-1.079710781965047,AM
Turpinia_occidentalis,-0.489553488490451,3.073354932809611,-1.8532861401434741,AM
Turpinia_occidentalis,-0.4523994952973785,2.9325497968391123,-1.786246239049847,AM
Turpinia_occidentalis,-0.5875266986962615,3.7400202272457115,-2.3232201386542783,AM
Gordonia_fruticosa,-0.356246464320665,1.8704932144300392,-0.916888282872197,AM
Gordonia_fruticosa,-0.5205393159536299,1.566225683160722,-0.2827330988486532,AM
Cecropia_angustifolia,-0.6963523115088937,2.413390386509961,-0.779464213207864,AM
Myriocarpa_stipitata,-1.0770465107535492,3.187512318731781,-0.79362793718725,NMAM
Myriocarpa_stipitata,-0.5864475619008895,2.844782635670921,-1.4302946886937467,NMAM
Myriocarpa_stipitata,-1.0398717936455097,3.434001484705764,-1.1130010248158615,NMAM
Leonia_glycycarpa,-0.4942963218147801,2.311196582454366,-1.0811840810176463,AM
Saurauia_herthae,-0.7577923740534765,3.7217363497681397,-1.964958344506777,AM
Sciodaphyllum_acuminatum,-1.061605563039014,3.71325494325525,-1.3481945143642557,AM
Oreopanax_sessiliflorus,-0.49889705290071695,2.694620286151707,-1.4552872340354135,AM
Critoniopsis_pycnantha,-0.6806259000062737,2.989319431667278,-1.384217515258039,AM
Critoniopsis_pycnantha,-0.7588597239253266,3.0647385434845162,-1.3076734058112807,AM
Critoniopsis_pycnantha,-0.522139383666264,2.7226767234241036,-1.441703325903322,AM
Critoniopsis_pycnantha,-0.9939820395900268,2.445157422529074,-0.21680773257038707,AM
Critoniopsis_pycnantha,-0.3649951755544511,1.6319354915538697,-0.6600472322824377,AM
Critoniopsis_pycnantha,-0.665142984150348,3.0015612863019183,-1.4293208211898139,AM
Critoniopsis_floribunda,-0.6786527344094928,2.7110283985330286,-1.1098034538078272,AM
Matayba_peruviana,-1.2803140375826587,3.3272012310510437,-0.5315765680726424,AM
Dacryodes_peruviana,-0.817803785159501,3.1129613971627506,-1.2362134016675241,AM
Trattinnickia_lawrancei,-1.5371172508544744,4.140728588088077,-0.8245696100399846,AM
Hedyosmum_purpurascens,-0.4090214243109416,2.9743334123540603,-1.9530023755427413,AM
Licania_harlingii,-1.288441960952386,3.662696688828577,-0.8450632233826623,AM
Licania_harlingii,-1.4898786773764612,4.121973625721423,-0.8989992352212369,AM
Licania_harlingii,-1.4460443655256647,4.125298830477335,-0.9906027652315635,AM
Clusia_elliptica,-0.287282152430454,2.117875687517252,-1.301175133115632,AM
Clusia_elliptica,-0.25231492861448956,1.9589769884196864,-1.2124474327637167,AM
Clusia_elliptica,-0.06155630569910581,1.313852434725484,-0.9481142768606453,AM
Clusia_elliptica,-0.47304825943196077,2.471322557362825,-1.343670522096872,AM
Clusia_alata,-0.11149037603336324,1.5834920262243286,-1.1106373426917338,AM
Clusia_alata,-0.07778137715973527,1.6278805265078804,-1.2311255597543032,AM
Clusia_alata,-1.0587187250064332,2.690290232357842,-0.33098901579041357,AM
Clusia_ducuoides,-1.2580770633191367,3.055317888966635,-0.298855372600468,AM
Clusia_alata,-0.03030458026485562,1.5679387784983558,-1.2570253470381396,AM
Clusia_elliptica,-0.19711037426739392,2.089614700922736,-1.4541973153539276,AM
Clusia_elliptica,-0.33624226306715793,2.563751055938806,-1.6507210340904663,AM
Weinmannia_magnifolia,-0.6678693733756768,2.144163339302496,-0.5705448590060744,AM
Sloanea_grandiflora,-0.8465314874593023,3.0099530650753907,-1.0751212747815657,AM
Sloanea_rufa,-0.9654809760649268,2.9807243829443886,-0.8075575316164775,AM
Sapium_stylare,-0.018469516283661322,2.2035570329501772,-1.9252908641382918,AM
Inga_nobilis,-0.6937473606319777,2.4098537866217455,-0.7814397874287006,AM
Inga_umbellifera,-0.9840343839606746,2.4228275639806065,-0.21227387957054913,AM
Inga_marginata,-0.7843856609942166,2.9148653837523195,-1.1042941227594723,AM
Inga_extra-nodis,-0.8034085748174826,3.0748401243850085,-1.2264058575610384,AM
Inga_extra-nodis,-0.8412605652510666,3.3531154505864476,-1.4638525936593134,AM
Roucheria_columbiana,-1.3369329315821665,3.6588875624201926,-0.8049954808976977,AM
Persea_ferruginea,-0.02490763570618478,1.2476831491754343,-0.956609743536499,AM
Ocotea_infrafoveolata,-0.7552353728733671,2.634788280176961,-0.8829037156324627,AM
Ocotea_infrafoveolata,-0.8253080841622843,3.022490648061396,-1.1296569097419618,AM
Persea_areolatocostae,-1.5301647315395925,4.0728147711469065,-0.7672551533290518,AM
Aniba_coto,-0.5593158329264247,2.5188661697001575,-1.1590038523322057,AM
Endlicheria_ruforamula,-0.6949488025065735,2.724755765551061,-1.0936982752333275,AM
Aniba_coto,-0.18922533311074907,2.041490536765778,-1.4215124493945144,AM
Aniba_coto,-0.28143495969131427,1.9095306529623528,-1.1050561296887116,AM
Endlicheria_ruforamula,-0.20759834038898708,2.029211486195527,-1.3299606525892325,AM
Aiouea_montana,-0.3782877805899664,2.626453652342642,-1.6204667369525432,AM
Graffenrieda_uribei,-0.6841874391884735,2.7719939510234433,-1.1614601917061518,AM
Graffenrieda_uribei,-0.5916742116293116,2.4263933308314636,-1.001851782005506,AM
Graffenrieda_uribei,-0.7458098331432512,2.779797485309188,-1.165751590505738,AM
Graffenrieda_uribei,-0.8391753808851452,2.8453738329229665,-0.8453729329160808,AM
Graffenrieda_uribei,-0.6080710082048261,2.603821574986027,-1.1456797990080232,AM
Miconia_punctata,-1.0744075999712923,3.5951353457044015,-1.2055844089299548,AM
Graffenrieda_uribei,-0.5582666983661271,2.59598462184745,-1.2561788555001285,AM
Miconia_punctata,-0.9883239347739867,3.3726825308003643,-1.153778670627564,AM
Pleroma_ochypetalum,-0.7056247020710579,3.0074921809869015,-1.3545456633053103,AM
Graffenrieda_uribei,-0.7258770051828642,2.8804261023098454,-1.1862732267586988,AM
Andesanthus_lepidotus,-0.8067639073469128,3.2241556552009887,-1.3689026180631938,AM
Andesanthus_lepidotus,-0.6401752957938396,2.94661001812336,-1.4359499530639332,AM
Miconia_jahnii,-0.9041151559440217,2.620618533621086,-0.5696661232838737,AM
Graffenrieda_harlingii,-0.4055651131084978,2.2286988111728983,-1.1761581176393183,AM
Miconia_jahnii,-0.7160064747060279,2.4828415556147423,-0.8101068312907532,AM
Graffenrieda_harlingii,-1.1702157075278026,3.3261163947959362,-0.7425399368515471,AM
Miconia_jahnii,-0.8799588026267647,2.6365043843361256,-0.6334279454235405,AM
Miconia_jahnii,-0.5744756508424468,2.125661164957144,-0.7339691750802004,AM
Miconia_jahnii,-0.8301130356331028,2.5835415284691075,-0.6813823385125227,AM
Centronia_laurifolia,-1.195013062954464,4.036620629035637,-1.4196813762267018,AM
Centronia_laurifolia,-1.1468051312695948,3.843325604285533,-1.3103084545322126,AM
Centronia_laurifolia,-1.2026403590921573,4.139831242240503,-1.4924008660696622,AM
Meriania_franciscana,-0.904856354248492,3.3335510264294452,-1.281285399649997,AM
Meriania_franciscana,-0.39422847618217666,2.486593773294432,-1.4585717163372507,AM
Meriania_franciscana,-0.8060919395760796,2.9165793637678736,-1.2787495200387944,AM
Meriania_franciscana,-0.5440377579721042,2.5150046812148217,-1.185044794690417,AM
Miconia_radula,-1.3152768738846101,3.8578803831375073,-0.9863449860713649,AM
Miconia_dolichorrhyncha,-1.0111510128981152,3.5569680209320085,-1.2926251706387222,AM
Guarea_macrophylla,-0.3825057039732539,2.264324845022376,-1.2600006363379714,AM
Trichilia_septentrionalis,-0.9373866951688895,3.2746627418138794,-1.1703988277415613,AM
Guarea_subandina,-1.0247114808285755,3.149781911562411,-0.8598910437104175,AM
Trichilia_septentrionalis,-0.9187938620922735,3.1197860827482966,-1.0400523332798568,AM
Cedrela_montana,-0.48971666055575547,2.7715245499592625,-1.551133603993327,AM
Pseudolmedia_laevigata,-1.587774272798074,3.9668214192908993,-0.5695046201646699,AM
Pseudolmedia_laevigata,-1.3787230956235725,2.820589066250039,0.18012616618656288,AM
Pseudolmedia_laevigata,-1.1550239225940726,3.0198738543542274,-0.41155155450156305,AM
Pseudolmedia_laevigata,-1.4116121691041805,3.4907418458701467,-0.42136369350288566,AM
Pseudolmedia_laevigata,-1.475052716278569,3.628169325985691,-0.43459338054596647,AM
Helicostylis_tovarensis,-1.296453657120101,3.7166561946690804,-0.8754687365539,AM
Helicostylis_tovarensis,-1.3280254529959148,3.6818083861846547,-0.8249164580502235,AM
Helicostylis_tovarensis,-1.1703768548974203,3.5949411632644774,-1.0042595061132156,AM
Clarisia_racemosa,-0.6104618139413374,2.3446262624184575,-0.8816852027987203,AM
Helicostylis_tomentosa,-1.672910335389674,4.7632638952758155,-1.2046055144447754,AM
Pseudolmedia_laevis,-1.5474025215146479,4.0661503449258785,-0.7300177173823575,AM
Pseudolmedia_laevis,-0.8989420935395421,3.470796081597987,-1.4319180863525807,AM
Clarisia_biflora,-1.6398971199188088,4.124383600426392,-0.6035350218702582,AM
Pseudolmedia_laevis,-1.55684546231493,3.8733335624858514,-0.5183444561422821,AM
Pseudolmedia_laevis,-1.6424777665123005,4.209198444390297,-0.6811709902751344,AM
Clarisia_biflora,-0.9918227944865919,2.9146595649866085,-0.6894908690210683,AM
Pseudolmedia_laevis,-1.4325477456373528,4.059365846820716,-0.9483300866187716,AM
Morus_insignis,-1.2524630134863701,3.844512832129347,-1.112071443099025,AM
Ficus_tonduzii,-1.320007370696019,4.332248720464956,-1.458038264656418,AM
Morus_insignis,-1.1917149069304338,4.168643797845704,-1.5441973908814888,AM
Pseudolmedia_rigida,-0.9657436155936854,3.6371619571336082,-1.4645465567173133,AM
Morus_insignis,-1.1535965970008693,3.774601357965307,-1.2300263837783796,AM
Morus_insignis,-1.130567459909661,4.0833626867279875,-1.6176095595834197,AM
Clarisia_racemosa,-0.8232558659069656,2.6932408790815536,-0.8048014940101895,AM
Ficus_apollinaris,-1.214359897212423,3.2690336894992824,-0.6310489607871986,AM
Myrica_pubescens,-0.6589390092302083,3.3588152920066454,-1.7866338835142122,NMAM
Myrica_pubescens,-0.715392789507265,2.6067403002459217,-0.9341021755428873,NMAM
Myrica_pubescens,-1.4250351894363211,3.945973053187873,-0.949971264010937,NMAM
Myrsine_andina,-0.636577829072051,2.341678384568004,-0.8277068502515976,AM
Geissanthus_vanderwerffii,-0.4902063365632549,1.9883483088309355,-0.7663197856904425,AM
Myrsine_andina,-0.6123047927158445,2.2074450382576307,-0.7408293104261784,AM
Myrsine_andina,-0.6292338548162925,2.2479576307569915,-0.7463294452975654,AM
Eugenia_florida,-0.9636444282576253,3.036179241280488,-0.8966371622551464,AM
Eugenia_florida,-1.3139736995402644,3.891673276283039,-1.1044946589340081,AM
Hieronyma_asperifolia,-0.4607664238932537,2.4797701639353034,-1.3170308889152826,AM
Hieronyma_asperifolia,-0.37585776335550636,1.9741995444150942,-0.9803592168293759,AM
Hieronyma_asperifolia,-0.22052199060925814,1.7787767213874313,-1.0956968357341865,AM
Hieronyma_oblonga,-0.37222377432836246,2.217015792584711,-1.2307538258750066,AM
Hieronyma_oblonga,-0.21344077585282462,2.0255462802416764,-1.3641475971855783,AM
Hieronyma_macrocarpa,-0.616186139423817,2.6405642935744855,-1.1672232605879849,AM
Picramnia_latifolia,-0.9660939080920784,3.0727394594587665,-0.9005492614922284,AM
Ladenbergia_riveroana,-1.0833789080275205,3.4060498507014016,-1.0420601183899925,AM
Miconia_punctata,-0.6661618460710991,2.9475695354366613,-1.3733301251598742,AM
Miconia_punctata,-0.6139929499268063,2.7452911635339428,-1.278975854378287,AM
Miconia_punctata,-0.7874578600311866,3.2589356735410795,-1.4429504305676786,AM
Miconia_punctata,-0.7234002237309662,3.00661862461937,-1.3182052408263845,AM
Miconia_punctata,-0.6363888467413364,2.710554409619747,-1.196510083161521,AM
Miconia_punctata,-0.5002610558524614,0.4155526044712056,-1.4791132132597469,AM
Miconia_punctata,-0.6644883248964443,3.3305200537032147,-1.7602097453325716,AM
Miconia_punctata,-0.6309814071632136,3.289866761452953,-1.7871373019207282,AM
Hedyosmum_goudotianum,-0.1963799140449949,2.1864281003379045,-1.5519401553442524,AM
Hedyosmum_goudotianum,-0.4085699230616432,2.735489149626475,-1.6764717576381363,AM
Hedyosmum_goudotianum,-0.48369695637773796,2.915567837221822,-1.7062576600628172,AM
Hedyosmum_goudotianum,-0.3213078001014411,2.62176417407359,-1.7373625608368668,AM
Hedyosmum_goudotianum,-0.3742647500733902,2.829850504868937,-1.8404779528665978,AM
Hedyosmum_goudotianum,-0.5454170685356098,2.903776413822644,-1.5713691509840222,AM
Hedyosmum_goudotianum,-0.3043664918553036,2.6791045479596654,-1.8508314169420301,AM
Hedyosmum_goudotianum,-0.5318448922700275,3.1182401805162785,-1.8162375990714954,AM
Heliocarpus_americanus,-0.5477234356114079,2.76153099782764,-1.424388791327993,AM
Heliocarpus_americanus,-0.6595320667703453,2.7347676274136496,-1.174262903468,AM
Heliocarpus_americanus,-0.6419825006428811,3.511124831283589,-1.9879955674011014,AM
Heliocarpus_americanus,-0.5060039334867772,3.1367052731727667,-1.8834678935480624,AM
Heliocarpus_americanus,-0.6432148118117363,3.514500034785086,-1.9857618831804573,AM
Heliocarpus_americanus,-0.7811044593190873,3.3787105490078764,-1.5749830088858097,AM
Heliocarpus_americanus,-0.8695584813763104,3.737997579022175,-1.757436573130403,AM
Heliocarpus_americanus,-0.4781971042742633,2.5990470227005678,-1.4017237888878622,AM
Hieronyma_fendleri,-0.07813262529290373,1.4368264917082618,-1.0403331419173034,AM
Hieronyma_fendleri,-0.04425956599632423,1.5279232403356133,-1.2015979398835204,AM
Hieronyma_fendleri,-0.22247351084147193,1.978409643884676,-1.2919643597153192,AM
Hieronyma_fendleri,-0.062221523184988095,1.5588777664906965,-1.1928615799137565,AM
Hieronyma_fendleri,-0.1797557237606987,1.7938243861522516,-1.1931254040127253,AM
Hieronyma_fendleri,-0.13688613233366825,1.7650985507857058,-1.2509910043515282,AM
Matayba_inelegans,-0.9350914938050829,3.1393694587711365,-1.0314434040342606,AM
Matayba_inelegans,-0.8519124204444739,3.2029785558354327,-1.2758931889437417,AM
Matayba_inelegans,-1.0604558830353523,3.1494971563997347,-0.7859437892326582,AM
Matayba_inelegans,-0.897147557263226,2.7418427932420166,-0.7075359177221898,AM
Matayba_inelegans,-0.6917481596462379,2.214739170668309,-0.5914102439420316,AM
Matayba_inelegans,-0.992099608207137,3.07326915441815,-0.8464210528952643,AM
Matayba_inelegans,-0.829425198852573,2.4968116935319813,-0.5960496898568495,AM
Matayba_inelegans,-0.9600359845364466,2.895530903808915,-0.7327509465886127,AM
Meriania_franciscana,-0.3106095770954856,2.799517268023533,-1.9365637837209229,AM
Meriania_franciscana,-0.14838400576625776,2.330535968262143,-1.7922875946617445,AM
Meriania_franciscana,-0.904856354248492,3.3335510264294452,-1.281285399649997,AM
Meriania_franciscana,-0.39422847618217666,2.486593773294432,-1.4585717163372507,AM
Meriania_franciscana,-0.6944391888433085,3.037115598978571,-1.4102109072277713,AM
Meriania_franciscana,-0.5551590678821835,2.7891537624867975,-1.437293370392501,AM
Meriania_franciscana,-0.5603027193187705,2.8119445110055183,-1.4502629028599185,AM
Meriania_franciscana,-0.7283599363156898,2.8528979511241532,-1.1546477387973024,AM
Miconia_calophylla,-0.8141855089370014,3.3952546512333974,-1.5269366909223567,AM
Miconia_calophylla,-0.6088060321261943,3.101307694568007,-1.6423304647002466,AM
Miconia_calophylla,-0.7454221671759866,3.352144506537222,-1.62005990660258,AM
Miconia_calophylla,-0.7019861292271496,2.968546434706482,-1.3234672911797856,AM
Miconia_calophylla,-1.0755482268127656,3.640415966779816,-1.2483207960690272,AM
Miconia_calophylla,-0.631527204860817,3.42341325747545,-1.9191384008295802,AM
Miconia_calophylla,-0.6306259227305323,3.0713740462269343,-1.5693523858397855,AM
Miconia_calophylla,-0.8576983595609273,3.503952883415656,-1.54706203907184,AM
Myrsine_coriacea,-0.38038232774070124,2.0750238574411695,-1.07327956294509,AM
Myrsine_coriacea,-0.2519289027459631,1.8523912320386007,-1.1076757934178147,AM
Myrsine_coriacea,-0.38677712238238954,2.057766886655153,-1.047171662934355,AM
Myrsine_coriacea,-0.19043437690450507,1.6335809615543226,-1.0110773047844985,AM
Myrsine_coriacea,-0.7653051671718615,2.689645917148108,-0.9202336800877946,AM
Myrsine_coriacea,-0.5354599047243516,2.2451488990473636,-0.9327746227731297,AM
Myrsine_coriacea,-0.519530064396137,2.2237135145392317,-0.9426907560123876,AM
Myrsine_coriacea,-0.197475804565632,1.5643422130076972,-0.9277991403000302,AM
Naucleopsis_francisci,-0.6939560996467884,2.937850060893686,-1.3117882605155333,AM
Naucleopsis_francisci,-0.7899257709515852,3.3429698959802585,-1.5217605018774105,AM
Naucleopsis_francisci,-0.9237859887642005,3.4296262891786986,-1.3449905537301001,AM
Naucleopsis_francisci,-1.0416399301353763,3.567052096984759,-1.242624960205207,AM
Naucleopsis_francisci,-1.0056685430253718,3.2387625011811827,-0.9867841831322758,AM
Naucleopsis_francisci,-0.8877032750222424,2.5817780889802484,-0.5658692330294051,AM
Naucleopsis_francisci,-1.0960529794955582,3.7516285146527393,-1.3184631144578878,AM
Naucleopsis_francisci,-0.968875633711814,3.343931052234823,-1.165240437958641,AM
Ocotea_andina,-0.2859835810386568,2.1439357727741175,-1.3319646505134815,AM
Ocotea_andina,-0.1319444250953056,1.5520243937282605,-1.0506634897757683,AM
Ocotea_andina,-0.05045154349609822,1.600671055195688,-1.2582464020755575,AM
Ocotea_andina,-0.0896744062520265,1.6381815656387197,-1.218732152957953,AM
Ocotea_andina,-0.15513449694999074,1.3317553405837312,-0.7798633058679156,AM
Ocotea_andina,-0.06571132059808105,1.4974889693408913,-1.1245622256346022,AM
Ocotea_andina,-0.13531478878767506,1.6255686845566177,-1.113533486112744,AM
Podocarpus_oleifolius,-7.113352992955422e-05,1.8591686736649438,-1.6177215925714772,AM
Podocarpus_oleifolius,-0.3984331265463336,1.6844404575238257,-0.6476449089235508,AM
Podocarpus_oleifolius,-0.23724247569371146,2.233012337871359,-1.517258441825984,AM
Podocarpus_oleifolius,-0.06838591286646492,1.8551418723186288,-1.4767263088698246,AM
Podocarpus_oleifolius,-0.059537712716196275,1.6337722181085077,-1.2732559107841253,AM
Podocarpus_oleifolius,-0.1585269082282374,2.2726747697932477,-1.713973684952734,AM
Ruagea_glabra,-0.01896545364385247,1.5719086336787984,-1.2929177949967083,AM
Ruagea_glabra,-0.05069841662557534,1.6564904693618858,-1.3148916984467727,AM
Ruagea_glabra,-0.05962027078332778,1.8515851949139006,-1.4921821268607276,AM
Ruagea_glabra,-0.15387090580099455,2.0164657690810985,-1.4675047679554738,AM
Tapirira_guianensis,-0.6213369375938326,2.749258449976647,-1.2659912892016298,AM
Tapirira_guianensis,-0.35724653583769006,2.4069030227480184,-1.451055541710905,AM
Tapirira_guianensis,-0.5904449024871091,2.825150134756797,-1.402755639584751,AM
Tapirira_guianensis,-0.5521685873003731,2.4137354020041726,-1.0676267503297892,AM
Tapirira_guianensis,-0.7721903879003982,2.988194575854468,-1.2024115237589834,AM
Tapirira_guianensis,-0.7454936609321545,3.0899748791582593,-1.3569845335592903,AM
Tapirira_guianensis,-0.6655599069120977,3.2685595078260374,-1.6955879641072673,AM
Tapirira_guianensis,-0.5592324896535956,2.8994621855852025,-1.5399807327548822,AM
Weinmannia_microphylla,-0.9519179095173061,3.165465017711034,-1.020065203187757,AM
Weinmannia_microphylla,-0.8996794660689582,2.562452494430257,-0.52502857316375,AM
Weinmannia_microphylla,-0.9495890172756697,3.446884143828689,-1.3056646282409083,AM
Weinmannia_microphylla,-1.1731936822526903,3.6134408708204977,-1.0250025150946942,AM
Weinmannia_microphylla,-0.9768218746223941,2.948139025544541,-0.7529656756338692,AM
Weinmannia_microphylla,-1.163506511460014,3.571702414461129,-1.0030523891372605,AM
Weinmannia_microphylla,-1.015489232911052,3.046616059329334,-0.7733369583810991,AM
Weinmannia_microphylla,-0.9862279732451511,3.5163546859901125,-1.3051459732437518,AM
Clethra_revoluta,-0.88061750795365,3.5300840425346585,-1.5287413985384393,AM
Clethra_revoluta,-0.9364934391916745,3.253294006227782,-1.1382775462166104,AM
Clethra_revoluta,-0.7848007054831165,3.235309794406569,-1.4276162305567968,AM
Clethra_revoluta,-0.9505662922754845,3.5952454816138872,-1.4541717835229764,AM
Clethra_revoluta,-0.9413521624695262,3.445650041334036,-1.3206694727929,AM
Clethra_revoluta,-0.8221175618569053,2.970560062149492,-1.0865359678488327,AM
Clethra_revoluta,-0.8763491247812073,3.528687822297969,-1.5345799237559594,AM
Clusia_elliptica,-0.08094836082023828,1.9304694077164803,-1.5272786048010263,AM
Clusia_elliptica,-0.05240970260251524,1.8904682016470002,-1.5458994036422438,AM
Clusia_elliptica,-0.28464970938207645,2.180748804457858,-1.3701421965055343,AM
Clusia_elliptica,-0.18368248243329607,1.6155107283044083,-1.006551004450531,AM
Clusia_elliptica,-0.15331498311904623,2.026972531409154,-1.4816320117015338,AM
Critoniopsis_pycnantha,-0.46139149238478444,2.3100438174218487,-1.1463488494226017,AM
Critoniopsis_pycnantha,-0.665142984150348,3.0015612863019183,-1.4293208211898139,AM
Critoniopsis_pycnantha,-0.4743666775132777,3.081682755910529,-1.8917654261567873,AM
Critoniopsis_pycnantha,-0.4698436420443704,2.7616495211342986,-1.5805619889322458,AM
Critoniopsis_pycnantha,-0.3795050064386327,2.9544166395054563,-1.953731938650573,AM
Critoniopsis_pycnantha,-0.4989057107115817,2.986531543350043,-1.7478304154195596,AM
Critoniopsis_pycnantha,-0.4809678743042346,2.9210838630051286,-1.71766877136639,AM
Gordonia_fruticosa,-0.7166205367455875,2.9554362583906717,-1.2814269250058048,AM
Gordonia_fruticosa,-0.9717068502750227,3.4564510485116524,-1.2729656758128873,AM
Gordonia_fruticosa,-0.7545787423648969,3.49862603984511,-1.7479909093783643,AM
Gordonia_fruticosa,-0.6394730556998351,2.9398844488109592,-1.4208623568890772,AM
Gordonia_fruticosa,-0.9178676821068449,3.753814487099044,-1.6770544511445438,AM
Gordonia_fruticosa,-0.8321793892555026,3.513933576898243,-1.6074713424011557,AM
Hedyosmum_purpurascens,-0.17062874889645088,2.938336538673279,-2.3568658031625658,AM
Hedyosmum_purpurascens,-0.24628424375585237,2.783485725525486,-2.0492474927065385,AM
Hedyosmum_purpurascens,-0.2519341092434999,2.7107944329180023,-1.9658688218659612,AM
Hedyosmum_purpurascens,-0.20669337913302113,2.708296865344751,-2.059808520922895,AM
Hedyosmum_purpurascens,-0.2333201577657702,2.806695524037715,-2.0987534132563055,AM
Hedyosmum_purpurascens,-0.23086018812042464,2.671541416304799,-1.9691626522761396,AM
Hedyosmum_purpurascens,-0.12885662212500415,2.4323512935458433,-1.9330304841806831,AM
Ilex_laurina,-0.7711087220296571,2.938761514399918,-1.155996971634398,AM
Ilex_laurina,-0.7179939712851547,2.8217427868560803,-1.146264487266037,AM
Ilex_laurina,-0.693741084886211,2.8314451988672307,-1.2029084076637664,AM
Ilex_laurina,-0.8456104521948513,3.0698268278319794,-1.1388707451307678,AM
Ilex_laurina,-0.6881596390489063,2.4710724790667427,-0.8526029123243436,AM
Ilex_laurina,-0.7695036670360738,2.8840480408333673,-1.1043216239496096,AM
Ilex_laurina,-0.7585141855955442,2.960421319999996,-1.2029616823487623,AM
Ilex_laurina,-0.7186701377910312,2.8652047681678594,-1.185907796928297,AM
Miconia_jahnii,-0.8947449311605076,3.4848280728176553,-1.4540473059194643,AM
Miconia_jahnii,-0.8301130356331028,2.5835415284691075,-0.6813823385125227,AM
Miconia_jahnii,-0.6485562972320701,2.536092291714566,-0.99825031704235,AM
Miconia_jahnii,-0.7996746635259996,3.769374037753072,-1.9293029727593392,AM
Ocotea_rotundata,-0.3526037937567144,2.135618694386345,-1.1892281857784548,AM
Ocotea_rotundata,-0.3189663624915473,2.0436175752449888,-1.1645113060611525,AM
Ocotea_rotundata,-0.16397476518305784,1.8609631374069335,-1.2926358281699737,AM
Ocotea_rotundata,-0.2772038281641536,2.1102523792154515,-1.314320863050357,AM
Ocotea_rotundata,-0.3937836033343265,2.314292974489449,-1.286372337688095,AM
Ocotea_rotundata,-0.2404168799846667,1.9988499282496783,-1.2765011181304597,AM
Ocotea_rotundata,-0.2950424268580733,2.173052842843073,-1.3411369091716052,AM
Oreopanax_sessiliflorus,-0.3324005372511593,2.7865641901113416,-1.8802613470077665,AM
Oreopanax_sessiliflorus,-0.3915622029391729,2.9539091311774204,-1.9294451383510685,AM
Oreopanax_sessiliflorus,-0.35460251861064995,2.9788794841947035,-2.0286167858393296,AM
Oreopanax_sessiliflorus,-0.45287123050543465,2.878744731346278,-1.7317002401571562,AM
Oreopanax_sessiliflorus,-0.5104081159345162,2.7281855893671865,-1.4690618673542644,AM
Oreopanax_sessiliflorus,-0.38535181142765684,2.5746465237503164,-1.5642801517472913,AM
Oreopanax_sessiliflorus,-0.4281709456438024,2.6766923693570805,-1.5791742567183926,AM
Oreopanax_sessiliflorus,-0.47449369451860046,3.0762348905299524,-1.8857400625243919,AM
Siparuna_muricata,-0.3166303944076736,2.8296940633519534,-1.9548116844267873,AM
Siparuna_muricata,-0.372677686094507,3.0150458204855513,-2.0288775915991946,AM
Siparuna_muricata,-0.32675614547725135,3.0741703793114015,-2.1800649573558504,AM
Siparuna_muricata,-0.17685651736289631,2.5340865665654446,-1.939049676008892,AM
Siparuna_muricata,-0.35293891160686613,2.876105549974053,-1.932292247020512,AM
Siparuna_muricata,-0.21344077585282462,2.5760176222188047,-1.9075096914504217,AM
Siparuna_muricata,-0.4060152594136456,3.13394838827473,-2.080648541811514,AM
Siparuna_muricata,-0.5152612432640088,3.3174085869356715,-2.0457874395506015,AM
Weinmannia_elliptica,-0.9291227106895333,3.1802464876337058,-1.0793903240415195,AM
Weinmannia_elliptica,-0.8434315897198248,3.0393752948339046,-1.1113909126141521,AM
Weinmannia_elliptica,-0.8892310547002223,3.237126561938755,-1.217284911890206,AM
Weinmannia_elliptica,-0.8584936331479384,2.8482371737189274,-0.889580582709372,AM
Weinmannia_elliptica,-0.8870806020622635,3.2494226091859466,-1.2340736773946612,AM
Weinmannia_elliptica,-0.9563317814113389,3.255928196945122,-1.1018963643462734,AM
Weinmannia_elliptica,-0.8947738884119054,3.2191385379560953,-1.1891672560372575,AM
Grias_peruviana,-0.05424501485239577,1.4140528724505637,-1.0641055921295206,AM
Tapirira_guianensis,-0.4036168172505467,2.3679764347517134,-1.3188165140363912,AM
Clusia_ducuoides,-0.3506902082488289,2.042868493655775,-1.1157971145782106,AM
Clusia_ducuoides,-0.17282570702345199,1.861564857755838,-1.2763972820442708,AM
Clusia_ducuoides,-0.46327578721509405,2.461049807406888,-1.292620122374089,AM
Clusia_ducuoides,-0.20124834782671308,1.7996635020652194,-1.1562001640075656,AM
Miconia_jahnii,-0.7023668897621257,2.4120646549211218,-0.7660183744546805,AM
Pourouma_cecropiifolia,-1.012356395484518,3.5405238245835102,-1.2739951877213138,AM
Cecropia_angustifolia,-0.3319870547044637,2.6474172351676297,-1.744563775551355,AM
Cecropia_angustifolia,-0.8240216214374874,3.6061637065921337,-1.7173037638262618,AM
Cecropia_angustifolia,-0.7139623202738653,3.4629029572335925,-1.793921635024758,AM
Grias_peruviana,-0.2139360705632966,1.841186890623423,-1.1706228255163817,AM
Grias_peruviana,-0.13398864000331678,1.6156423166503984,-1.105931626789994,AM
Critoniopsis_pycnantha,-0.5734724171271636,2.8095210504064556,-1.4215879073775501,AM
Miconia_jahnii,-0.8989420935395421,2.75474624269817,-0.7163142404977296,AM
Miconia_jahnii,-0.6706032161250509,2.545103372225415,-0.9617082121912104,AM
Gordonia_fruticosa,-0.0034824396603026025,1.1752903163029047,-0.9273626777773802,AM
Clusia_elliptica,-0.10013461670764362,1.7838050515643191,-1.3422964155953936,AM
Carex_tibetikobresia,-0.018062142818408518,2.3145933494195186,-2.036852086039627,NMAM
Carex_pseuduncinoides,-0.40241974992220425,2.976556040252124,-1.9301249248449042,NMAM
Carex_atrofusca,-0.32767108066814415,2.901261789556445,-2.0042181204422485,NMAM
Carex_coriophora,-0.015926150550259255,2.7973892546163595,-2.5240959903134077,NMAM
Carex_pseuduncinoides,-0.38610375462954455,2.8024158598353974,-1.788220959145706,NMAM
Carex_atrofusca,-0.33072876199414714,3.0812061625477893,-2.1781589715736973,NMAM
Carex_coriophora,-0.32503785899554977,2.8104248745665146,-1.9188965763680605,NMAM
Carex_tibetikobresia,-0.006823225348125537,2.0983484598601136,-1.8432670265682727,NMAM
Carex_pseuduncinoides,-0.5617681025035653,3.269138220201873,-1.903936323427274,NMAM
Carex_atrofusca,-0.5289895943936619,3.2876040219186304,-1.988434950862684,NMAM
Carex_coriophora,-0.1755445725149309,3.0817136202445026,-2.488898671313538,NMAM
Carex_tibetikobresia,-0.22251874654536768,2.556092245718849,-1.8696291511332022,NMAM
Carex_pseuduncinoides,-0.33505324386779883,2.8858607898726056,-1.9739461711153412,NMAM
Carex_atrofusca,-0.4164249483445064,3.1832936911846486,-2.1087105711095773,NMAM
Carex_coriophora,-0.08196956286725067,2.357461997224691,-1.9522583815115373,NMAM
Carex_tibetikobresia,-0.018062142818408518,2.465569054547651,-2.187850842385494,NMAM
Carex_pseuduncinoides,-0.30381145438166457,2.8848055558517416,-2.0359392307390647,NMAM
Carex_atrofusca,-0.307068786251971,2.811259388111135,-1.9552546209580859,NMAM
Carex_coriophora,-0.42633130078954923,3.170107840672791,-2.076354367908362,NMAM
Carex_tibetikobresia,-0.3406609972426675,2.830599779316429,-1.9076817713732832,NMAM
Carex_pseuduncinoides,-0.43788499936427566,3.1029061487810994,-1.9857636169156374,NMAM
Carex_atrofusca,-0.2366088022677803,2.883003367863228,-2.1681804667490043,NMAM
Carex_coriophora,-0.2867491744031803,2.8236542695699396,-2.008545723544897,NMAM
Carex_tibetikobresia,-0.3716435596326537,3.102251703411262,-2.1168835963044503,NMAM
Carex_pseuduncinoides,-0.37658614855778766,2.999911742891492,-2.005315218265928,NMAM
Carex_atrofusca,-0.39779460180394477,3.090969607068726,-2.053466052815037,NMAM
Carex_coriophora,-0.23041996028498593,2.8787441417528083,-2.176463982566848,NMAM
Carex_tibetikobresia,-0.3077487346020951,3.0287433244848847,-2.1720743416663857,NMAM
Carex_pseuduncinoides,-0.5423162908573614,3.2463354891497693,-1.9198518742842323,NMAM
Carex_atrofusca,-0.4304752711123321,3.093358301528883,-1.9910872141853764,NMAM
Carex_coriophora,-0.3032695957934947,3.1913950738697876,-2.343292469083244,NMAM
Carex_tibetikobresia,-0.3812604194113469,2.518743068287007,-1.5146718851993892,NMAM
Carex_pseuduncinoides,-0.3883130492905988,3.079589098380084,-2.061108424958172,NMAM
Carex_atrofusca,-0.4381949327310833,2.989786859051561,-1.8721647986409078,NMAM
Carex_coriophora,-0.3092462503676215,2.9513742889495025,-2.0909553802544365,NMAM
Carex_tibetikobresia,-0.25941860717892157,2.6147912496897527,-1.8543197499740738,NMAM
Carex_pseuduncinoides,-0.47449369451860046,3.0704827588590664,-1.8798497378301724,NMAM
Carex_atrofusca,-0.43401891552622546,2.9969395604897513,-1.887218915972135,NMAM
Carex_coriophora,-0.377898580390359,2.920683326899516,-1.923513270133873,NMAM
Carex_tibetikobresia,-0.3340751120214915,2.9393185960349757,-2.029953708557043,NMAM
Carex_pseuduncinoides,-0.5493932169152491,3.452651589669082,-2.1127888580067897,NMAM
Carex_atrofusca,-0.5240797394444067,3.3691859150635723,-2.0789194859746325,NMAM
Carex_coriophora,-0.5514740222437997,3.356279823564821,-2.0125158121928264,NMAM
Carex_tibetikobresia,-0.5481814103097596,2.4803757716778563,-1.9149095246032257,NMAM
Carex_pseuduncinoides,-0.5933018455902291,3.392326905056466,-1.9636097275297142,NMAM
Carex_atrofusca,-0.5330712327133105,3.525912691118414,-2.217540515553911,NMAM
Carex_coriophora,-0.3930425881096072,3.132161458893705,-2.1046493085393854,NMAM
Carex_tibetikobresia,-0.26240426526751237,2.7828741646348236,-2.0163326144248206,NMAM
Carex_pseuduncinoides,-0.5672196239621546,3.3681132671729532,-1.9919720782944685,NMAM
Carex_atrofusca,-0.55095341485677,3.501849981957407,-2.1588783762648784,NMAM
Carex_coriophora,-0.5487005761949172,3.3111130574573737,-1.9716886795661854,NMAM
Carex_tibetikobresia,-0.7791408937269214,2.8270655000250735,-1.8047466649509445,NMAM
Carex_pseuduncinoides,-0.5332416630503228,3.4172375216980995,-2.109255802548157,NMAM
Carex_atrofusca,-0.5737654235398648,3.355127244562769,-1.966805460453389,NMAM
Carex_coriophora,-0.33659224382178904,3.0241935183598656,-2.1089153379344916,NMAM
Carex_tibetikobresia,-0.7145751279735658,2.729885258344711,-2.089010991157525,NMAM
Carex_pseuduncinoides,-0.4815904984976557,2.972056867883197,-1.7676395630417177,NMAM
Carex_atrofusca,-0.704410372838656,3.0831611028566113,-1.8987797348424515,NMAM
Carex_coriophora,-0.5492200117533023,3.317903640239453,-1.977673675866932,NMAM
Carex_tibetikobresia,-0.646454452567963,3.1167211348335706,-2.188287600346748,NMAM
Carex_pseuduncinoides,-0.7314722948816132,3.6375075455837433,-1.933972451749472,NMAM
Carex_atrofusca,-0.46776613430554376,3.140953756781567,-1.9637543612388637,NMAM
Carex_coriophora,-0.4334017268011871,3.178788885545336,-2.070727594636209,NMAM
Carex_tibetikobresia,-0.722781985689636,3.398759613050611,-2.110140530487108,NMAM
Carex_pseuduncinoides,-0.739819588758376,3.572926926742029,-1.8525156803269798,NMAM
Carex_atrofusca,-0.5104923459758703,3.1710635459730736,-1.9091683221495306,NMAM
Carex_coriophora,-0.5114925127536943,3.3095503792899232,-2.044490978808842,NMAM
Carex_tibetikobresia,-0.46840490788203853,3.1362150395516304,-1.9579048770449214,NMAM
Carex_pseuduncinoides,-0.5124936808666878,3.2161943425056827,-1.9499587395488591,NMAM
Carex_atrofusca,-0.4433227506644045,3.267785511418358,-2.139113103302453,NMAM
Carex_coriophora,-0.3437587186721861,3.0446062975404233,-2.1149864760729313,NMAM
Carex_tibetikobresia,-0.6630060236479585,2.790713583191429,-2.249662687828363,NMAM
Carex_pseuduncinoides,-0.49889705290071695,3.1990145931188136,-1.9601590938150986,NMAM
Carex_atrofusca,-0.365139236636599,3.168425271274852,-2.1959165282056157,NMAM
Carex_coriophora,-0.4152124595630444,3.1865754087595377,-2.1146702329261293,NMAM
Carex_tibetikobresia,-0.6380909748118669,2.9015884307141953,-2.0122039612819944,NMAM
Carex_pseuduncinoides,-0.5023615453538613,3.4377432671256787,-2.191014389532017,NMAM
Carex_atrofusca,-0.46633038387943954,3.3016849820199883,-2.127058578632162,NMAM
Carex_coriophora,-0.5212127166524776,3.4077173702666665,-2.122791980021804,NMAM
Theobroma_cacao,-1.0788096613719298,3.100092288878234,-0.6539264674066639,AM
Theobroma_cacao,-1.1394342831883648,3.295836866004329,-0.6931471805599453,AM
Theobroma_cacao,-0.8675005677047231,2.9338568698359038,-0.9942522733438669,AM
Theobroma_cacao,-0.7133498878774648,2.341805806147327,-0.7133498878774648,AM
Theobroma_cacao,-0.941608539858445,2.747270914255491,-0.6539264674066639,AM
Theobroma_cacao,-0.9942522733438669,2.975529566236472,-0.6931471805599453,AM
Theobroma_cacao,-1.0498221244986778,3.1441522786722644,-0.843970070294529,AM
Theobroma_cacao,-0.916290731874155,2.747270914255491,-0.6733445532637656,AM
Theobroma_cacao,-0.9675840262617056,2.5572273113676265,-0.3285040669720361,AM
Theobroma_cacao,-0.7985076962177716,2.509599262378372,-0.6931471805599453,AM
Theobroma_cacao,-0.6733445532637656,2.2617630984737906,-0.6733445532637656,AM
Theobroma_cacao,-0.6539264674066639,2.4336133554004498,-0.8915981192837836,AM
Theobroma_cacao,-1.2729656758128873,3.4436180975461075,-0.5621189181535413,AM
Theobroma_cacao,-1.0788096613719298,3.288401887516811,-0.7985076962177716,AM
Theobroma_cacao,-1.171182981502945,3.4719664525503626,-0.7765287894989963,AM
Theobroma_cacao,-0.8915981192837836,2.624668592163159,-0.4942963218147801,AM
Theobroma_cacao,-1.0216512475319814,3.077312260546414,-0.7133498878774648,AM
Theobroma_cacao,-1.2039728043259361,3.3032169733019514,-0.6348782724359695,AM
Theobroma_cacao,-1.171182981502945,3.3178157727231046,-0.616186139423817,AM
Theobroma_cacao,-1.1086626245216111,3.122364924487357,-0.579818495252942,AM
Theobroma_cacao,-1.2378743560016174,3.6189933266497696,-0.7985076962177716,AM
Theobroma_cacao,-1.171182981502945,3.4210000089583352,-0.7985076962177716,AM
Theobroma_cacao,-1.171182981502945,3.242592351485517,-0.5447271754416722,AM
Theobroma_cacao,-1.1086626245216111,3.139832617527748,-0.579818495252942,AM
Theobroma_cacao,-1.0216512475319814,2.7343675094195836,-0.342490308946776,AM
Theobroma_cacao,-1.2378743560016174,3.449987545831587,-0.616186139423817,AM
Theobroma_cacao,-1.1086626245216111,3.1441522786722644,-0.5447271754416722,AM
Theobroma_cacao,-1.0788096613719298,3.086486636822455,-0.579818495252942,AM
Theobroma_cacao,-1.1394342831883648,3.100092288878234,-0.4942963218147801,AM
Theobroma_cacao,-1.0788096613719298,3.2809112157876537,-0.7985076962177716,AM
Theobroma_cacao,-0.6931471805599453,2.4336133554004498,-0.7985076962177716,AM
Theobroma_cacao,-1.0216512475319814,3.0587070727153796,-0.7550225842780328,AM
Theobroma_cacao,-1.0216512475319814,2.970414465569701,-0.6539264674066639,AM
Theobroma_cacao,-0.7550225842780328,2.7536607123542622,-0.9942522733438669,AM
Theobroma_cacao,-0.916290731874155,3.005682604407159,-0.941608539858445,AM
Theobroma_cacao,-1.1086626245216111,3.3250360206965914,-0.8675005677047231,AM
Theobroma_cacao,-0.9675840262617056,2.9601050959108397,-0.7765287894989963,AM
Theobroma_cacao,-0.9942522733438669,3.068052935133617,-0.8209805520698302,AM
Theobroma_cacao,-0.916290731874155,2.772588722239781,-0.6931471805599453,AM
Theobroma_cacao,-0.9675840262617056,2.8094026953624978,-0.6348782724359695,AM
Theobroma_cacao,-1.0216512475319814,3.202746442938317,-0.941608539858445,AM
Theobroma_cacao,-1.0216512475319814,3.1612467120315646,-0.8675005677047231,AM
Theobroma_cacao,-1.0216512475319814,3.4965075614664802,-1.2039728043259361,AM
Theobroma_cacao,-1.0216512475319814,2.9652730660692823,-0.6931471805599453,AM
Theobroma_cacao,-1.0788096613719298,3.1780538303479458,-0.7765287894989963,AM
Theobroma_cacao,-1.0216512475319814,3.505557396986398,-1.2378743560016174,AM
Theobroma_cacao,-1.0216512475319814,3.288401887516811,-1.0216512475319814,AM
Theobroma_cacao,-1.1394342831883648,3.5115454388310208,-0.9942522733438669,AM
Theobroma_cacao,-0.916290731874155,2.72785282839839,-0.6539264674066639,AM
Theobroma_cacao,-1.1086626245216111,3.391147045808654,-0.916290731874155,AM
Theobroma_cacao,-0.9675840262617056,3.109060958860994,-0.916290731874155,AM
Theobroma_cacao,-0.843970070294529,2.6602595372658615,-0.7133498878774648,AM
Theobroma_cacao,-0.8915981192837836,2.791165107812717,-0.7550225842780328,AM
Theobroma_cacao,-1.1394342831883648,3.7864597824528,-1.2729656758128873,AM
Theobroma_cacao,-0.916290731874155,2.833213344056216,-0.7765287894989963,AM
Theobroma_cacao,-1.0498221244986778,2.9806186357439426,-0.6733445532637656,AM
Theobroma_cacao,-0.8209805520698302,2.517696472610991,-0.6348782724359695,AM
Theobroma_cacao,-0.916290731874155,3.152736022363656,-1.0788096613719298,AM
Theobroma_cacao,-1.1394342831883648,3.6027767550605247,-1.1086626245216111,AM
Theobroma_cacao,-1.0216512475319814,3.0349529867072724,-0.7339691750802004,AM
Theobroma_cacao,-0.9675840262617056,3.0155349008501706,-0.8486320834003402,AM
Theobroma_cacao,-0.9675840262617056,2.533696813957432,-0.5327304591540407,AM
Theobroma_cacao,-0.9675840262617056,2.5649493574615367,-0.5041810810473222,AM
Theobroma_cacao,-1.171182981502945,3.2771447329921766,-0.6931471805599453,AM
Theobroma_cacao,-1.0498221244986778,2.8094026953624978,-0.5464528014091419,AM
Theobroma_cacao,-1.2729656758128873,3.481240089335692,-0.6520052372287701,AM
Theobroma_cacao,-1.2378743560016174,3.5380565643793527,-0.7298111649315367,AM
Theobroma_cacao,-1.1086626245216111,3.391147045808654,-0.8347107448817322,AM
Theobroma_cacao,-1.1086626245216111,3.1135153092103742,-0.6311117896404926,AM
Theobroma_cacao,-1.0788096613719298,3.2188758248682006,-0.7874578600311866,AM
Theobroma_cacao,-1.171182981502945,3.1945831322991562,-0.5887871652357024,AM
Theobroma_cacao,-1.171182981502945,3.095577608523707,-0.5242486440981314,AM
Theobroma_cacao,-1.2378743560016174,3.490428515390098,-0.7550225842780328,AM
Theobroma_cacao,-1.0788096613719298,3.2108436531709366,-0.843970070294529,AM
Theobroma_cacao,-1.171182981502945,3.1441522786722644,-0.6198967188203526,AM
Theobroma_cacao,-1.2039728043259361,3.380994674344636,-0.6812186096946715,AM
Theobroma_cacao,-0.9942522733438669,2.8273136219290276,-0.6871651088823978,AM
Theobroma_cacao,-1.0788096613719298,3.0349529867072724,-0.6386589952758756,AM
Theobroma_cacao,-1.0498221244986778,3.0349529867072724,-0.7614260213132397,AM
Theobroma_cacao,-0.916290731874155,2.995732273553991,-0.991553216374702,AM
Theobroma_cacao,-1.1394342831883648,3.1441522786722644,-0.5225608799844117,AM
Theobroma_cacao,-1.2039728043259361,3.104586678466073,-0.43232256227804705,AM
Theobroma_cacao,-1.1086626245216111,3.0819099697950434,-0.5533852381847867,AM
Theobroma_cacao,-1.0498221244986778,2.91235066461494,-0.6443570163905132,AM
Theobroma_cacao,-0.941608539858445,2.5952547069568657,-0.4620354595965587,AM
Theobroma_cacao,-1.1086626245216111,3.0349529867072724,-0.6792442753909539,AM
Theobroma_cacao,-1.1394342831883648,3.3178157727231046,-0.7465479572870606,AM
Theobroma_cacao,-0.941608539858445,2.624668592163159,-0.5361434317502807,AM
Theobroma_cacao,-1.1086626245216111,3.039749158970765,-0.6124892775424908,AM
Theobroma_cacao,-0.8915981192837836,2.533696813957432,-0.5108256237659907,AM
Theobroma_cacao,-1.1394342831883648,3.417726683613366,-0.8915981192837836,AM
Theobroma_cacao,-0.941608539858445,2.9496883350525844,-0.8209805520698302,AM
Theobroma_cacao,-1.0498221244986778,3.349904087274605,-0.9675840262617056,AM
Theobroma_cacao,-1.0788096613719298,3.1484533605716547,-0.7339691750802004,AM
Theobroma_cacao,-0.9675840262617056,2.9601050959108397,-0.7985076962177716,AM
Theobroma_cacao,-0.9675840262617056,3.044522437723423,-0.8675005677047231,AM
Theobroma_cacao,-1.2039728043259361,3.742420221041966,-1.1086626245216111,AM
Theobroma_cacao,-1.0216512475319814,3.190476350346503,-0.8915981192837836,AM
Theobroma_cacao,-1.0498221244986778,3.5467396869528134,-1.2039728043259361,AM
Theobroma_cacao,-1.0498221244986778,3.2771447329921766,-0.941608539858445,AM
Theobroma_cacao,-0.7550225842780328,2.2082744135228043,-0.4462871026284195,AM
Theobroma_cacao,-1.1394342831883648,3.517497837358316,-0.9942522733438669,AM
Theobroma_cacao,-1.0498221244986778,3.2308043957334744,-0.916290731874155,AM
Theobroma_cacao,-0.941608539858445,2.8678989020441064,-0.7339691750802004,AM
Theobroma_cacao,-0.941608539858445,2.970414465569701,-0.8209805520698302,AM
Theobroma_cacao,-1.0498221244986778,3.1945831322991562,-0.843970070294529,AM
Theobroma_cacao,-0.8915981192837836,2.5877640352277083,-0.5621189181535413,AM
Theobroma_cacao,-0.9942522733438669,3.044522437723423,-0.8209805520698302,AM
Theobroma_cacao,-0.941608539858445,2.928523523860541,-0.8209805520698302,AM
Theobroma_cacao,-0.7765287894989963,2.785011242238338,-1.0216512475319814,AM
Theobroma_cacao,-0.843970070294529,2.509599262378372,-0.5978370007556204,AM
Theobroma_cacao,-0.8915981192837836,2.5649493574615367,-0.527632742082372,AM
Theobroma_cacao,-1.0788096613719298,3.091042453358316,-0.6733445532637656,AM
Theobroma_cacao,-1.0216512475319814,3.095577608523707,-0.8209805520698302,AM
Theobroma_cacao,-0.843970070294529,2.833213344056216,-0.916290731874155,AM
Theobroma_cacao,-1.171182981502945,3.4781584227982836,-0.8915981192837836,AM
Theobroma_cacao,-1.1086626245216111,3.370738174177447,-0.916290731874155,AM
Theobroma_cacao,-0.8675005677047231,2.5649493574615367,-0.579818495252942,AM
Theobroma_cacao,-1.0498221244986778,3.261935314328648,-0.8915981192837836,AM
Theobroma_cacao,-1.2039728043259361,3.673765816303888,-1.0498221244986778,AM
Theobroma_cacao,-0.2876820724517809,1.4469189829363254,-0.7339691750802004,AM
Theobroma_cacao,-0.15082288973458366,1.1249295969854831,-0.7339691750802004,AM
Theobroma_cacao,-0.030459207484708574,0.9242589015233319,-0.7765287894989963,AM
Theobroma_cacao,-0.12783337150988489,1.1969481893889715,-0.8675005677047231,AM
Theobroma_cacao,-0.21072103131565253,1.0438040521731147,-0.4620354595965587,AM
Theobroma_cacao,-0.01005033585350145,0.9400072584914712,-0.7985076962177716,AM
Theobroma_cacao,-0.05129329438755058,1.1410330045520618,-0.8675005677047231,AM
Theobroma_cacao,-0.3011050927839216,1.2499017362143359,-0.5978370007556204,AM
Theobroma_cacao,-0.040821994520255166,1.091923300517313,-0.9942522733438669,AM
Theobroma_cacao,-0.342490308946776,1.410986973710262,-0.5978370007556204,AM
Theobroma_cacao,-0.040821994520255166,0.8241754429663494,-0.6348782724359695,AM
Theobroma_cacao,-0.06187540371808753,0.8415671856782185,-0.579818495252942,AM
Theobroma_cacao,-0.1743533871447778,1.1151415906193203,-0.6733445532637656,AM
Theobroma_cacao,-0.11653381625595151,1.1019400787607843,-0.8209805520698302,AM
Theobroma_cacao,-0.342490308946776,1.3506671834767394,-0.527632742082372,AM
Theobroma_cacao,-0.3285040669720361,1.3937663759585917,-0.8209805520698302,AM
Theobroma_cacao,-0.10536051565782628,1.0577902941478545,-0.7765287894989963,AM
Theobroma_cacao,-0.2613647641344075,1.308332819650179,-0.6931471805599453,AM
Theobroma_cacao,-0.40047756659712525,1.545432582458188,-0.527632742082372,AM
Theobroma_cacao,-0.37106368139083207,1.4609379041156563,-0.5621189181535413,AM
Theobroma_cacao,-0.16251892949777494,1.1378330018213911,-0.7550225842780328,AM
Theobroma_cacao,-0.01005033585350145,0.6471032420585384,-0.5978370007556204,AM
Theobroma_cacao,-0.08338160893905101,0.9001613499442714,-0.7765287894989963,AM
Theobroma_cacao,-0.01005033585350145,0.5933268452777344,-0.4780358009429998,AM
Theobroma_cacao,-0.13926206733350766,0.6043159668533296,-0.5108256237659907,AM
Theobroma_cacao,-0.19845093872383832,0.636576829071551,-0.4942963218147801,AM
Theobroma_cacao,-0.10536051565782628,0.6471032420585384,-0.4942963218147801,AM
Theobroma_cacao,-0.37106368139083207,0.8109302162163288,-0.4307829160924542,AM
Theobroma_cacao,-0.030459207484708574,0.688134638736401,-0.579818495252942,AM
Theobroma_cacao,-0.18632957819149348,1.0508216248317612,-0.6539264674066639,AM
Theobroma_cacao,-0.15082288973458366,0.7975071958841882,-0.5621189181535413,AM
Theobroma_cacao,-0.342490308946776,0.9202827531436925,-0.3856624808119846,AM
Theobroma_cacao,-0.1743533871447778,0.9783261227936078,-0.7985076962177716,AM
Theobroma_cacao,-0.1743533871447778,0.7275486072772777,-0.4942963218147801,AM
Theobroma_cacao,-0.2876820724517809,1.2947271675944,-0.7985076962177716,AM
Theobroma_cacao,-0.21072103131565253,0.8671004876833833,-0.5447271754416722,AM
Theobroma_cacao,-0.01005033585350145,0.5596157879354227,-0.4307829160924542,AM
Theobroma_cacao,-0.21072103131565253,0.9516578757114463,-0.616186139423817,AM
Theobroma_cacao,-0.05129329438755058,0.7371640659767196,-0.6539264674066639,AM
Theobroma_cacao,-0.37106368139083207,0.9400072584914712,-0.4780358009429998,AM
Theobroma_cacao,-0.16251892949777494,1.0296194171811581,-0.8209805520698302,AM
Theobroma_cacao,-0.6539264674066639,1.1505720275988207,-0.5978370007556204,AM
Theobroma_cacao,-0.4942963218147801,1.0438040521731147,-0.40047756659712525,AM
Theobroma_cacao,-0.9942522733438669,0.4762341789963717,-0.8051966843685682,AM
Theobroma_cacao,-0.843970070294529,0.3293037471426003,-0.6217571844732723,AM
Theobroma_cacao,-0.6931471805599453,0.37843643572024505,-0.5293290953305504,AM
Theobroma_cacao,-0.6348782724359695,0.7793248768009977,-0.6424540662444271,AM
Theobroma_cacao,-0.40047756659712525,0.7030975114131134,-0.4604494164409239,AM
Theobroma_cacao,-1.0498221244986778,0.8241754429663494,-0.6180397080731398,AM
Theobroma_cacao,-0.9942522733438669,0.8372475245337022,-0.7215466550816433,AM
Theobroma_cacao,-1.0788096613719298,1.0543120297715298,-0.8324092478934529,AM
Theobroma_cacao,-0.9942522733438669,1.0224509277025455,-0.770028224895903,AM
Theobroma_cacao,-0.7765287894989963,0.959350221334602,-0.6558513958162484,AM
Theobroma_cacao,-0.941608539858445,0.3220834991691132,-0.7528971849657193,AM
Theobroma_cacao,-0.916290731874155,0.2700271372130602,-0.6311117896404926,AM
Theobroma_cacao,-0.916290731874155,0.371563556432483,-0.7721903879003982,AM
Theobroma_cacao,-1.0788096613719298,0.5364933705145685,-0.8818893051568227,AM
Theobroma_cacao,-0.7765287894989963,0.0769610411361284,-0.5960204698292225,AM
Theobroma_cacao,-0.616186139423817,0.8197798314933114,-0.7423374247507171,AM
Theobroma_cacao,-0.8209805520698302,0.4824261492442928,-0.8915981192837836,AM
Theobroma_cacao,-0.7339691750802004,0.7747271675523681,-0.7743572359854884,AM
Theobroma_cacao,-0.6539264674066639,0.8878912573524571,-0.8722738464573808,AM
Theobroma_cacao,-0.8209805520698302,0.8544153281560676,-1.018877320649256,AM
Theobroma_cacao,-0.9942522733438669,0.13976194237515863,-0.7962879394794586,AM
Theobroma_cacao,-0.8675005677047231,0.4885800148186709,-0.5208759596194922,AM
Theobroma_cacao,-0.5978370007556204,0.7371640659767196,-0.8533159327127666,AM
Theobroma_cacao,-0.7985076962177716,0.6780335427498971,-0.7721903879003982,AM
Theobroma_cacao,-0.5978370007556204,0.08617769624105241,-0.623621117911335,AM
Theobroma_cacao,-0.7985076962177716,0.5653138090500605,-0.6753072624316143,AM
Theobroma_cacao,-1.0498221244986778,0.9631743177730056,-0.9755100915341263,AM
Theobroma_cacao,-0.2744368457017603,0.6043159668533296,-0.7940730991499059,AM
Theobroma_cacao,-0.9942522733438669,0.8372475245337022,-0.7721903879003982,AM
Theobroma_cacao,-0.8915981192837836,0.35065687161316933,-0.6443570163905132,AM
Theobroma_cacao,-0.15082288973458366,1.0508216248317612,-0.4942963218147801,AM
Theobroma_cacao,-0.23572233352106983,1.3609765531356006,-0.6539264674066639,AM
Theobroma_cacao,-0.18632957819149348,1.208960345836975,-0.5978370007556204,AM
Theobroma_cacao,-0.13926206733350766,1.1019400787607843,-0.579818495252942,AM
Theobroma_cacao,-0.10536051565782628,1.172482137234565,-0.7133498878774648,AM
Theobroma_cacao,-0.020202707317519466,1.000631880307906,-0.7133498878774648,AM
Theobroma_cacao,-0.020202707317519466,1.0331844833456545,-0.7339691750802004,AM
Theobroma_cacao,-0.15082288973458366,1.169381359556317,-0.6348782724359695,AM
Theobroma_cacao,-0.08338160893905101,1.2584609896100056,-0.843970070294529,AM
Theobroma_cacao,-0.020202707317519466,0.9162907318741551,-0.6348782724359695,AM
Theobroma_cacao,-0.15082288973458366,1.1631508098056809,-0.616186139423817,AM
Theobroma_cacao,-0.030459207484708574,1.0818051703517284,-0.7765287894989963,AM
Theobroma_cacao,0.0,0.8628899551470398,-0.6348782724359695,AM
Theobroma_cacao,0.0,1.0986122886681098,-0.8675005677047231,AM
Theobroma_cacao,-0.08338160893905101,0.8712933659434193,-0.4462871026284195,AM
Theobroma_cacao,-0.31471074483970024,1.2864740258376797,-0.4155154439616658,AM
Theobroma_cacao,-0.2484613592984996,1.3164082336557241,-0.5621189181535413,AM
Theobroma_cacao,-0.3285040669720361,1.3217558399823195,-0.4155154439616658,AM
Theobroma_cacao,-0.1743533871447778,1.172482137234565,-0.579818495252942,AM
Theobroma_cacao,-0.19845093872383832,1.1378330018213911,-0.4942963218147801,AM
Theobroma_cacao,-0.3856624808119846,1.5539252025038417,-0.527632742082372,AM
Calocedrus_decurrens,-0.35574680336591036,2.7367866063683692,-1.7774025133095543,AM
Calocedrus_decurrens,-0.4639420378671402,2.465638701025774,-1.2951776671540902,AM
Calocedrus_decurrens,-0.4579169681105885,2.156607529174136,-1.0039516688731263,AM
Cryptomeria_japonica,-0.46018531978027466,3.0623115205246716,-1.8622644905804095,AM
Cryptomeria_japonica,-0.4982385082605192,2.9507339829366352,-1.7121874618549873,AM
Cryptomeria_japonica,-0.26155958830620923,2.5700133568226575,-1.7672566404991599,AM
Callitropsis_nootkatensis,-0.9565052729108082,4.021967281685485,-1.8369844049838937,AM
Callitropsis_nootkatensis,-1.0941223843907777,3.6816252801011995,-1.2415091919521852,AM
Callitropsis_nootkatensis,-0.7720460974449659,2.92445291003531,-1.0658320652460316,AM
Juniperus_chinensis,-0.4727808148582149,2.891738779762524,-1.665715015918603,AM
Juniperus_chinensis,-0.4265355382168091,2.8287150743469116,-1.72019346069952,AM
Juniperus_chinensis,-0.4262802483326011,2.6129476528742908,-1.444789531079145,AM
Juniperus_communis,-0.6070306476572218,3.222537611536613,-1.350551913200613,AM
Juniperus_communis,-0.5235169304469519,3.835144869943249,-2.0762681342676736,AM
Juniperus_communis,-0.3495101964365087,2.733259782480212,-1.6423353012087674,AM
Metasequoia_glyptostroboides,-0.452661543463303,2.829242237285616,-1.6461666758747648,AM
Metasequoia_glyptostroboides,-0.3471490312853284,2.508477966481355,-1.5127470044555964,AM
Metasequoia_glyptostroboides,-0.141909246182693,1.9528746190213195,-1.3784115879740344,AM
Microbiota_decussata,-0.8682151086425919,3.2846993479120696,-1.236874104695651,AM
Microbiota_decussata,-0.8444352947737269,3.079900822994128,-0.9366673879933596,AM
Microbiota_decussata,-0.6570081339440722,2.544592498545845,-0.877902466070584,AM
Platycladus_orientalis,-0.7353590300646651,2.774759466344068,-1.0069451010546948,AM
Platycladus_orientalis,-0.6231858898756045,2.573324831971339,-1.0507564780138612,AM
Platycladus_orientalis,-0.40296822840833035,2.159418267522773,-1.0508155063104794,AM
Sequoiadendron_giganteum,-0.5516476182862459,2.982325264411238,-1.651207324362528,AM
Sequoiadendron_giganteum,-0.4898798592505281,2.8862488738111294,-1.6566907960749684,AM
Sequoiadendron_giganteum,-0.42342543348515715,2.435808582721336,-1.340683848593953,AM
Taxodium_distichum,-0.5916742116293116,3.449676325344023,-1.942463917139939,AM
Taxodium_distichum,-0.5502019051527156,3.1595074495436126,-1.7140141024224023,AM
Taxodium_distichum,-0.31676765334687745,2.81531803267606,-1.8452381350643974,AM
Thuja_occidentalis,-0.47406519906491734,2.7701211189594956,-1.5122919459904034,AM
Thuja_occidentalis,-0.47016364204710104,2.5769282333856003,-1.3410220611949693,AM
Thuja_occidentalis,-0.4259739852500652,2.3686881686401677,-1.1530128593264528,AM
Ginkgo_biloba,-0.2727715659448324,3.0670591331038333,-2.2684197811061475,AM
Ginkgo_biloba,-0.10524941071909748,2.7078963606027004,-2.2021363292643614,AM
Ginkgo_biloba,-0.07576575613395012,2.5732686864482766,-2.1678214037090338,AM
Cedrus_libani,-0.7978412516746112,2.8359752054270135,-0.9415067937527042,EcM
Cedrus_libani,-0.6919478999844632,2.5115949517787097,-0.8540987108346221,EcM
Cedrus_libani,-0.5791044645192851,2.268309119783093,-0.835881789734187,EcM
Larix_decidua,-1.024340045221941,3.5095726661342486,-1.1876532719158008,EcM
Larix_decidua,-0.9606781034499516,3.227382229404894,-1.0370991741488296,EcM
Larix_decidua,-0.7653595139572809,2.97343561882533,-1.1847378838964433,EcM
Pinus_strobus,-0.511325748807673,2.716792274913997,-1.1391217445336588,EcM
Pinus_strobus,-0.5104923459758703,3.2901861406855133,-1.9143965760992838,EcM
Pinus_strobus,-0.2817883638563993,2.5714897042272886,-1.611082218564767,EcM
Pinus_sylvestris,-1.0302062569379304,3.815572523486389,-1.4203999694757892,EcM
Pinus_sylvestris,-0.9696036089835423,3.4364696529168173,-1.1798223451782517,EcM
Pinus_sylvestris,-0.74894181817734,3.3158601098488725,-1.4269027034653972,EcM
Pseudotsuga_menziesii,-0.7313337612525694,3.0280315057344884,-1.006992294686588,EcM
Pseudotsuga_menziesii,-0.6673494870891165,2.73279670492335,-1.105924800028167,EcM
Pseudotsuga_menziesii,-0.4281709456438024,2.3209401996080703,-1.1428178698168039,EcM
Tsuga_canadensis,-0.9932617721602748,3.224223477053995,-0.8954530056738117,EcM
Tsuga_canadensis,-0.819996188986906,3.0429633935215294,-0.98062600166868,EcM
Tsuga_canadensis,-0.5995961234687442,2.699717217364465,-1.1094288210054877,EcM
Cephalotaxus_harringtonii,-0.05822957591749717,2.521910755035262,-2.100334903770996,AM
Cephalotaxus_harringtonii,-0.07404130806812916,2.2312924192737977,-1.8410274244214417,AM
Taxus_cuspidata,-0.714370817011572,3.4207442059821056,-1.556841283006775,AM
Taxus_cuspidata,-0.7995452720912749,3.3606035309067988,-1.3245723012383683,AM
Taxus_cuspidata,-0.7716854656115647,3.0499989343033125,-1.183288732283008,AM
Torreya_californica,-0.0013676017410947023,1.681373187761984,-1.4327932386924795,AM
Torreya_nucifera,-0.03190354901300828,2.0397136214888096,-1.6505343664899284,AM
Torreya_nucifera,-0.02778238101245161,1.7754902934827557,-1.379094792324245,AM
Torreya_nucifera,-0.0030379428791036207,1.3272651300686802,-1.0027591626493966,AM
Agathis_moorei,-0.5203149503479588,3.0487445207452804,-1.501589695173426,AM
Agathis_moorei,-0.6642358364178569,2.6750724584456154,-1.2916497409330572,AM
Agathis_moorei,-0.42890434018316587,2.1111962646168934,-0.9730012069360126,AM
Araucaria_luxurians,-0.5942072327050416,3.2776089139227826,-1.6537732695075897,AM
Araucaria_luxurians,-0.6597124044737079,2.7000836549397156,-1.181540141874214,AM
Araucaria_luxurians,-0.4444658449380113,3.4339604815474467,-1.656845324545949,AM
Araucaria_rulei,-1.5940579280724443,4.512327689198015,-1.251761905226443,AM
Araucaria_rulei,-1.287354413264987,3.3274467948181825,-0.9012594399044325,AM
Araucaria_rulei,-0.6056451836106398,2.273973560495817,-0.872006284169238,AM
Cycas_nathorstii,-0.1441270107393119,2.4585957728055012,-1.6619240653630176,AM
Cycas_panzhihuaensis,-0.1251853658009316,2.3311586391563965,-1.7074493929682155,AM
Cycas_panzhihuaensis,-0.04064839813064701,1.940159118679383,-1.4675791395106608,AM
Gnetum_gnemon,-1.5781743796057635,3.862195068668967,-1.233054939791141,AM
Gnetum_gnemon,-1.2691645983553401,3.237474485334153,-1.0226216571159827,AM
Gnetum_gnemon,-0.747847632723035,2.5392911972839305,-0.8228141593734335,AM
Dacrydium_balansae,-1.242925612835538,3.202916278921874,-0.9259737665041418,AM
Dacrydium_balansae,-0.922249308987702,2.5960137270371857,-0.8018536432160226,AM
Dacrydium_balansae,-0.16529951527521952,1.82792245138566,-0.6410879199993975,AM
Nageia_nagi,-1.2415587730689375,3.7835426294287173,-1.2642097213096035,AM
Nageia_nagi,-0.9545443400242706,3.2043794279978455,-0.9796619532379427,AM
Nageia_nagi,-0.4550359341648094,3.3160249161107282,-1.164367777210214,AM
Dioon_rzedowskii,-0.5132359328952943,2.46397409626555,-1.3097749100629037,AM
Dioon_rzedowskii,-0.15230978298476555,3.0502933453863172,-1.587500071232415,AM
Encephalartos_gratus,-0.01063973476744631,1.975897955932498,-1.5446506675433465,AM
Zamia_lucayana,-1.2698455484766438,4.475247834304932,-1.5816879976706717,AM
Zamia_lucayana,-1.0936247471570706,3.9676347305170423,-1.4909536649064574,AM
Zamia_lucayana,-1.003302107954694,3.5818963099284167,-1.477358343195311,AM
Chamaecyparis_pisifera,-0.8097612921743144,3.382659913933994,-1.8577639667841634,AM
Chamaecyparis_pisifera,-0.7864742077120576,3.2208880354139735,-1.6907324725146602,AM
Chamaecyparis_pisifera,-0.6106444470788105,2.7007101950449663,-1.4483941559692317,AM
Juniperus_chinensis,-0.9149067125708743,3.5468765199538637,-1.8112955865211806,AM
Juniperus_chinensis,-0.9397104986890173,2.9611467930523,-1.2367606143731746,AM
Juniperus_chinensis,-0.8628933757028899,2.441463064782303,-1.0423594312206148,AM
Metasequoia_glyptostroboides,-0.5930353779284694,3.154746012944306,-1.6324587144039442,AM
Metasequoia_glyptostroboides,-0.6305096777131834,3.0035628320486794,-1.6567100079530406,AM
Metasequoia_glyptostroboides,-0.38529090867699084,2.205178397786327,-1.4212052026469175,AM
Taxodium_distichum,-0.8328836845586622,3.6423584007642194,-1.9819397579221154,AM
Taxodium_distichum,-0.6577090315215752,3.3489991077286767,-1.936059835084855,AM
Taxodium_distichum,-0.2895165380553678,2.8074276697768132,-1.8557532299745159,AM
Thuja_occidentalis,-0.6910043261133494,2.9473681287004423,-1.5376906058887372,AM
Thuja_occidentalis,-0.6432982209218385,2.5669718807816597,-1.2733448512622416,AM
Thuja_occidentalis,-0.23324164714658469,2.0372596526094897,-1.1374084116525554,AM
Ephedra_distachya,-1.5753257111132801,4.361918012726114,-1.9373099777723597,AM
Ephedra_distachya,-1.4386956248683402,3.8807637846160343,-1.6973667738202125,AM
Ephedra_distachya,-1.0235057883524632,2.939205413712414,-1.3415036775544835,AM
Ginkgo_biloba,-0.25976531277014714,3.0956284194500046,-2.2206897271673274,AM
Ginkgo_biloba,-0.3369877798908101,2.918215135484621,-2.161689167733626,AM
Ginkgo_biloba,-0.2483630718211797,2.5376279989364625,-1.8552973839392484,AM
Larix_decidua,-0.8665362399610741,3.330727532122775,-1.4950513761345228,EcM
Larix_decidua,-0.7238360804013051,3.004821124529012,-1.333846923412045,EcM
Larix_decidua,-0.48502904353642545,2.485404878151634,-1.3062852072400457,EcM
Picea_abies,-1.2629668171414563,4.2059172447535245,-1.837585280735544,EcM
Picea_abies,-1.0437421081716838,3.8043469463009005,-1.7251904440847277,EcM
Picea_abies,-0.7309875973207378,2.7275267144447004,-1.4027127075602248,EcM
Pinus_resinosa,-1.1145396879490816,3.2919842646272386,-1.389686351420021,EcM
Pinus_resinosa,-0.8632819927037214,3.07815063159582,-1.2735796892805809,EcM
Pinus_resinosa,-0.4894421731003358,2.2891612811413213,-1.0511238857079777,EcM
Pinus_strobus,-0.8642093753391646,2.8795019011419396,-1.0870012267014755,EcM
Pinus_strobus,-0.5738461385473221,2.519180641654778,-1.1632252285746887,EcM
Pinus_strobus,-0.02376427687734161,1.7384330262360095,-1.0768252668798095,EcM
Tsuga_canadensis,-0.9840873976719225,3.4298853368653,-1.5894684167082904,EcM
Tsuga_canadensis,-0.8326736069711661,2.8483334180249638,-1.2898042231945852,EcM
Tsuga_canadensis,-0.6146389905797596,2.1230555592337614,-1.061937641877362,EcM
Sciadopitys_verticillata,-0.47741418934481766,3.3745953227138354,-2.0783531661753885,AM
Sciadopitys_verticillata,-0.6394576834605682,3.3131161918995806,-1.7475999930208928,AM
Sciadopitys_verticillata,-0.5762404754356901,2.9076998811418298,-1.5183584558954588,AM
Cephalotaxus_harringtonii,-0.46793978922943047,3.0887893971322478,-2.07743385443332,AM
Cephalotaxus_harringtonii,-0.5911900588826956,2.991131511761532,-1.8293421410239072,AM
Cephalotaxus_harringtonii,-0.44340322438059493,1.9978292669530449,-1.0479176990685086,AM
Taxus_cuspidata,-0.6097897768738391,3.505452867199026,-1.9759351879182618,AM
Taxus_cuspidata,-0.6530806771112152,3.260107705037855,-1.824026003790233,AM
Taxus_cuspidata,-0.5871800015595431,2.5440104804935086,-1.4150071769089065,AM
Alchornea_tiliifolia,-0.5602493213253279,1.992282480921859,-0.5578408575567112,AM
Ficus_maclellandii,-0.29943981391456126,1.634587174305292,-0.7028457237542866,AM
Phoebe_lanceolata,-0.08581209605094717,1.8134699518808355,-1.1414038590300837,AM
Lithocarpus_fenestratus,-0.2144316107121882,1.2386788973813891,-0.5252616823860282,EcM
Phoebe_lanceolata,-0.009915665124031466,1.4104524989528526,-1.0419214911436305,AM
Phoebe_lanceolata,-0.28910530743704654,2.065009989724252,-1.240757978613343,AM
Aporosa_yunnanensis,-0.483805100100161,2.4323728652579706,-1.0747942134960853,AM
Phoebe_lanceolata,-0.022927504984768726,1.4912774707940373,-1.1833113629096608,AM
Glochidion_eriocarpum,-0.4246479275249383,2.6492385524812527,-1.506608243167956,AM
Goniothalamus_griffithii,-0.04016249016606776,1.563336282844511,-1.227552847884155,AM
Litsea_szemaois,-0.2286168361982117,1.9748262545202604,-1.2545953868488795,AM
Ficus_langkokensis,-0.6115057521371136,2.238349266733091,-0.7384731172005269,AM
Ficus_langkokensis,-0.31905808082603604,2.4105056602216894,-0.989502062669373,AM
Barringtonia_fusicarpa,-0.20276919165479648,1.8992922853817567,-1.2155377816193644,AM
Ficus_langkokensis,-0.10436101532474273,1.4300246394400666,-0.8689551942086783,AM
Micromelum_integerrimum,-0.384878474989588,2.1636860926173163,-1.0571169385026598,AM
Baccaurea_ramiflora,-0.2736476834879777,2.0001781878145426,-1.1951186086629677,AM
Baccaurea_ramiflora,-0.08581209605094717,2.0146764124685945,-1.1960534718481104,AM
Castanopsis_indica,-0.3843398264932162,1.7181393465436068,-0.6748381760062026,EcM
Litsea_panamanja,-0.04047483291281995,1.381602761256302,-0.8601037559772926,AM
Ficus_vasculosa,-0.7598569467449849,2.8804750084519317,-1.1082432579226222,AM
Castanopsis_indica,-0.5319357715947052,1.9945699209145138,-0.6498421024849046,EcM
Ficus_simplicissima,-0.34762081795182814,1.8658217585645234,-0.5947015976368734,AM
Ficus_vasculosa,-0.6006895508654343,2.1498843710030133,-0.6970651578188082,AM
Choerospondias_axillaris,-0.333842363969756,1.9926039145948171,-0.805274510663175,AM
Castanopsis_indica,-0.6262364752773185,2.3177439221779483,-0.7245463306832908,EcM
Ficus_vasculosa,-0.3631242676186394,2.0790887392023603,-1.0044262067888259,AM
Choerospondias_axillaris,-0.6483012934055401,2.583934624414569,-0.9434719235980364,AM
Ficus_maclellandii,-0.39923455885442266,2.7667675011363366,-1.5026702168185602,AM
Ficus_maclellandii,-0.5831573971156856,2.9237423238831526,-1.2801848788076244,AM
Monoon_simiarum,-0.04109981123274453,1.7462203033075308,-0.9327319256236739,AM
Castanopsis_indica,-0.36389139571859686,1.685512505235416,-0.4496031273788477,EcM
Phoebe_puwenensis,-0.2725526574261936,1.713442520284264,-0.9154505873943842,AM
Toxicodendron_acuminatum,-0.605930268527423,2.52095067919055,-0.899035680228222,AM
Cinnamomum_glanduliferum,-0.15591334390722808,1.3944693608167504,-0.7462679458610079,AM
Litsea_szemaois,-0.2174928802197143,1.2669803066145433,-0.5414579063647897,AM
Lindera_metcalfiana,-0.3841440268939328,1.7177853793681093,-0.6508392550621488,AM
Machilus_rufipes,-0.13246529482307148,1.6343526381116311,-1.0023356642037256,AM
Castanopsis_indica,-0.3826767469664678,1.5933434502197197,-0.461068644573176,EcM
Litsea_umbellata,-0.15938658512052828,1.513943642466221,-0.9427495238665382,AM
Litsea_szemaois,-0.2817000007742335,1.7508740963105427,-0.9369087728797506,AM
Croton_kongensis,-0.3506455388173857,1.7514263406100565,-0.722708576764854,AM
Croton_kongensis,-0.30146551854029247,1.787687492974203,-0.8751988113871917,AM
Castanopsis_indica,-0.22260203171241913,1.296720991209159,-0.365074954017567,EcM
Lithocarpus_fenestratus,-0.06361450337350474,0.8766540083925755,-0.432513121265307,EcM
Alchornea_tiliifolia,-0.3453582669052138,2.21792940537003,-1.0992310450583682,AM
Alchornea_tiliifolia,-0.5087167373642538,2.1499544476954062,-0.8077141099348096,AM
Engelhardia_roxburghiana,-0.19455609446229716,2.22091545464456,-0.8186009424061976,EcM
Castanopsis_hystrix,-0.5718739458515419,2.1303003669555993,-0.7225840942701985,EcM
Castanopsis_fleuryi,-0.7743572359854884,2.3511754076710885,-0.535652584714032,EcM
Aporosa_yunnanensis,-0.6229372715636768,2.1277292847759828,-0.5890635619883244,AM
Castanopsis_echinocarpa,-0.2996197100248239,1.7776736603812056,-0.8741956944170259,EcM
Castanopsis_hystrix,-0.6766834545292802,2.3380323156712732,-0.6619657595542165,EcM
Castanopsis_echinocarpa,-0.8906229851255774,2.7305607214893954,-0.6667888906147977,EcM
Castanopsis_hystrix,-0.797175250983993,2.770991168079403,-0.8158851240223529,EcM
Castanopsis_hystrix,-0.3092916642053537,1.4993694658405545,-0.5747315556969776,EcM
Castanopsis_echinocarpa,-0.36168748576227666,1.7646227988852787,-0.6781997658541918,EcM
Castanopsis_hystrix,-0.3401456415191377,1.8130054891356702,-0.745703470084918,EcM
Castanopsis_echinocarpa,-0.13589609146516474,1.1456530721344391,-0.5935893312541644,EcM
Aporosa_yunnanensis,-0.419766892819024,1.962232651685908,-0.8793967137623533,AM
Castanopsis_echinocarpa,-0.47358336164920894,2.2781045139229787,-0.9612451933905704,EcM
Castanopsis_echinocarpa,-0.516955484700499,2.2226155709340434,-0.8717956282860349,EcM
Lithocarpus_variolosus,-0.4328363043904218,2.3579625002273072,-1.2357246131829884,EcM
Glochidion_eriocarpum,-0.5093267476422548,2.636189838002316,-1.2985709426919443,AM
Castanopsis_hystrix,-0.6339353209280992,2.8549743696237373,-1.2006042675551127,EcM
Aporosa_yunnanensis,-0.4965940415192663,2.5140405268101533,-1.2550575415156824,AM
Canarium_subulatum,-0.6225023409906133,3.0321642291389854,-1.5260588212982191,AM
Acer_laurinum,-0.36269301626429545,2.136735558123947,-1.1330491801643099,AM
Acer_laurinum,-0.6892215618934182,2.8373455740336673,-1.2044340340093285,AM
Lepisanthes_senegalensis,-0.594992564548109,2.4716926582834877,-1.0310363669805471,AM
Imbralyx_leptobotrys,-0.7533927068671636,3.0030105991646803,-1.1439646799559864,AM
Castanopsis_echinocarpa,-0.6673494870891165,2.8911736779389874,-1.1365371121692083,EcM
Castanopsis_fleuryi,-0.6525172051141727,2.687842864522275,-1.1293515817648843,EcM
Litsea_salicifolia,-0.2617977578626635,2.071326936519503,-1.2680478915322686,AM
Ficus_simplicissima,-0.9718034418044138,3.415503526032112,-1.1424628490426607,AM
Castanopsis_calathiformis,-0.41895569879745453,1.9015820043045208,-0.7712935607328995,EcM
Machilus_tenuipilis,-0.0697074120674221,1.6596000116415617,-1.1060422123176572,AM
Phoebe_lanceolata,-0.31699646057822206,1.6683537448423356,-0.7052306242013885,AM
Canarium_album,-0.49593701127224005,2.249327388731999,-0.93796299805639,AM
Castanopsis_echinocarpa,-0.4892815936575603,2.0268398224672075,-0.6447970312781047,EcM
Litsea_umbellata,-0.2895059573858255,2.1168701538250896,-1.2747683675428396,AM
Canarium_album,-0.5875866842995727,3.0097732618912323,-1.4339805940457,AM
Castanopsis_hystrix,-0.6541187935924669,2.721846968488885,-1.0500371133214044,EcM
Canarium_subulatum,-0.22769556226370438,1.855180271732066,-1.1178244785467724,AM
Machilus_rufipes,-0.2817883638563993,2.0765667598263495,-1.2059911364552514,AM
Actinodaphne_henryi,-0.22920354227488565,1.8855144281819156,-1.0885568762074944,AM
Actinodaphne_henryi,-0.12688685028428356,1.5847972138261748,-0.9668958446919186,AM
Castanopsis_fleuryi,-0.752543389809138,2.8428153795498905,-1.0734941110336322,EcM
Castanopsis_hystrix,-0.44910356513799393,1.4786647608201708,-0.28389345035250807,EcM
Lithocarpus_elegans,-0.5982007032509918,2.502389445380292,-0.9693760467612137,EcM
Castanopsis_hystrix,-0.7087347032245193,2.8531479464956577,-1.1153176108099652,EcM
Acer_laurinum,-0.5200906333887411,2.928799239323475,-1.3258053607349205,AM
Garcinia_cowa,-0.6215089229277295,2.842268966681805,-1.3324408847967018,AM
Actinodaphne_henryi,-0.38905056684006983,2.332931159048504,-1.307173638959789,AM
Castanopsis_echinocarpa,-0.6599703352204765,2.6615596951906313,-1.025527578582779,EcM
Engelhardia_spicata,-0.30069976953308447,2.0303939014225305,-1.1430478291887036,EcM
Lithocarpus_elegans,-0.4633590859972656,1.6567341563077067,-0.47308337158746405,EcM
Croton_kongensis,-0.5636405436597265,2.6749605397543634,-1.2977070419131207,AM
Lithocarpus_elegans,-0.26692129909541784,1.721344385805558,-0.41318427083413856,EcM
Planchonella_grandifolia,-0.2162506954708435,1.9248314071110777,-1.224993185984077,AM
Litsea_umbellata,-0.18761554565718744,1.6999440863673265,-1.040355279671532,AM
Canarium_subulatum,-0.464419250951835,2.5397642144441193,-1.340457979836993,AM
Croton_kongensis,-0.6220675994999184,2.616424627059825,-1.045507613970874,AM
Myrsine_seguinii,-0.4397460420850386,1.9399551333791776,-0.781014513593633,AM
Lithocarpus_elegans,-0.5245302158303259,2.3135425511776506,-0.7480030449496939,EcM
Machilus_rufipes,-0.053049221441309295,1.649327536624195,-1.2602189508788395,AM
Castanopsis_hystrix,-0.6762900634935225,2.749001003966314,-0.7408564043559805,EcM
Ficus_simplicissima,-0.8537072463551661,3.4849017425245337,-1.1564700335712685,AM
Canarium_album,-0.6094189644161121,2.9090364362310295,-1.3735732032489265,AM
Litsea_szemaois,-0.14521846922788315,1.7606958117462965,-1.198167689987649,AM
Gironniera_subaequalis,-0.8804410789804578,3.1305639879560934,-1.0564695468786354,AM
Gironniera_subaequalis,-0.5982007032509918,2.6361441318006604,-1.0774886930584011,AM
Gironniera_subaequalis,-0.6641063124231158,2.7223306411760744,-1.0586194563678581,AM
Litsea_martabanica,-0.35934517297207497,2.302191094286748,-1.273858888894661,AM
Castanopsis_echinocarpa,-0.8619603881183737,3.40466635115732,-1.3812279530671578,EcM
Acronychia_pedunculata,-0.45350055714672133,2.4728567091543807,-1.2465604921822655,AM
Machilus_rufipes,-0.3516874024276933,2.2004726048902508,-1.2414423066776628,AM
Litsea_panamanja,-0.05150384286711561,1.8197836147126214,-1.2813926510972748,AM
Machilus_rufipes,-0.20854233602641006,2.1892073863735177,-1.4909571025010426,AM
Engelhardia_roxburghiana,-0.2969246538187135,2.274519256121874,-1.3262914628864564,EcM
Engelhardia_roxburghiana,-0.30938249943111995,2.26564414278133,-1.3921669550943405,EcM
Engelhardia_spicata,-0.5245302158303259,2.8277080547810494,-1.456619774332054,EcM
Engelhardia_spicata,-0.6169889300925523,3.190654588370627,-1.712493891133811,EcM
Engelhardia_spicata,-0.6615193222337222,3.10553504924811,-1.5167878357507718,EcM
Engelhardia_roxburghiana,-0.22527081233038385,2.2637839270985043,-1.4578211688848544,EcM
Cleidion_brevipetiolatum,-0.10587916902412227,1.8891365956680872,-1.4092009451093095,AM
Cleidion_brevipetiolatum,-0.17379798545647274,2.0328074171419126,-1.4305472176556597,AM
Garcinia_cowa,-0.41299337402517766,2.2461465170556765,-1.1475562711669742,AM
Harpullia_cupanioides,-0.5381968205621227,2.2828692823271934,-0.9164888214926081,AM
Cleidion_brevipetiolatum,-0.342490308946776,2.2559787636056567,-1.3233039602022758,AM
Garcinia_cowa,-0.31658464607176756,1.8343330005916765,-0.9119805615182105,AM
Celtis_timorensis,-0.6650133406680019,2.2196722510144196,-0.6344902137782068,AM
Cryptocarya_acutifolia,-0.040127790743798054,1.3859927823995994,-1.047559879591096,AM
Cryptocarya_acutifolia,-0.026788974747831016,1.5529852086281208,-1.2261746037352934,AM
Baccaurea_ramiflora,-0.5124936808666878,2.676725734852997,-1.0900162417703516,AM
Baccaurea_ramiflora,-0.28364578522972433,2.345936106049314,-1.527063881331156,AM
Celtis_tetrandra,-0.1511330157256547,1.9370024174680234,-1.3088706566585762,AM
Litsea_elongata,-0.5771435048036392,2.6035445014665233,-1.1981294566505023,AM
Cryptocarya_acutifolia,-0.0444047936284373,1.5010038518279707,-1.149184228557545,AM
Celtis_timorensis,-0.9783434571638471,3.1300985493790243,-0.8921770819722924,AM
Phoebe_lanceolata,-0.14406284506184988,1.7034952459359616,-1.1115155721274015,AM
Celtis_timorensis,-0.9058454740126164,3.4690481830129873,-1.3903300857124044,AM
Planchonella_grandifolia,-0.12326051004181054,1.6534446883260894,-1.1317422336260767,AM
Baccaurea_ramiflora,-0.15958206982446516,1.952348482860648,-1.3714451149182236,AM
Cryptocarya_acutifolia,-0.09901035070112575,1.7306582003647129,-1.2672468452556769,AM
Harpullia_cupanioides,-0.3114739792327768,2.2250872786889726,-1.2862803308777597,AM
Litsea_elongata,-0.06628226243780425,1.5236949764511094,-1.0456969988266835,AM
Engelhardia_spicata,-0.11447601027264934,1.5593713675973224,-1.0806975422982241,EcM
Harpullia_cupanioides,-0.3934871313487574,2.0629789350294443,-0.8941188326383294,AM
Lithocarpus_bacgiangensis,-0.4544978011603485,2.2173534045824512,-0.8599248999609633,EcM
Engelhardia_spicata,-0.4049652330665133,2.1690863030380503,-1.1078196193442842,EcM
Antiaris_toxicaria,-0.2972835757123686,1.8513567313343178,-0.9718379931412621,AM
Castanopsis_indica,-0.25855486236185793,1.5781590499487341,-0.4590533391125957,EcM
Castanopsis_indica,-0.18866161213760932,1.0530514093910373,-0.3755743828038353,EcM
Symplocos_cochinchinensis,-0.35791380672672274,1.7132621282073606,-0.7282270468653785,AM
Baccaurea_ramiflora,-0.25300156455240014,2.202556422530905,-1.3386976440633362,AM
Symplocos_cochinchinensis,-0.41390058642503036,2.811973492247501,-0.778048049512004,AM
Symplocos_cochinchinensis,-0.809306534351448,2.9495031388472337,-1.0821762631981624,AM
Ficus_langkokensis,-0.6407445017668969,2.488486099241702,-0.8112368627275648,AM
Glochidion_lanceolarium,-0.5430618955488544,2.4335347795064277,-0.8537946411720934,AM
Harpullia_cupanioides,-0.4846165469547861,1.8747476198992192,-0.6402972057283473,AM
Xanthophyllum_flavescens,-0.4183477344456611,2.0521665541557517,-0.7346713194425364,AM
Castanopsis_indica,-0.44321889720084245,2.289755329623162,-0.9162443554495581,EcM
Garcinia_cowa,-0.46171804965896285,2.3856600909327477,-1.1344290179537948,AM
Garcinia_xanthochymus,-0.281125834294097,1.7291020442081653,-0.8145896199242211,AM
Barringtonia_fusicarpa,-0.2998896155595258,1.4387075295144043,-0.533858215786569,AM
Castanopsis_boisii,-0.5775591441527883,2.5172038650094644,-1.0868720250572257,EcM
Castanopsis_ferox,-0.20219778720677722,1.4254675491054074,-0.7447469555921016,EcM
Phoebe_puwenensis,-0.19548785373101493,1.4865583170529082,-0.8374714391907181,AM
Semecarpus_reticulata,-0.10903392102413513,1.9425789848836132,-1.064578535331453,AM
Castanopsis_boisii,-0.35519984243610275,1.5416931983887505,-0.5182457197150006,EcM
Barringtonia_fusicarpa,-0.09937844398027885,1.3711953242184771,-0.8781278520677944,AM
Celtis_tetrandra,-0.7301570068856482,2.5117223046893056,-0.6054933761376821,AM
Barringtonia_fusicarpa,-0.14452493448455178,1.5367218649497683,-0.9354821114702788,AM
Horsfieldia_amygdalina,-0.16165655674218962,1.2818418658645108,-0.6767830483140733,AM
Gironniera_subaequalis,-0.38610375462954455,2.344428776612201,-1.2687862219107402,AM
Lithocarpus_bacgiangensis,-0.30720473894064476,1.5587178025870063,-0.6683810701827975,EcM
Pseuduvaria_trimera,-0.0865751081687126,1.1719895530866142,-0.7281021137437229,AM
Canarium_album,-0.3791153322983851,2.4005057661301366,-1.3538358138077344,AM
Castanopsis_boisii,-0.3744025826563466,2.04187102399475,-0.9237592116691042,EcM
Castanopsis_indica,-0.5080516963292487,2.330421345508002,-0.9643153531463403,EcM
Artocarpus_lakoocha,-0.24453744357620544,1.9822398245462034,-1.1761407023295931,AM
Cryptocarya_acutifolia,-0.021359838780879666,1.5776026875374938,-1.268345419226708,AM
Glochidion_lanceolarium,-0.4158185201876559,2.232034393437084,-1.0941683814665923,AM
Castanopsis_indica,-0.35619886728121014,1.7941206871908557,-0.8375138357713922,EcM
Garuga_floribunda,-0.12246899802385922,1.7580540746916145,-1.14744927068348,AM
Lepisanthes_senegalensis,-0.3893457262282811,2.0384134786633017,-0.8693026810121116,AM
Lepisanthes_senegalensis,-0.07289332552032483,1.4092583013924762,-0.8334941373226563,AM
Micromelum_integerrimum,-0.4695237444088849,2.4506021402115503,-1.1741245617756322,AM
Ficus_simplicissima,-0.5880667041094378,2.6606142974079634,-1.155822079474891,AM
Ficus_simplicissima,-0.8075110674232331,2.8459047179611576,-0.8210599302201923,AM
Ficus_langkokensis,-0.4581277601644333,2.430381669827015,-1.2579578832292475,AM
Phoebe_lanceolata,-0.377558155341396,2.486115060199286,-1.4384906062026437,AM
Litsea_mollis,-0.033453376259219576,1.7474382780566475,-1.3062807689471292,AM
Celtis_tetrandra,-0.8154654857714994,2.993112105910819,-0.9298357731640636,AM
Celtis_tetrandra,-0.9308968842635172,3.328838906809283,-1.1256295275597479,AM
Gironniera_subaequalis,-0.2067372081516294,1.7991485851799525,-0.9186261167638117,AM
Antiaris_toxicaria,-0.4044656082745814,2.1991712310425,-1.093777920081474,AM
Antiaris_toxicaria,-0.32776360090693263,1.9427392522142488,-0.822776167768672,AM
Phoebe_lanceolata,-0.17165860822994397,1.6796741856965713,-1.078728891104524,AM
Castanopsis_indica,-0.4860788126443862,1.9611527337984913,-0.7399295235520318,EcM
Ficus_langkokensis,-0.46909737282016967,2.2106904754602055,-0.862341832603651,AM
Phoebe_puwenensis,-0.49031518656883455,1.8498491287407886,-0.4418016289855962,AM
Canarium_album,-0.6345009851272119,3.106867194049769,-1.5845271675387491,AM
Canarium_subulatum,-0.3772664542355833,2.3516356013662225,-1.351467417218369,AM
Lithocarpus_bacgiangensis,-0.36010940638736716,1.6639746329039553,-0.6951338406629454,EcM
Ficus_langkokensis,-0.8681356907812631,3.657842381501455,-1.655980048313644,AM
Alseodaphnopsis_andersonii,-0.18032355413128162,1.3272188234777798,-0.6442685707781323,AM
Planchonella_grandifolia,-0.2735162169788815,1.6985036535220197,-0.9072509094674313,AM
Acronychia_pedunculata,-0.7794315484302137,2.9324794167956716,-1.1218998236674895,AM
Machilus_rufipes,-0.44696441476500715,2.2746160704648,-1.0979507025644661,AM
Alchornea_tiliifolia,-0.3350066449255862,2.1328963429460996,-0.9676363539465646,AM
Cryptocarya_yunnanensis,-0.04800047640490667,1.5208918755470486,-1.1682594012669696,AM
Alchornea_tiliifolia,-0.41951332332714975,2.8004288226309377,-1.6706147676408294,AM
Acer_laurinum,-0.342490308946776,2.0563724733841373,-1.0616238661842547,AM
Ficus_fistulosa,-0.6562368265398482,2.9705252127703368,-1.2586490460115025,AM
Cryptocarya_yunnanensis,-0.04971559224593286,1.557967661548567,-1.07821702819014,AM
Canarium_subulatum,-0.14225504758087126,1.7681610792909932,-1.088391544874866,AM
Baccaurea_ramiflora,-0.26700836452579807,2.2636572565481945,-1.2397702175291496,AM
Pometia_pinnata,-0.5037948427330365,2.1822688685098934,-0.9292192587788664,AM
Pometia_pinnata,-0.664689308391423,2.551226001492623,-0.9772982835613754,AM
Pometia_pinnata,-0.7248442673031998,3.0546574559055606,-1.3343757850616753,AM
Semecarpus_reticulata,-0.4452459775997176,1.878293014226938,-0.6646676984389406,AM
Planchonella_grandifolia,-0.44264789975482177,2.026641552402654,-0.857921873556687,AM
Ficus_fistulosa,-0.5735287937469254,2.3197846450315738,-0.8211984303490333,AM
Cinnamomum_contractum,-0.36797666417877556,2.0728991110775477,-0.9814112116501436,AM
Xanthophyllum_flavescens,-0.45491799182769477,2.2125997981821084,-1.0191518486333242,AM
Cryptocarya_acutifolia,-0.130640338038792,1.6052344888142605,-1.0754466168684538,AM
Semecarpus_reticulata,-0.2473508645875964,2.233812916116533,-1.496772397869069,AM
Mitrephora_tomentosa,-0.28555101144282674,2.0703646858812372,-1.2416632212466685,AM
Cryptocarya_chinensis,-0.3166761448365858,1.6265561389679677,-0.7120702702027916,AM
Castanopsis_indica,-0.46214128583087777,2.2167390403501757,-0.8618026862681254,EcM
Cryptocarya_chinensis,-0.6980927236229315,2.8642652115891405,-1.2047960297496878,AM
Xanthophyllum_flavescens,-0.02672050104197031,1.1445164297366441,-0.6068065397969075,AM
Croton_kongensis,-0.05091441880154958,1.919763891041336,-1.09488813594147,AM
Cryptocarya_chinensis,-0.16228366305744735,1.7780189863478495,-1.1373413280727407,AM
Goniothalamus_griffithii,-0.0833091474340146,1.7868215708497752,-1.3639688601240256,AM
Xanthophyllum_flavescens,-0.32351652546099696,1.6922746030841447,-0.7396912608653424,AM
Mitrephora_tomentosa,-0.23800341422123372,2.0595699222762556,-1.2808538630607418,AM
Pometia_pinnata,-0.4401083135341132,1.772925591642313,-0.5801857073098946,AM
Lithocarpus_variolosus,-0.4058651881295041,1.945308017953618,-0.7420389818942589,EcM
Acer_laurinum,-0.46373001677013803,2.3986300764004307,-1.1974010622704165,AM
Acer_laurinum,-0.4425441163495852,2.230679999459057,-1.0330253604263775,AM
Cinnamomum_contractum,-0.15962117088215677,1.9401031836489107,-1.3395281866936501,AM
Cryptocarya_brachythyrsa,-0.11533603163924813,1.8677904879038763,-1.3755119132058362,AM
Lindera_metcalfiana,-0.07095908894049391,1.8454062125309119,-1.2207485739811492,AM
Cryptocarya_yunnanensis,-0.06678103369035121,1.335591515541024,-0.8876838048522151,AM
Cinnamomum_contractum,-0.3733367948408337,2.542068971814756,-1.1480044996813787,AM
Garuga_floribunda,-0.38649616205116705,2.1472384993968974,-1.0646435845472042,AM
Castanopsis_ferox,-0.6211986812473612,2.6874195913631524,-1.117381364942206,EcM
Ailanthus_fordii,-0.41163409675059937,2.0349220082216983,-0.9413632263605181,AM
Croton_kongensis,-0.2375805995347051,1.4287564746293775,-0.6514511527580872,AM
Engelhardia_spicata,-0.3517347852133527,2.050927435202344,-1.096899928593804,EcM
Gironniera_subaequalis,-0.06549898223269568,1.88213424645981,-1.4701238834006254,AM
Mitrephora_tomentosa,-0.11893369703834764,1.494386537493002,-0.9744089950456515,AM
Lindera_metcalfiana,-0.35462941888088645,1.8973708466174457,-0.9052940328136079,AM
Beilschmiedia_purpurascens,-0.09831134509902024,1.624055395761867,-1.145153129662706,AM
Acronychia_pedunculata,-0.26314123332963907,2.023468995861555,-0.9129135061263661,AM
Garuga_floribunda,-0.13696585507315742,2.429416253738454,-1.7507902548251786,AM
Acronychia_pedunculata,-0.47101747581452585,2.3069096267042775,-1.1096370476024648,AM
Aporosa_yunnanensis,-0.41622276526653235,2.3052340264698525,-1.0590863797840915,AM
Engelhardia_serrata,-0.7731287782674005,3.1568839054262496,-1.2544277870370355,EcM
Pometia_pinnata,-0.3673989077830327,1.7560072889537477,-0.7415929561379365,AM
Harpullia_cupanioides,-0.21212118762037488,1.437545208181566,-0.7584200704802759,AM
Litsea_elongata,-0.10181126614668479,1.7399288915823328,-1.2295030109335927,AM
Baccaurea_ramiflora,-0.08334537807365765,1.688994597340781,-1.1891979651349924,AM
Antiaris_toxicaria,-0.49725150373887284,2.837829795943556,-1.2339192738674056,AM
Garcinia_cowa,-0.4336074135401737,2.3277602213500814,-1.0108169702908423,AM
Ficus_fistulosa,-0.40741701133243285,1.7336788316234062,-0.5697696826863152,AM
Canarium_subulatum,-0.4357696878576358,2.100187062057686,-0.49202034659932387,AM
Pometia_pinnata,-0.6944814042406388,2.567625389844676,-0.8177476675678335,AM
Harpullia_cupanioides,-0.3228718093439483,2.0595063464094108,-1.0593522234045174,AM
Antiaris_toxicaria,-0.2525723620050218,1.5609977694101196,-0.7997685262856071,AM
Baccaurea_ramiflora,-0.5320492602176173,2.429831155751904,-0.9801495507283354,AM
Monoon_simiarum,-0.49774488422746027,2.313325417660508,-1.0298130199209594,AM
Castanopsis_indica,-0.5813076982082848,2.5668979968607233,-0.9966950003195771,EcM
Garcinia_cowa,-0.2452613565678288,1.6492855989984694,-0.8137806383122382,AM
Harpullia_cupanioides,-0.02658356564070874,1.445518887730888,-1.0784527721232984,AM
Barringtonia_fusicarpa,-0.26088868656822706,1.9838459067870837,-1.1538946255591078,AM
Castanopsis_indica,-0.5022513762450438,2.093557640097863,-0.7643685132230932,EcM
Beilschmiedia_purpurascens,-0.05720547377077918,1.537276408558215,-1.1726251015034692,AM
Castanopsis_indica,-0.037632641127438436,0.6666846699612309,-0.32800504983513407,EcM
Ficus_langkokensis,-0.4623000453899436,1.9912380650580683,-0.7894749655488456,AM
Beilschmiedia_purpurascens,-0.11968484294597978,1.7572184201864796,-1.2753012439872446,AM
Phoebe_lanceolata,-0.37357891876153415,2.426327307200899,-1.4255171433953124,AM
Phoebe_lanceolata,-0.15303463616906182,1.612785081807434,-1.058487797506775,AM
Harpullia_cupanioides,-0.29741820447382333,1.8024558367431576,-0.7397728107242372,AM
Castanopsis_indica,-0.3102458410726437,1.754105214271588,-0.7489814072874698,EcM
Barringtonia_fusicarpa,-0.24543176469669287,2.0431977300450996,-1.2212216744375637,AM
Barringtonia_fusicarpa,-0.259461813556244,2.0792938599004187,-1.3136631170783164,AM
Garcinia_cowa,-0.6401120713130348,2.720500486312018,-0.997321757773295,AM
Goniothalamus_griffithii,-0.2608454184982213,1.6547491680219228,-0.7237481712912996,AM
Goniothalamus_griffithii,-0.48331854785351064,1.8003120515735378,-0.5265859664144235,AM
Pometia_pinnata,-0.6975568890486454,2.634207966867809,-0.9784072550847431,AM
Castanopsis_indica,-0.26071562422196665,1.6758241990885314,-0.8286856626129969,EcM
Phoebe_lanceolata,-0.659261185205263,3.0037208338682926,-1.401807144567809,AM
Phoebe_lanceolata,-0.7004403773825408,3.013536881628674,-1.3548419393158615,AM
Castanopsis_indica,-0.5868670872432868,2.446061383412423,-0.873838812004209,EcM
Castanopsis_indica,-0.15973848440262867,1.4115278939718814,-0.6913180564279057,EcM
Ficus_simplicissima,-0.19019245117452388,1.554889687133265,-0.8016642818852788,AM
Baccaurea_ramiflora,-0.3002946105026247,2.282221466097012,-1.401143221803755,AM
Litsea_glutinosa,-0.08164398904051029,1.8102357038555816,-1.3853479610977026,AM
Lindera_metcalfiana,-0.22945509350870782,2.0090168374397943,-1.210157288887589,AM
Litsea_umbellata,-0.09592370167038157,1.578342151464369,-1.1085118480101728,AM
Litsea_panamanja,-0.2375383270091772,2.166003548353164,-1.4431737677683187,AM
Baccaurea_ramiflora,-0.07375418858866198,1.5654212543643002,-1.1563245204251296,AM
Glochidion_lanceolarium,-0.5897485876144812,2.6243251099915055,-1.1498423692642203,AM
Baccaurea_ramiflora,-0.37512990831209136,2.3243438078636793,-1.321653056514721,AM
Aporosa_yunnanensis,-0.4104776504342213,1.8295581063257074,-0.7399376720082186,AM
Phoebe_lanceolata,-0.33281891812331055,2.2504340054386875,-1.2676241777620907,AM
Alchornea_tiliifolia,-0.6060524737090116,2.6482297794967504,-1.0063172005971424,AM
Lindera_metcalfiana,-0.15482312770299442,1.8750929687632005,-1.204949094075054,AM
Litsea_panamanja,-0.2484186255962127,2.082733951370884,-1.2697790798357107,AM
Litsea_panamanja,-0.17427402481786006,1.8624350810907184,-1.224239404841045,AM
Phoebe_lanceolata,-0.3691331793429342,2.2608337944086623,-1.2263024079390865,AM
Aporosa_yunnanensis,-0.5472014978472743,2.6014733808605865,-1.2586663537357743,AM
Ficus_langkokensis,-0.5122711129823329,2.4742071436731132,-1.1875637555064829,AM
Aporosa_yunnanensis,-0.49812879242303726,2.5134045407566408,-1.2349964494261043,AM
Barringtonia_fusicarpa,-0.24402676180517438,2.0652012859392888,-1.2902973009082979,AM
Ficus_langkokensis,-0.7274626116650064,3.228951064751594,-1.4052938619684707,AM
Ailanthus_fordii,-0.0526977886490787,1.8490217669589224,-0.9911877090566515,AM
Engelhardia_spicata,-0.650854268369694,2.5619833030679477,-0.5480336859274259,EcM
Castanopsis_indica,-0.053365615952857416,0.9732967644157744,-0.544307367021835,EcM
Castanopsis_indica,-0.2735162169788815,1.6106638558582804,-0.7490126059639496,EcM
Litsea_mollis,-0.16208764957115732,1.7685659512045642,-1.1724173656222914,AM
Lithocarpus_fohaiensis,-0.16633010398225445,1.2616628728791348,-0.5030283483480308,EcM
Agouticarpa_curviflora,-0.2876820724517809,1.205970806988609,-0.7444404749474959,AM
Kutchubaea_oocarpa,-0.6753072624316143,3.2208738275308737,-1.4696759700589417,AM
Cordiera_myrciifolia,-0.6088060321261943,2.6034301519721073,-0.7657178733947807,AM
Allantoma_lineata,-0.9238189982949466,2.8414149131696336,-0.8651224452997557,AM
Amaioua_glomerulata,-0.6772738314036552,2.2460147415056513,-0.7011793522572096,AM
Alibertia_edulis,-0.33267943838251673,1.8764069432883397,-1.018877320649256,AM
Amaioua_guianensis,-0.7830718880879323,2.8148097376737438,-0.7985076962177716,AM
Aniba_guianensis,-0.42159449003804794,2.647592232065096,-1.4653375684603434,AM
Aniba_hostmanniana,-0.17197526473981037,1.9501867058225735,-1.2801341652915,AM
Aniba_terminalis,-0.2382571891242579,1.776645831418007,-0.941608539858445,AM
Blepharocalyx_eggersii,-0.6405547304407747,1.8164520818184267,-0.4992264879226388,AM
Alibertia_claviflora,-0.4668087383492164,1.888583653863595,-0.7940730991499059,AM
Brosimum_lactescens,-0.43850496218636453,2.2945529212967815,-1.0729445419195318,AM
Brosimum_rubescens,-0.2984060358147566,2.1138429683971682,-1.1086626245216111,AM
Brosimum_utile,-0.29169009384931976,2.211565694606877,-1.07587280169862,AM
Calycolpus_goetheanus,-0.843970070294529,3.0027078872904163,-0.959720289801491,AM
Myrcia_crebra,-0.8029620465671519,2.6748380668960965,-0.7052197617942145,AM
Myrcia_cuspidata,-1.0788096613719298,2.8713021951758138,-0.5344354894051245,AM
Myrcia_neospeciosa,-0.9238189982949466,3.2445435716167785,-1.0384583658483626,AM
Syzygium_borbonicum,-0.9493305859523552,3.2534704696327,-0.7339691750802004,AM
Catostemma_sclerophyllum,-0.23319388716771114,1.8531680973566984,-1.0996127890016931,AM
Chomelia_tenuiflora,-0.7465479572870606,2.372111155642656,-0.6051363032372319,AM
Chromolucuma_rubriflora,-0.7614260213132397,3.1557230098629323,-1.7092582477163114,AM
Chrysophyllum_sanguinolentum,-0.5656338602609858,2.2375130962503307,-0.9263410677276565,AM
Corythophora_alta,-0.7985076962177716,2.4915511925066687,-0.5242486440981314,NMAM
Couepia_magnoliifolia,-1.3280254529959148,3.1467351470905185,-0.3930425881096072,AM
Endlicheria_anomala,-0.40346710544549125,2.3978952727983707,-1.1907275775759154,AM
Endlicheria_arenosa,-1.4784096500276962,4.299731391947051,-1.3664917338237108,AM
Endlicheria_bracteolata,-0.5008752929128226,2.995232148512309,-1.7092582477163114,AM
Endlicheria_citriodora,-0.1839228381609285,2.3664984187376983,-1.7486999797676082,AM
Endlicheria_longicaudata,-0.14502577205025774,1.8229350866965048,-1.248273063222516,AM
Endlicheria_macrophylla,-0.6254885320861304,2.8909271591878647,-1.3509272172825992,AM
Eschweilera_albiflora,-0.8675005677047231,2.4973291697865574,-0.7174398731289899,AM
Eschweilera_atropetiolata,-0.25877072895736086,1.4182774069729414,-0.5905905922348531,AM
Eschweilera_bracteosa,-0.37106368139083207,1.7732559976634952,-0.7423374247507171,AM
Eschweilera_coriacea,-0.3667252797922339,1.673351238177753,-0.6753072624316143,AM
Eschweilera_decolorans,-0.16016875215282134,1.091923300517313,-0.8698843590599994,AM
Eschweilera_grandiflora,-0.45098562340997367,2.075684492802124,-0.7550225842780328,AM
Eschweilera_ovata,-0.6772738314036552,2.5764217586237734,-0.8940401229393353,AM
Eschweilera_parviflora,-0.22690060019192196,1.3635373739972745,-0.8556661100577202,AM
Eschweilera_pedicellata,-0.4185503476568198,1.8468787684491346,-0.7215466550816433,AM
Eschweilera_tenuifolia,-0.5533852381847867,1.8325814637483102,-0.7236063880446539,AM
Eschweilera_truncata,-0.4845083154486173,2.3532782073095637,-0.908818717035454,AM
Eschweilera_wachenheimii,-0.8278220838865469,2.7750856024383683,-0.7194911558995473,AM
Eugenia_biflora,-0.6971552019574841,2.7669478423496954,-0.8603830999358592,AM
Eugenia_lambertiana,-1.1301029557594804,3.339676525013905,-0.941608539858445,AM
Eugenia_lisboae,-1.1056369036050742,3.038791763014438,-0.7657178733947807,AM
Eugenia_patrisii,-0.8029620465671519,2.6004649904222727,-0.6655320135269719,AM
Eugenia_protenta,-0.7874578600311866,2.961140828784372,-0.8255363686056909,AM
Eugenia_pseudopsidium,-0.818710403535291,2.0068708488450007,-0.2836900511822435,AM
Eugenia_pusilliflora,-0.5041810810473222,1.430311246536665,-0.5361434317502807,AM
Eugenia_spruceana,-0.8509712657535126,2.7638002162067017,-0.9063404010209869,AM
Faramea_capillipes,-1.04412410338404,3.17220341666977,-0.7721903879003982,AM
Faramea_platyneura,-0.7360546815712219,3.2767673032839784,-0.9314043696842031,AM
Faramea_torquata,-1.579879110192556,4.173001695045377,-0.9187938620922735,AM
Ferdinandusa_hirsuta,-0.6891551592904078,3.2371085931292605,-1.4312917270506265,AM
Ferdinandusa_rudgeoides,-1.1116975282167652,3.8057732055854356,-1.443923473956527,AM
Helicostylis_scabra,-1.0328245481301066,3.8726582819058692,-1.4567168254164364,AM
Inga_alba,-0.527632742082372,2.540814281726296,-0.9187938620922735,AM
Inga_auristellae,-0.770028224895903,2.966303462863179,-1.152013065395225,AM
Inga_bicoloriflora,-0.5191938734365074,2.5718485799218085,-1.0244328904938582,AM
Inga_brevipes,-0.8989420935395421,3.1432898379116057,-1.0244328904938582,AM
Inga_cayennensis,-0.6871651088823978,2.854168709232204,-1.2378743560016174,AM
Inga_cordatoalata,-0.2930296787783762,2.0241930674493576,-0.8347107448817322,AM
Inga_gracilifolia,-0.5960204698292225,2.5217206229107165,-0.8603830999358592,AM
Calliandra_houstoniana,-0.7507762933965817,3.1599747169480397,-1.1116975282167652,AM
Inga_huberi,-0.7507762933965817,2.9882040071331994,-1.2378743560016174,AM
Inga_lateriflora,-0.33547273628812946,2.3608540011180215,-1.2517634681622845,AM
Inga_macrophylla,-0.8556661100577202,3.2375012889913655,-1.2344320118106447,AM
Inga_marginata,-0.6254885320861304,2.6390573296152584,-1.0729445419195318,AM
Inga_ruiziana,-0.6597124044737079,2.9090844668283187,-1.2378743560016174,AM
Inga_obidensis,-0.5208759596194922,2.2905125117597764,-0.9238189982949466,AM
Inga_paraensis,-0.6891551592904078,2.702702594775615,-0.991553216374702,AM
Inga_splendens,-0.6635883783184009,2.545531271604435,-0.941608539858445,AM
Inga_stipularis,-0.6733445532637656,2.9052603703899154,-1.2310014767138553,AM
Inga_suberosa,-0.9187938620922735,3.5920931854262443,-1.5005835075220182,AM
Inga_suberosa,-0.789658080940789,3.044998514856909,-1.2006450142332614,AM
Inga_thibaudiana,-0.5727010274840783,2.6837575085331657,-1.0244328904938582,AM
Inga_umbellifera,-0.7011793522572096,2.8898160479624417,-1.0671136216087387,AM
Inga_umbratica,-0.7571525105358577,2.7750856024383683,-0.9493305859523552,AM
Ixora_intensa,-0.6597124044737079,2.7978909051019993,-0.9364934391916745,AM
Ixora_panurensis,-0.6217571844732723,2.658159431488745,-1.1679623668029029,AM
Kubitzkia_mezii,-0.4780358009429998,2.355177543113216,-1.0847093834991182,AM
Kutchubaea_semisericea,-0.7678707267558817,2.89480635496403,-1.1026203100656484,AM
Kutchubaea_sericantha,-0.8580218237501793,3.138099514840913,-1.0023934309275668,AM
Hymenopus_adolphoduckei,-0.7635696448564911,2.8419981736119486,-0.8393296907380268,AM
Licania_bracteata,-0.8891620644859025,2.7212954278522306,-0.6014799920341214,AM
Hymenopus_caudatus,-0.7985076962177716,2.7880929087757464,-0.8580218237501793,AM
Licania_gracilipes,-0.6753072624316143,2.3832429960115,-0.4124897230451288,AM
Leptobalanus_granvillei,-0.5041810810473222,2.5900171341906173,-1.4524341636244356,AM
Licania_hypoleuca,-1.0613165039244128,3.177220149599368,-0.7765287894989963,AM
Leptobalanus_latus,-0.8096809968158968,2.3933394562625097,-0.47160491061270937,AM
Leptobalanus_longistylus,-0.8843076860211043,3.1250046092581303,-0.9288695140810151,AM
Hymenopus_macrophyllus,-0.8301130356331028,2.825536896557877,-0.7444404749474959,AM
Licania_micrantha,-0.8580218237501793,3.054001181677967,-0.7678707267558817,AM
Licania_niloi,-0.6443570163905132,2.052840859882657,-0.6462635946610948,AM
Leptobalanus_octandrus,-0.9675840262617056,3.078693794268338,-0.5691612007789542,AM
Licania_parviflora,-0.7133498878774648,2.124653884501384,-0.4636240222816965,AM
Hymenopus_reticulatus,-0.6772738314036552,2.703372611551099,-0.6443570163905132,AM
Licania_rodriguesii,-1.1488535051048565,2.4612967841488667,-0.33547273628812946,AM
Hymenopus_sothersiae,-0.8627499649461253,2.644044871126298,-0.6143360001356555,AM
Leptobalanus_sprucei,-1.0133524447172864,3.1432898379116057,-0.7174398731289899,AM
Licaria_chrysophylla,-0.40346710544549125,1.5644405465033646,-0.5762534290884459,AM
Licaria_guianensis,-0.4764241970486583,2.254444717666111,-1.0216512475319814,AM
Licaria_hirsuta,-0.3285040669720361,2.528125768907977,-1.4312917270506265,AM
Licaria_macrophylla,-0.5058380822549516,2.0373166153791646,-0.8370175509796473,AM
Licaria_oppositifolia,-0.5727010274840783,2.4150205223238337,-0.9781661355922425,AM
Maquira_calophylla,-0.06613980250454495,1.144222799920162,-0.9996723408132061,AM
Maquira_coriacea,-0.9996723408132061,3.3628029936748436,-1.0328245481301066,AM
Maquira_sclerophylla,-0.5691612007789542,2.2965670206684825,-0.818710403535291,AM
Eumachia_astrellantha,-1.1615520884419839,3.2156706939192525,-0.9728610833625494,AM
Eumachia_podocephala,-0.3960099493374092,1.6601310267496185,-0.9014021193804044,AM
Myrcia_caudata,-0.9137938516755678,2.8384934971274993,-0.6558513958162484,AM
Myrcia_ferruginea,-1.0876723486297752,3.022860940942244,-0.5603660693261269,AM
Myrcia_umbraticola,-1.6245515502441485,3.9606226752642084,-0.6713856887784326,AM
Mezilaurus_ita-uba,-0.3624056186477175,2.558776498354456,-1.5186835491656363,AM
Micropholis_casiquiarensis,-0.3243460568233724,1.9851308622085946,-0.8940401229393353,AM
Micropholis_cylindrocarpa,-0.6348782724359695,2.653241964607215,-0.8746690571833357,AM
Micropholis_egensis,-0.5869869847315546,1.9401794743463283,-0.5464528014091419,AM
Micropholis_guyanensis,-0.5673959752543851,2.523325759691945,-0.9288695140810151,AM
Micropholis_mensalis,-0.9702190738997107,3.370738174177447,-0.8675005677047231,AM
Micropholis_trunciflora,-0.36096986822161325,1.682688374173693,-0.6694306539426292,AM
Micropholis_venulosa,-0.5447271754416722,2.402430427963762,-0.8818893051568227,AM
Myrcia_bracteata,-1.2801341652915,2.9128939952449864,-0.38272562113867487,AM
Myrcia_citrifolia,-1.1363141558521213,3.5010427166318716,-0.7787050689215919,AM
Myrcia_fenestrata,-1.018877320649256,2.962692419475791,-0.5905905922348531,AM
Myrcia_grandis,-0.9571127263944101,3.359680701459222,-0.616186139423817,AM
Myrcia_integra,-0.8370175509796473,2.373043556642607,-0.6851790109107684,AM
Myrcia_splendens,-0.9728610833625494,2.5687881337687024,-0.5344354894051245,AM
Myrcia_paivae,-0.7592869830644903,2.994231147427724,-0.9545119446943529,AM
Myrcia_servata,-0.9781661355922425,2.9069010598473755,-0.623621117911335,AM
Myrcia_subsericea,-0.9781661355922425,2.6803363625346943,-0.5568695622673976,AM
Myrcia_sylvatica,-1.0384583658483626,3.1188344706879745,-0.7381445464906811,AM
Myrciaria_floribunda,-1.1086626245216111,2.922623801733353,-0.5621189181535413,AM
Myrcia_grandis,-0.8675005677047231,3.027230940613362,-0.6405547304407747,AM
Myrciaria_tenella,-0.7507762933965817,2.010894999144726,-0.6386589952758756,AM
Naucleopsis_caloneura,-1.0498221244986778,3.558485990180341,-1.018877320649256,AM
Naucleopsis_imitans,-1.07587280169862,2.9512577834521614,-0.8096809968158968,AM
Naucleopsis_insculptula,-0.5978370007556204,1.9487632180377197,-0.6655320135269719,AM
Naucleopsis_krukovii,-1.5141277326297755,3.9460378840154235,-0.8209805520698302,AM
Naucleopsis_ternstroemiiflora,-0.715392789507265,2.613006652415316,-0.8915981192837836,AM
Ocotea_amazonica,-0.791863153499103,3.169685580677429,-1.2801341652915,AM
Ocotea_argyrophylla,-0.5361434317502807,2.7713379403381286,-1.2173958246580767,AM
Ocotea_boissieriana,-0.35953617621976464,2.3504224224082058,-1.2039728043259361,AM
Ocotea_cujumary,-0.6348782724359695,2.9569914452375605,-1.3783261914707137,AM
Ocotea_aurantiodora,-0.6772738314036552,2.911263116927541,-1.1615520884419839,AM
Ocotea_myriantha,-0.1947990783050673,2.3702437414678603,-1.4828052615007343,AM
Ocotea_nigrescens,-0.6991652528855083,2.6905648867611904,-0.9942522733438669,AM
Ocotea_olivacea,-0.2119563619236453,2.172476407647025,-1.4610179073158271,AM
Ocotea_pauciflora,-0.008032171697264267,1.8809906029559975,-1.4312917270506265,AM
Ocotea_percurrens,-0.2744368457017603,2.0082140323914683,-1.0788096613719298,AM
Ocotea_aciphylla,-0.2783920255446883,2.175887439948088,-1.1239300966523995,AM
Ocotea_scabrella,-0.320205264157341,2.203869120054888,-1.2909841813155656,AM
Ocotea_splendens,-0.5293290953305504,2.4782176616372036,-1.1363141558521213,AM
Pachira_insignis,-0.2395270305647338,2.567254391136754,-1.5558971455060706,AM
Pachira_macrocalyx,-0.18512548412668892,2.194999882314108,-1.1270117631898076,AM
Pachira_minor,-0.4748151862429576,2.613006652415316,-1.5371172508544744,AM
Pagamea_macrophylla,-0.6831968497067772,3.087399462079815,-1.4740332754278973,AM
Palicourea_corymbifera,-0.9755100915341263,3.5516268606875596,-1.1457038962019601,AM
Palicourea_virens,-0.6597124044737079,2.1972245773362196,-0.9238189982949466,AM
Pouteria_caimito,-0.709276562489829,2.900871992530031,-1.3205066205818874,AM
Pouteria_cuspidata,-0.789658080940789,2.771963526845863,-0.9649559038554361,AM
Protium_altsonii,-0.7031975164134467,2.8936995479888394,-1.0788096613719298,AM
Protium_amazonicum,-0.8603830999358592,2.421256622711544,-0.6329932577401982,AM
Protium_apiculatum,-0.8698843590599994,2.9279886214674717,-0.9441759353636907,AM
Protium_aracouchini,-0.8141855089370014,2.2823823856765264,-0.6051363032372319,AM
Protium_calanense,-0.8324092478934529,2.731115474033206,-0.7031975164134467,AM
Protium_calendulinum,-1.18090753139494,3.5254777821724925,-0.7256703722655053,AM
Protium_crassipetalum,-0.6971552019574841,2.7713379403381286,-0.9038682118755978,AM
Protium_decandrum,-0.715392789507265,2.8100049236252036,-1.1147416705979933,AM
Protium_divaricatum,-0.6051363032372319,2.7498317351171653,-1.2039728043259361,AM
Protium_elegans,-0.6033064765601558,2.372111155642656,-0.7113111511876165,AM
Protium_ferrugineum,-0.7787050689215919,3.1463051320333655,-1.3318061758358208,AM
Protium_gallosum,-0.8580218237501793,2.990719731730447,-1.0817551716016867,AM
Protium_grandifolium,-0.7215466550816433,3.0516399054922867,-1.1488535051048565,AM
Protium_hebetatum,-0.5091603444469295,2.1447610078004784,-0.7339691750802004,AM
Protium_heptaphyllum,-0.6558513958162484,2.4570214462984645,-0.8915981192837836,AM
Protium_laxiflorum,-0.5361434317502807,2.136530508663963,-0.8007323912398827,AM
Protium_occultum,-0.6180397080731398,2.4362414778067194,-0.6143360001356555,AM
Protium_opacum,-0.8096809968158968,3.046425387869509,-1.1056369036050742,AM
Protium_paniculatum,-0.5780343734594406,2.4518667957098,-0.9390477189967712,AM
Protium_pilosissimum,-0.9213032736976993,3.3243163373261977,-1.1841701770297564,AM
Protium_pilosum,-0.43540898448123644,3.11529150861163,-1.6044503709230613,AM
Protium_spruceanum,-0.8462983600541201,3.147594622863237,-1.1177951080848836,AM
Protium_strumosum,-0.780886094867952,3.0032042883926917,-1.0106014113453965,AM
Protium_subserratum,-0.7402387880937958,2.7498317351171653,-0.8051966843685682,AM
Protium_tenuifolium,-0.7743572359854884,2.9231615807191558,-0.9649559038554361,AM
Protium_trifoliolatum,-0.8891620644859025,3.1250046092581303,-0.9781661355922425,AM
Protium_unifoliolatum,-0.4079682383262829,2.0451088625993306,-0.6792442753909539,AM
Protium_urophyllidium,-0.8255363686056909,2.6878474937846906,-0.7940730991499059,AM
Pseudolmedia_laevigata,-0.4400565528777834,2.3427668826268775,-1.0078579253996456,AM
Pseudolmedia_laevis,-1.155182640156504,3.5186840771178223,-0.7985076962177716,AM
Palicourea_amplectens,-1.5005835075220182,4.032646447751885,-0.8119307165499123,AM
Palicourea_hoffmannseggiana,-0.709276562489829,2.740840023925201,-0.7787050689215919,AM
Carapichea_pacimonica,-0.7787050689215919,3.258096538021482,-1.4567168254164364,AM
Palicourea_dichotoma,-0.8209805520698302,2.9811261211646287,-1.1026203100656484,AM
Psychotria_rhombibractea,-0.9014021193804044,2.512035317176253,-0.7277386253295643,AM
Palicourea_spicata,-0.6367668471238376,1.9933388426264242,-0.5905905922348531,AM
Chassalia_subnuda,-1.1147416705979933,3.385067999732272,-1.0023934309275668,AM
Rhodostemonodaphne_crenaticupula,-0.3523983871714722,2.0781907597781832,-0.9623346703755619,AM
Rhodostemonodaphne_paniculata,-0.33687231664255274,1.541159071680806,-0.7360546815712219,AM
Rhodostemonodaphne_parvifolia,-0.0010005003335835344,1.4279160358107101,-0.8989420935395421,AM
Rudgea_cornifolia,-1.05268335677971,3.303584552795155,-1.0906441190189327,AM
Rudgea_lanceifolia,-0.6106459590482015,3.688129172723232,-2.1037342342488805,AM
Scleronema_micranthum,-0.30381145438166457,2.0693912058263346,-1.0078579253996456,AM
Simira_rubescens,-1.1776554960085626,3.1023420086122493,-0.5942072327050416,AM
Sorocea_guilleminiana,-0.9314043696842031,3.416085994155906,-0.8867319296326107,AM
Sorocea_pubivena,-1.2909841813155656,3.0726933146901194,-0.3024573580339353,AM
Sorocea_muriculata,-0.44161055474451766,2.1447610078004784,-0.7571525105358577,AM
Stachyarrhena_acuminata,-0.9781661355922425,3.0392705755684744,-0.8770700187208739,AM
Trymatococcus_amazonicus,-0.5430045221302259,2.0095554142156695,-0.6329932577401982,AM
Zygia_inaequalis,-1.0023934309275668,3.264231526588998,-1.016111067156366,AM
Handroanthus_ochraceus,-0.5696295082976632,2.9423160109474766,-1.6801087820442109,AM
Handroanthus_ochraceus,-0.6221390078240806,2.9306551935529592,-1.6386682824654082,AM
Handroanthus_ochraceus,-0.3109916418874049,2.3606422513421292,-1.6508543335908676,AM
Handroanthus_ochraceus,-0.31430534757222317,2.3602179262237613,-1.6655804771294354,AM
Handroanthus_ochraceus,-0.41610501166194686,2.5868641326924937,-1.677931139121449,AM
Handroanthus_ochraceus,-0.38387437454492823,2.210113718217121,-1.5011862676207293,AM
Handroanthus_ochraceus,-0.41344486182443635,2.63228991796756,-1.7246846472225172,AM
Handroanthus_ochraceus,-0.5628156520443084,2.41143577233865,-1.3737468356015157,AM
Handroanthus_ochraceus,-0.32678055307576215,2.4076976890223403,-1.6697852023980688,AM
Handroanthus_ochraceus,-0.42490178237332343,2.3539414825410545,-1.4684345496358902,AM
Handroanthus_ochraceus,-0.3111950144605165,2.4442643630776626,-1.7308234286133704,AM
Handroanthus_ochraceus,-0.25570548343959165,2.115183959928783,-1.5251725619097032,AM
Handroanthus_ochraceus,-0.18964712335672793,2.163294108115993,-1.6722992275350483,AM
Handroanthus_ochraceus,-0.29302029544438374,2.125555342343325,-1.454934209212648,AM
Handroanthus_ochraceus,-0.4433944154849538,2.5231923706837573,-1.571365526625593,AM
Handroanthus_ochraceus,-0.3649202719927518,2.409396298991626,-1.5847185782495343,AM
Handroanthus_ochraceus,-0.3546028065846966,2.4193376378771467,-1.601540915952594,AM
Handroanthus_ochraceus,-0.21856903040782227,2.2783738731306,-1.748333816928346,AM
Handroanthus_ochraceus,-0.5264808633765639,2.809898745200997,-1.6659620374777258,AM
Handroanthus_ochraceus,-0.23272430047110734,2.2611528055120864,-1.7759982917170993,AM
Handroanthus_ochraceus,-0.27958428157416876,2.411072538207971,-1.7502402630963114,AM
Handroanthus_ochraceus,-0.3709491951910039,2.4984049727959343,-1.6458154025793725,AM
Handroanthus_ochraceus,-0.2982847493697157,2.094296265052559,-1.41355285717552,AM
Handroanthus_ochraceus,-0.390536102341563,2.5954237090931107,-1.7528443489173566,AM
Handroanthus_ochraceus,-0.3169927988000278,2.5094014696479476,-1.8028063863522337,AM
Handroanthus_ochraceus,-0.4097984836324367,2.5691992186104087,-1.6648767508857358,AM
Handroanthus_ochraceus,-0.23946858246345454,2.2041214354612966,-1.634473549975804,AM
Handroanthus_ochraceus,-0.3040865599704146,2.157587047727027,-1.4621619235218608,AM
Handroanthus_ochraceus,-0.3133035162723558,2.1632492505254266,-1.4257334373126451,AM
Handroanthus_ochraceus,-0.6088097086035409,2.8145587553115217,-1.5424708067592146,AM
Handroanthus_ochraceus,-0.32037332235546384,2.2296202211905647,-1.4973736958737105,AM
Handroanthus_ochraceus,-0.7466028111121792,3.3196165944727456,-1.752459838035038,AM
Handroanthus_ochraceus,-0.8445050971167873,3.3508215063170335,-1.587830874850082,AM
Handroanthus_ochraceus,-0.6393031420878343,2.527381767546776,-1.2484566410475035,AM
Handroanthus_ochraceus,-0.27051035394346173,2.45428778694737,-1.8625237301278301,AM
Handroanthus_ochraceus,-0.7495905559831573,2.9883624988548387,-1.5141555557441075,AM
Handroanthus_ochraceus,-0.6022247948783571,2.8669181252169866,-1.6431947883689249,AM
Handroanthus_ochraceus,-0.6917841099629043,2.874408172406477,-1.5362289850142947,AM
Handroanthus_ochraceus,-0.3874199065332579,2.734714182438431,-1.8410739921495116,AM
Handroanthus_ochraceus,-0.8834267182549822,3.3976557130179827,-1.5551879136581244,AM
Handroanthus_ochraceus,-0.6044277631022974,2.7890323633500755,-1.538270082551513,AM
Handroanthus_ochraceus,-0.23038092805758173,1.9924999989335568,-1.4378100718190627,AM
Handroanthus_ochraceus,-0.21782894886556986,2.1104340248115574,-1.5858537871595804,AM
Handroanthus_ochraceus,-0.31199389088678375,2.395364066542469,-1.646166872982988,AM
Handroanthus_ochraceus,-0.4679752877219332,2.291174182584675,-1.3305477104598984,AM
Handroanthus_ochraceus,-0.42126832372386885,2.4021154815407644,-1.5002511726168517,AM
Handroanthus_ochraceus,-0.4399230214208344,2.3605294361883717,-1.5032383918393701,AM
Handroanthus_ochraceus,-0.34352746632690534,2.0673321985097335,-1.301530897462004,AM
Handroanthus_ochraceus,-0.3493036076879787,2.404325334660952,-1.618790976286719,AM
Handroanthus_ochraceus,-0.3068050907344902,2.1236276447163003,-1.4283250024261573,AM
Handroanthus_ochraceus,-0.3994631559125299,2.184752236496625,-1.321315232064246,AM
Handroanthus_ochraceus,-0.3499078921683128,2.5795403963174595,-1.783853539610987,AM
Handroanthus_ochraceus,-0.44231064422898697,2.187528769651504,-1.233002408750682,AM
Handroanthus_ochraceus,-0.2631676871250585,2.217785537722333,-1.614162988042328,AM
Handroanthus_ochraceus,-0.4968060258660844,2.695778907143419,-1.6778329269588605,AM
Handroanthus_ochraceus,-0.2022067634997199,2.010737785850282,-1.5850317457434875,AM
Handroanthus_ochraceus,-0.534391121788699,2.6316984277647566,-1.5123008750779314,AM
Handroanthus_ochraceus,-0.3729204766324379,2.275694847017899,-1.5115807380668933,AM
Handroanthus_ochraceus,-0.35854383207990115,2.4944983998571124,-1.6469391922604655,AM
Handroanthus_ochraceus,-0.27395801299202116,2.2336504101355317,-1.563144252415707,AM
Handroanthus_ochraceus,-0.38781037411946395,2.291033642546727,-1.4818922511088215,AM
Handroanthus_ochraceus,-0.5226182172099464,2.2526331161115185,-1.161987870282057,AM
Handroanthus_ochraceus,-0.3534672369931019,2.3295690452887032,-1.541608853247371,AM
Handroanthus_ochraceus,-0.46425697295017104,2.6579153414348986,-1.6595913566977005,AM
Handroanthus_ochraceus,-0.6085964952570482,3.179267472752644,-1.8693639133835218,AM
Handroanthus_ochraceus,-0.34539169700397476,2.2195888623959172,-1.4927450485768892,AM
Handroanthus_ochraceus,-0.4059822417987451,2.7274432052986155,-1.79499396457282,AM
Handroanthus_ochraceus,-0.33249953824752476,2.0702121403582625,-1.3875388431665439,AM
Handroanthus_ochraceus,-0.44635585499180913,2.521049058505989,-1.527950123240151,AM
Handroanthus_ochraceus,-0.33758545602006435,1.9395505800820552,-1.2656709365235055,AM
Handroanthus_ochraceus,-0.49425042122888385,2.326424908885927,-1.2812701159946631,AM
Handroanthus_ochraceus,-0.5152604430561033,2.7249157107915596,-1.7076339267561875,AM
Handroanthus_ochraceus,-0.48124254997434257,2.314007868970601,-1.2972438998097873,AM
Handroanthus_ochraceus,-0.5118111091972835,2.633437835507091,-1.5726035009660315,AM
Handroanthus_ochraceus,-0.37543117604022813,2.455869485702946,-1.7119378733825525,AM
Handroanthus_ochraceus,-0.49544452172768844,2.6652181349631188,-1.6031396780176013,AM
Handroanthus_ochraceus,-0.36401611019562524,2.2769952349818614,-1.5138056481409172,AM
Handroanthus_ochraceus,-0.33253440008657403,2.304567737255346,-1.5750213312422257,AM
Handroanthus_ochraceus,-0.1041268325134677,1.8594971754801481,-1.69238213334559,AM
Handroanthus_ochraceus,-0.2927669787026125,2.017343536858174,-1.4306674533307728,AM
Handroanthus_ochraceus,-0.4347615897587637,2.629704017018363,-1.6745627600941442,AM
Handroanthus_ochraceus,-0.4269763242112476,2.4898499357592465,-1.5108274255484007,AM
Handroanthus_ochraceus,-0.3503890274866102,2.262731200753188,-1.4697626085945599,AM
Handroanthus_ochraceus,-0.46028619679842464,2.596492290833925,-1.5320208873115104,AM
Handroanthus_ochraceus,-0.301021312509803,2.161616949530754,-1.4957009042522298,AM
Handroanthus_ochraceus,-0.30236805214361123,2.181074909292715,-1.4777311653382172,AM
Handroanthus_ochraceus,-0.4056161195098122,2.2601000741233674,-1.4767501899741877,AM
Handroanthus_ochraceus,-0.44656839218661804,2.338209613938668,-1.3267755891182684,AM
Handroanthus_ochraceus,-0.2959091556161694,2.1203042981293123,-1.4688483821695053,AM
